{
    "$schema": "http://json-schema.org/schema#",
    "type": "object",
    "properties": {
        "expression": {
            "type": "object",
            "properties": {
                "expressionLanguage": {
                    "type": "string"
                },
                "iri": {
                    "type": "string"
                },
                "expressionValue": {
                    "type": "string"
                },
                "@baseType": {
                    "type": "string"
                },
                "@schemaLocation": {
                    "type": "string"
                },
                "@type": {
                    "type": "string"
                }
            },
            "required": [
                "@type",
                "expressionLanguage"
            ]
        },
        "name": {
            "type": "string"
        }
    },
    "required": [
        "expression",
        "name"
    ]
}