{"info":{"_postman_id":"acc009b1-602e-4210-9391-04fb38ee128a","name":"CTK-Entity_Catalog-4.0.0","schema":"https://schema.getpostman.com/json/collection/v2.1.0/collection.json"},"item":[{"name":"N1","item":[{"name":"/EntitySpecification","event":[{"listen":"test","script":{"exec":["var jsonData = pm.response.json();","","if (Array.isArray(jsonData)) { ","  ","    pm.test('Array not expected as response', function (){pm.expect.fail()});","  ","","}","","pm.test(\"Status code is 201\", function () {","  pm.response.to.have.status(201);","});","","var instance = pm.response.json();","var requiredAttributes = ['href', 'id', 'lastUpdate', 'name', '@type'];","","pm.test('Instance has all mandatory attributes', function () { pm.expect(Object.keys(instance)).to.include.members(requiredAttributes) });","","","","pm.test('Response has href attribute', function() { pm.expect(instance[\"href\"]).to.be.a('string'); });","pm.test('Response has id attribute', function() { pm.expect(instance[\"id\"]).to.be.a('string'); });","pm.test('Response has lastUpdate attribute', function() { pm.expect(instance[\"lastUpdate\"]).to.be.a('string'); });","pm.test('Response has name attribute', function() { pm.expect(instance[\"name\"]).to.be.a('string'); });","pm.test('Response has @type attribute', function() { pm.expect(instance[\"@type\"]).to.be.a('string'); });","","pm.globals.set('HREFES01', instance['href']);","pm.globals.set('IDES01', instance['id']);","pm.globals.set('LASTUPDATEES01', instance['lastUpdate']);","pm.globals.set('NAMEES01', instance['name']);","","pm.test('Body includes value held on href', function () {","  pm.expect(pm.response.text()).to.include(instance['href']);","});","pm.test('Body includes value held on id', function () {","  pm.expect(pm.response.text()).to.include(instance['id']);","});","pm.test('Body includes value held on lastUpdate', function () {","  pm.expect(pm.response.text()).to.include(instance['lastUpdate']);","});","pm.test('Body includes value held on name', function () {","  pm.expect(pm.response.text()).to.include(instance['name']);","});",""],"type":"text/javascript"}}],"request":{"method":"POST","header":[{"key":"Accept","value":"application/json"},{"key":"Content-Type","value":"application/json"}],"body":{"mode":"raw","raw":"{\n  \"name\": \"TOSCA Node Template\",\n  \"@type\": \"ToscaNodeTemplate\"\n}"},"url":{"raw":"{{Entity_Catalog}}entitySpecification","host":["{{Entity_Catalog}}entitySpecification"]},"description":"This operation creates a EntitySpecification"},"response":[]},{"name":"/EntitySpecification","event":[{"listen":"test","script":{"exec":["pm.test(\"Status code is 200\", function () {","    pm.response.to.have.status(200);","});","  ","  ","  ","var jsonData = pm.response.json();","  ","if (Array.isArray(jsonData) && (jsonData.length > 0)) {","    jsonData.forEach(function (instance, index) {","      ","        var requiredAttributes = ['href', 'id', 'lastUpdate', 'name', '@type'];","      ","        pm.test('Instance has all mandatory attributes', function () { pm.expect(Object.keys(instance)).to.include.members(requiredAttributes) });","      ","      ","      ","        pm.test('Response has href attribute', function() { pm.expect(instance[\"href\"]).to.be.a('string'); });","        pm.test('Response has id attribute', function() { pm.expect(instance[\"id\"]).to.be.a('string'); });","        pm.test('Response has lastUpdate attribute', function() { pm.expect(instance[\"lastUpdate\"]).to.be.a('string'); });","        pm.test('Response has name attribute', function() { pm.expect(instance[\"name\"]).to.be.a('string'); });","        pm.test('Response has @type attribute', function() { pm.expect(instance[\"@type\"]).to.be.a('string'); });","      ","        pm.test('Body includes value held on href', function () {","            pm.expect(pm.response.text()).to.include(instance['href']);","        });","        pm.test('Body includes value held on id', function () {","            pm.expect(pm.response.text()).to.include(instance['id']);","        });","        pm.test('Body includes value held on lastUpdate', function () {","            pm.expect(pm.response.text()).to.include(instance['lastUpdate']);","        });","        pm.test('Body includes value held on name', function () {","            pm.expect(pm.response.text()).to.include(instance['name']);","        });","        // Individualized tests","        if (instance.id == pm.globals.get(\"IDES01\")) {","            pm.test('href is ' + pm.globals.get(\"HREFES01\"), function() {pm.expect(instance['href']) == pm.globals.get('HREFES01');});","            pm.test('id is ' + pm.globals.get(\"IDES01\"), function() {pm.expect(instance['id']) == pm.globals.get('IDES01');});","            pm.test('lastUpdate is ' + pm.globals.get(\"LASTUPDATEES01\"), function() {pm.expect(instance['lastUpdate']) == pm.globals.get('LASTUPDATEES01');});","            pm.test('name is ' + pm.globals.get(\"NAMEES01\"), function() {pm.expect(instance['name']) == pm.globals.get('NAMEES01');});","        }","        if (instance.id == pm.globals.get(\"IDES02\")) {","            pm.test('href is ' + pm.globals.get(\"HREFES02\"), function() {pm.expect(instance['href']) == pm.globals.get('HREFES02');});","            pm.test('id is ' + pm.globals.get(\"IDES02\"), function() {pm.expect(instance['id']) == pm.globals.get('IDES02');});","            pm.test('lastUpdate is ' + pm.globals.get(\"LASTUPDATEES02\"), function() {pm.expect(instance['lastUpdate']) == pm.globals.get('LASTUPDATEES02');});","            pm.test('name is ' + pm.globals.get(\"NAMEES02\"), function() {pm.expect(instance['name']) == pm.globals.get('NAMEES02');});","        }  ","    });","  }","  else {","    var instance = pm.response.json();","    var requiredAttributes = ['href', 'id', 'lastUpdate', 'name', '@type'];","      ","        pm.test('Instance has all mandatory attributes', function () { pm.expect(Object.keys(instance)).to.include.members(requiredAttributes) });","      ","      ","      ","        pm.test('Response has href attribute', function() { pm.expect(instance[\"href\"]).to.be.a('string'); });","        pm.test('Response has id attribute', function() { pm.expect(instance[\"id\"]).to.be.a('string'); });","        pm.test('Response has lastUpdate attribute', function() { pm.expect(instance[\"lastUpdate\"]).to.be.a('string'); });","        pm.test('Response has name attribute', function() { pm.expect(instance[\"name\"]).to.be.a('string'); });","        pm.test('Response has @type attribute', function() { pm.expect(instance[\"@type\"]).to.be.a('string'); });","      ","        pm.test('Body includes value held on href', function () {","            pm.expect(pm.response.text()).to.include(instance['href']);","        });","        pm.test('Body includes value held on id', function () {","            pm.expect(pm.response.text()).to.include(instance['id']);","        });","        pm.test('Body includes value held on lastUpdate', function () {","            pm.expect(pm.response.text()).to.include(instance['lastUpdate']);","        });","        pm.test('Body includes value held on name', function () {","            pm.expect(pm.response.text()).to.include(instance['name']);","        });","        // Individualized tests","        if (instance.id == pm.globals.get(\"IDES01\")) {","            pm.test('href is ' + pm.globals.get(\"HREFES01\"), function() {pm.expect(instance['href']) == pm.globals.get('HREFES01');});","            pm.test('id is ' + pm.globals.get(\"IDES01\"), function() {pm.expect(instance['id']) == pm.globals.get('IDES01');});","            pm.test('lastUpdate is ' + pm.globals.get(\"LASTUPDATEES01\"), function() {pm.expect(instance['lastUpdate']) == pm.globals.get('LASTUPDATEES01');});","            pm.test('name is ' + pm.globals.get(\"NAMEES01\"), function() {pm.expect(instance['name']) == pm.globals.get('NAMEES01');});","        }","        if (instance.id == pm.globals.get(\"IDES02\")) {","            pm.test('href is ' + pm.globals.get(\"HREFES02\"), function() {pm.expect(instance['href']) == pm.globals.get('HREFES02');});","            pm.test('id is ' + pm.globals.get(\"IDES02\"), function() {pm.expect(instance['id']) == pm.globals.get('IDES02');});","            pm.test('lastUpdate is ' + pm.globals.get(\"LASTUPDATEES02\"), function() {pm.expect(instance['lastUpdate']) == pm.globals.get('LASTUPDATEES02');});","            pm.test('name is ' + pm.globals.get(\"NAMEES02\"), function() {pm.expect(instance['name']) == pm.globals.get('NAMEES02');});","        }","   ","  }","  ","  "],"type":"text/javascript"}}],"request":{"method":"GET","header":[{"key":"Accept","value":"application/json"},{"key":"Content-Type","value":"application/json"}],"url":{"raw":"{{Entity_Catalog}}entitySpecification","host":["{{Entity_Catalog}}entitySpecification"]},"description":"This operation search for the created EntitySpecification"},"response":[]},{"name":"/EntitySpecification/{{IDES01}}","event":[{"listen":"test","script":{"exec":["pm.test(\"Status code is 200\", function () {","    pm.response.to.have.status(200);","});","  ","  ","  ","var jsonData = pm.response.json();","  ","if (Array.isArray(jsonData) && (jsonData.length > 0)) {","    jsonData.forEach(function (instance, index) {","      ","        var requiredAttributes = ['href', 'id', 'lastUpdate', 'name', '@type'];","      ","        pm.test('Instance has all mandatory attributes', function () { pm.expect(Object.keys(instance)).to.include.members(requiredAttributes) });","      ","      ","      ","        pm.test('Response has href attribute', function() { pm.expect(instance[\"href\"]).to.be.a('string'); });","        pm.test('Response has id attribute', function() { pm.expect(instance[\"id\"]).to.be.a('string'); });","        pm.test('Response has lastUpdate attribute', function() { pm.expect(instance[\"lastUpdate\"]).to.be.a('string'); });","        pm.test('Response has name attribute', function() { pm.expect(instance[\"name\"]).to.be.a('string'); });","        pm.test('Response has @type attribute', function() { pm.expect(instance[\"@type\"]).to.be.a('string'); });","      ","        pm.test('Body includes value held on href', function () {","            pm.expect(pm.response.text()).to.include(instance['href']);","        });","        pm.test('Body includes value held on id', function () {","            pm.expect(pm.response.text()).to.include(instance['id']);","        });","        pm.test('Body includes value held on lastUpdate', function () {","            pm.expect(pm.response.text()).to.include(instance['lastUpdate']);","        });","        pm.test('Body includes value held on name', function () {","            pm.expect(pm.response.text()).to.include(instance['name']);","        });","        // Individualized tests","        if (instance.id == pm.globals.get(\"IDES01\")) {","            pm.test('href is ' + pm.globals.get(\"HREFES01\"), function() {pm.expect(instance['href']) == pm.globals.get('HREFES01');});","            pm.test('id is ' + pm.globals.get(\"IDES01\"), function() {pm.expect(instance['id']) == pm.globals.get('IDES01');});","            pm.test('lastUpdate is ' + pm.globals.get(\"LASTUPDATEES01\"), function() {pm.expect(instance['lastUpdate']) == pm.globals.get('LASTUPDATEES01');});","            pm.test('name is ' + pm.globals.get(\"NAMEES01\"), function() {pm.expect(instance['name']) == pm.globals.get('NAMEES01');});","        }","        if (instance.id == pm.globals.get(\"IDES02\")) {","            pm.test('IDES02 not expected on this test', function () {","                console.log(\"Non expected resource, may happen if there is a collision on attributes\")","            });","        }","          ","    });","  }","  else {","    var instance = pm.response.json();","    var requiredAttributes = ['href', 'id', 'lastUpdate', 'name', '@type'];","      ","        pm.test('Instance has all mandatory attributes', function () { pm.expect(Object.keys(instance)).to.include.members(requiredAttributes) });","      ","      ","      ","        pm.test('Response has href attribute', function() { pm.expect(instance[\"href\"]).to.be.a('string'); });","        pm.test('Response has id attribute', function() { pm.expect(instance[\"id\"]).to.be.a('string'); });","        pm.test('Response has lastUpdate attribute', function() { pm.expect(instance[\"lastUpdate\"]).to.be.a('string'); });","        pm.test('Response has name attribute', function() { pm.expect(instance[\"name\"]).to.be.a('string'); });","        pm.test('Response has @type attribute', function() { pm.expect(instance[\"@type\"]).to.be.a('string'); });","      ","        pm.test('Body includes value held on href', function () {","            pm.expect(pm.response.text()).to.include(instance['href']);","        });","        pm.test('Body includes value held on id', function () {","            pm.expect(pm.response.text()).to.include(instance['id']);","        });","        pm.test('Body includes value held on lastUpdate', function () {","            pm.expect(pm.response.text()).to.include(instance['lastUpdate']);","        });","        pm.test('Body includes value held on name', function () {","            pm.expect(pm.response.text()).to.include(instance['name']);","        });","        // Individualized tests","        if (instance.id == pm.globals.get(\"IDES01\")) {","            pm.test('href is ' + pm.globals.get(\"HREFES01\"), function() {pm.expect(instance['href']) == pm.globals.get('HREFES01');});","            pm.test('id is ' + pm.globals.get(\"IDES01\"), function() {pm.expect(instance['id']) == pm.globals.get('IDES01');});","            pm.test('lastUpdate is ' + pm.globals.get(\"LASTUPDATEES01\"), function() {pm.expect(instance['lastUpdate']) == pm.globals.get('LASTUPDATEES01');});","            pm.test('name is ' + pm.globals.get(\"NAMEES01\"), function() {pm.expect(instance['name']) == pm.globals.get('NAMEES01');});","        }","        if (instance.id == pm.globals.get(\"IDES02\")) {","            pm.test('IDES02 not expected on this test', function () {","                console.log(\"Non expected resource, may happen if there is a collision on attributes\")","            });","        }","","        ","   ","}","  ","  "],"type":"text/javascript"}}],"request":{"method":"GET","header":[{"key":"Accept","value":"application/json"},{"key":"Content-Type","value":"application/json"}],"url":{"raw":"{{Entity_Catalog}}entitySpecification/{{IDES01}}","host":["{{Entity_Catalog}}entitySpecification"],"path":["{{IDES01}}"]},"description":"This operation search for one of the created EntitySpecification"},"response":[]}]},{"name":"N2","item":[{"name":"/EntitySpecification?fields=id","event":[{"listen":"test","script":{"exec":[""],"type":"text/javascript"}}],"request":{"method":"GET","header":[{"key":"Accept","value":"application/json"},{"key":"Content-Type","value":"application/json"}],"url":{"raw":"{{Entity_Catalog}}entitySpecification?fields=id","host":["{{Entity_Catalog}}entitySpecification"],"query":[{"key":"fields","value":"id"}]},"description":"This operation filter a EntitySpecification"},"response":[]},{"name":"/EntitySpecification?id={{IDES01}}","event":[{"listen":"test","script":{"exec":["pm.test(\"Status code is 200\", function () {","    pm.response.to.have.status(200);","});","  ","  ","  ","var jsonData = pm.response.json();","  ","if (Array.isArray(jsonData) && (jsonData.length > 0)) {","    jsonData.forEach(function (instance, index) {","      ","        var requiredAttributes = ['href', 'id', 'lastUpdate', 'name', '@type'];","      ","        pm.test('Instance has all mandatory attributes', function () { pm.expect(Object.keys(instance)).to.include.members(requiredAttributes) });","      ","      ","      ","        pm.test('Response has href attribute', function() { pm.expect(instance[\"href\"]).to.be.a('string'); });","        pm.test('Response has id attribute', function() { pm.expect(instance[\"id\"]).to.be.a('string'); });","        pm.test('Response has lastUpdate attribute', function() { pm.expect(instance[\"lastUpdate\"]).to.be.a('string'); });","        pm.test('Response has name attribute', function() { pm.expect(instance[\"name\"]).to.be.a('string'); });","        pm.test('Response has @type attribute', function() { pm.expect(instance[\"@type\"]).to.be.a('string'); });","      ","        pm.test('Body includes value held on href', function () {","            pm.expect(pm.response.text()).to.include(instance['href']);","        });","        pm.test('Body includes value held on id', function () {","            pm.expect(pm.response.text()).to.include(instance['id']);","        });","        pm.test('Body includes value held on lastUpdate', function () {","            pm.expect(pm.response.text()).to.include(instance['lastUpdate']);","        });","        pm.test('Body includes value held on name', function () {","            pm.expect(pm.response.text()).to.include(instance['name']);","        });","        // Individualized tests","        if (instance.id == pm.globals.get(\"IDES01\")) {","            pm.test('href is ' + pm.globals.get(\"HREFES01\"), function() {pm.expect(instance['href']) == pm.globals.get('HREFES01');});","            pm.test('id is ' + pm.globals.get(\"IDES01\"), function() {pm.expect(instance['id']) == pm.globals.get('IDES01');});","            pm.test('lastUpdate is ' + pm.globals.get(\"LASTUPDATEES01\"), function() {pm.expect(instance['lastUpdate']) == pm.globals.get('LASTUPDATEES01');});","            pm.test('name is ' + pm.globals.get(\"NAMEES01\"), function() {pm.expect(instance['name']) == pm.globals.get('NAMEES01');});","        }","        if (instance.id == pm.globals.get(\"IDES02\")) {","            pm.test('IDES02 not expected on this test', function () {","                console.log(\"Non expected resource, may happen if there is a collision on attributes\")","            });","        }","          ","    });","  }","  else {","    var instance = pm.response.json();","    var requiredAttributes = ['href', 'id', 'lastUpdate', 'name', '@type'];","      ","        pm.test('Instance has all mandatory attributes', function () { pm.expect(Object.keys(instance)).to.include.members(requiredAttributes) });","      ","      ","      ","        pm.test('Response has href attribute', function() { pm.expect(instance[\"href\"]).to.be.a('string'); });","        pm.test('Response has id attribute', function() { pm.expect(instance[\"id\"]).to.be.a('string'); });","        pm.test('Response has lastUpdate attribute', function() { pm.expect(instance[\"lastUpdate\"]).to.be.a('string'); });","        pm.test('Response has name attribute', function() { pm.expect(instance[\"name\"]).to.be.a('string'); });","        pm.test('Response has @type attribute', function() { pm.expect(instance[\"@type\"]).to.be.a('string'); });","      ","        pm.test('Body includes value held on href', function () {","            pm.expect(pm.response.text()).to.include(instance['href']);","        });","        pm.test('Body includes value held on id', function () {","            pm.expect(pm.response.text()).to.include(instance['id']);","        });","        pm.test('Body includes value held on lastUpdate', function () {","            pm.expect(pm.response.text()).to.include(instance['lastUpdate']);","        });","        pm.test('Body includes value held on name', function () {","            pm.expect(pm.response.text()).to.include(instance['name']);","        });","        // Individualized tests","        if (instance.id == pm.globals.get(\"IDES01\")) {","            pm.test('href is ' + pm.globals.get(\"HREFES01\"), function() {pm.expect(instance['href']) == pm.globals.get('HREFES01');});","            pm.test('id is ' + pm.globals.get(\"IDES01\"), function() {pm.expect(instance['id']) == pm.globals.get('IDES01');});","            pm.test('lastUpdate is ' + pm.globals.get(\"LASTUPDATEES01\"), function() {pm.expect(instance['lastUpdate']) == pm.globals.get('LASTUPDATEES01');});","            pm.test('name is ' + pm.globals.get(\"NAMEES01\"), function() {pm.expect(instance['name']) == pm.globals.get('NAMEES01');});","        }","        if (instance.id == pm.globals.get(\"IDES02\")) {","            pm.test('IDES02 not expected on this test', function () {","                console.log(\"Non expected resource, may happen if there is a collision on attributes\")","            });","        }","","        ","   ","}","  ","  "],"type":"text/javascript"}}],"request":{"method":"GET","header":[{"key":"Accept","value":"application/json"},{"key":"Content-Type","value":"application/json"}],"url":{"raw":"{{Entity_Catalog}}entitySpecification?id={{IDES01}}","host":["{{Entity_Catalog}}entitySpecification"],"query":[{"key":"id","value":"{{IDES01}}"}]},"description":"This operation filter a EntitySpecification"},"response":[]},{"name":"/EntitySpecification?fields=lastUpdate","event":[{"listen":"test","script":{"exec":[""],"type":"text/javascript"}}],"request":{"method":"GET","header":[{"key":"Accept","value":"application/json"},{"key":"Content-Type","value":"application/json"}],"url":{"raw":"{{Entity_Catalog}}entitySpecification?fields=lastUpdate","host":["{{Entity_Catalog}}entitySpecification"],"query":[{"key":"fields","value":"lastUpdate"}]},"description":"This operation filter a EntitySpecification"},"response":[]},{"name":"/EntitySpecification?lastUpdate={{LASTUPDATEES01}}","event":[{"listen":"test","script":{"exec":["pm.test(\"Status code is 200\", function () {","    pm.response.to.have.status(200);","});","  ","  ","  ","var jsonData = pm.response.json();","  ","if (Array.isArray(jsonData) && (jsonData.length > 0)) {","    jsonData.forEach(function (instance, index) {","      ","        var requiredAttributes = ['href', 'id', 'lastUpdate', 'name', '@type'];","      ","        pm.test('Instance has all mandatory attributes', function () { pm.expect(Object.keys(instance)).to.include.members(requiredAttributes) });","      ","      ","      ","        pm.test('Response has href attribute', function() { pm.expect(instance[\"href\"]).to.be.a('string'); });","        pm.test('Response has id attribute', function() { pm.expect(instance[\"id\"]).to.be.a('string'); });","        pm.test('Response has lastUpdate attribute', function() { pm.expect(instance[\"lastUpdate\"]).to.be.a('string'); });","        pm.test('Response has name attribute', function() { pm.expect(instance[\"name\"]).to.be.a('string'); });","        pm.test('Response has @type attribute', function() { pm.expect(instance[\"@type\"]).to.be.a('string'); });","      ","        pm.test('Body includes value held on href', function () {","            pm.expect(pm.response.text()).to.include(instance['href']);","        });","        pm.test('Body includes value held on id', function () {","            pm.expect(pm.response.text()).to.include(instance['id']);","        });","        pm.test('Body includes value held on lastUpdate', function () {","            pm.expect(pm.response.text()).to.include(instance['lastUpdate']);","        });","        pm.test('Body includes value held on name', function () {","            pm.expect(pm.response.text()).to.include(instance['name']);","        });","        // Individualized tests","        if (instance.id == pm.globals.get(\"IDES01\")) {","            pm.test('href is ' + pm.globals.get(\"HREFES01\"), function() {pm.expect(instance['href']) == pm.globals.get('HREFES01');});","            pm.test('id is ' + pm.globals.get(\"IDES01\"), function() {pm.expect(instance['id']) == pm.globals.get('IDES01');});","            pm.test('lastUpdate is ' + pm.globals.get(\"LASTUPDATEES01\"), function() {pm.expect(instance['lastUpdate']) == pm.globals.get('LASTUPDATEES01');});","            pm.test('name is ' + pm.globals.get(\"NAMEES01\"), function() {pm.expect(instance['name']) == pm.globals.get('NAMEES01');});","        }","        if (instance.id == pm.globals.get(\"IDES02\")) {","            pm.test('IDES02 not expected on this test', function () {","                console.log(\"Non expected resource, may happen if there is a collision on attributes\")","            });","        }","          ","    });","  }","  else {","    var instance = pm.response.json();","    var requiredAttributes = ['href', 'id', 'lastUpdate', 'name', '@type'];","      ","        pm.test('Instance has all mandatory attributes', function () { pm.expect(Object.keys(instance)).to.include.members(requiredAttributes) });","      ","      ","      ","        pm.test('Response has href attribute', function() { pm.expect(instance[\"href\"]).to.be.a('string'); });","        pm.test('Response has id attribute', function() { pm.expect(instance[\"id\"]).to.be.a('string'); });","        pm.test('Response has lastUpdate attribute', function() { pm.expect(instance[\"lastUpdate\"]).to.be.a('string'); });","        pm.test('Response has name attribute', function() { pm.expect(instance[\"name\"]).to.be.a('string'); });","        pm.test('Response has @type attribute', function() { pm.expect(instance[\"@type\"]).to.be.a('string'); });","      ","        pm.test('Body includes value held on href', function () {","            pm.expect(pm.response.text()).to.include(instance['href']);","        });","        pm.test('Body includes value held on id', function () {","            pm.expect(pm.response.text()).to.include(instance['id']);","        });","        pm.test('Body includes value held on lastUpdate', function () {","            pm.expect(pm.response.text()).to.include(instance['lastUpdate']);","        });","        pm.test('Body includes value held on name', function () {","            pm.expect(pm.response.text()).to.include(instance['name']);","        });","        // Individualized tests","        if (instance.id == pm.globals.get(\"IDES01\")) {","            pm.test('href is ' + pm.globals.get(\"HREFES01\"), function() {pm.expect(instance['href']) == pm.globals.get('HREFES01');});","            pm.test('id is ' + pm.globals.get(\"IDES01\"), function() {pm.expect(instance['id']) == pm.globals.get('IDES01');});","            pm.test('lastUpdate is ' + pm.globals.get(\"LASTUPDATEES01\"), function() {pm.expect(instance['lastUpdate']) == pm.globals.get('LASTUPDATEES01');});","            pm.test('name is ' + pm.globals.get(\"NAMEES01\"), function() {pm.expect(instance['name']) == pm.globals.get('NAMEES01');});","        }","        if (instance.id == pm.globals.get(\"IDES02\")) {","            pm.test('IDES02 not expected on this test', function () {","                console.log(\"Non expected resource, may happen if there is a collision on attributes\")","            });","        }","","        ","   ","}","  ","  "],"type":"text/javascript"}}],"request":{"method":"GET","header":[{"key":"Accept","value":"application/json"},{"key":"Content-Type","value":"application/json"}],"url":{"raw":"{{Entity_Catalog}}entitySpecification?lastUpdate=\"{{LASTUPDATEES01}}\"","host":["{{Entity_Catalog}}entitySpecification"],"query":[{"key":"lastUpdate","value":"\"{{LASTUPDATEES01}}\""}]},"description":"This operation filter a EntitySpecification"},"response":[]},{"name":"/EntitySpecification?fields=name","event":[{"listen":"test","script":{"exec":[""],"type":"text/javascript"}}],"request":{"method":"GET","header":[{"key":"Accept","value":"application/json"},{"key":"Content-Type","value":"application/json"}],"url":{"raw":"{{Entity_Catalog}}entitySpecification?fields=name","host":["{{Entity_Catalog}}entitySpecification"],"query":[{"key":"fields","value":"name"}]},"description":"This operation filter a EntitySpecification"},"response":[]},{"name":"/EntitySpecification?name={{NAMEES01}}","event":[{"listen":"test","script":{"exec":["pm.test(\"Status code is 200\", function () {","    pm.response.to.have.status(200);","});","  ","  ","  ","var jsonData = pm.response.json();","  ","if (Array.isArray(jsonData) && (jsonData.length > 0)) {","    jsonData.forEach(function (instance, index) {","      ","        var requiredAttributes = ['href', 'id', 'lastUpdate', 'name', '@type'];","      ","        pm.test('Instance has all mandatory attributes', function () { pm.expect(Object.keys(instance)).to.include.members(requiredAttributes) });","      ","      ","      ","        pm.test('Response has href attribute', function() { pm.expect(instance[\"href\"]).to.be.a('string'); });","        pm.test('Response has id attribute', function() { pm.expect(instance[\"id\"]).to.be.a('string'); });","        pm.test('Response has lastUpdate attribute', function() { pm.expect(instance[\"lastUpdate\"]).to.be.a('string'); });","        pm.test('Response has name attribute', function() { pm.expect(instance[\"name\"]).to.be.a('string'); });","        pm.test('Response has @type attribute', function() { pm.expect(instance[\"@type\"]).to.be.a('string'); });","      ","        pm.test('Body includes value held on href', function () {","            pm.expect(pm.response.text()).to.include(instance['href']);","        });","        pm.test('Body includes value held on id', function () {","            pm.expect(pm.response.text()).to.include(instance['id']);","        });","        pm.test('Body includes value held on lastUpdate', function () {","            pm.expect(pm.response.text()).to.include(instance['lastUpdate']);","        });","        pm.test('Body includes value held on name', function () {","            pm.expect(pm.response.text()).to.include(instance['name']);","        });","        // Individualized tests","        if (instance.id == pm.globals.get(\"IDES01\")) {","            pm.test('href is ' + pm.globals.get(\"HREFES01\"), function() {pm.expect(instance['href']) == pm.globals.get('HREFES01');});","            pm.test('id is ' + pm.globals.get(\"IDES01\"), function() {pm.expect(instance['id']) == pm.globals.get('IDES01');});","            pm.test('lastUpdate is ' + pm.globals.get(\"LASTUPDATEES01\"), function() {pm.expect(instance['lastUpdate']) == pm.globals.get('LASTUPDATEES01');});","            pm.test('name is ' + pm.globals.get(\"NAMEES01\"), function() {pm.expect(instance['name']) == pm.globals.get('NAMEES01');});","        }","        if (instance.id == pm.globals.get(\"IDES02\")) {","            pm.test('IDES02 not expected on this test', function () {","                console.log(\"Non expected resource, may happen if there is a collision on attributes\")","            });","        }","          ","    });","  }","  else {","    var instance = pm.response.json();","    var requiredAttributes = ['href', 'id', 'lastUpdate', 'name', '@type'];","      ","        pm.test('Instance has all mandatory attributes', function () { pm.expect(Object.keys(instance)).to.include.members(requiredAttributes) });","      ","      ","      ","        pm.test('Response has href attribute', function() { pm.expect(instance[\"href\"]).to.be.a('string'); });","        pm.test('Response has id attribute', function() { pm.expect(instance[\"id\"]).to.be.a('string'); });","        pm.test('Response has lastUpdate attribute', function() { pm.expect(instance[\"lastUpdate\"]).to.be.a('string'); });","        pm.test('Response has name attribute', function() { pm.expect(instance[\"name\"]).to.be.a('string'); });","        pm.test('Response has @type attribute', function() { pm.expect(instance[\"@type\"]).to.be.a('string'); });","      ","        pm.test('Body includes value held on href', function () {","            pm.expect(pm.response.text()).to.include(instance['href']);","        });","        pm.test('Body includes value held on id', function () {","            pm.expect(pm.response.text()).to.include(instance['id']);","        });","        pm.test('Body includes value held on lastUpdate', function () {","            pm.expect(pm.response.text()).to.include(instance['lastUpdate']);","        });","        pm.test('Body includes value held on name', function () {","            pm.expect(pm.response.text()).to.include(instance['name']);","        });","        // Individualized tests","        if (instance.id == pm.globals.get(\"IDES01\")) {","            pm.test('href is ' + pm.globals.get(\"HREFES01\"), function() {pm.expect(instance['href']) == pm.globals.get('HREFES01');});","            pm.test('id is ' + pm.globals.get(\"IDES01\"), function() {pm.expect(instance['id']) == pm.globals.get('IDES01');});","            pm.test('lastUpdate is ' + pm.globals.get(\"LASTUPDATEES01\"), function() {pm.expect(instance['lastUpdate']) == pm.globals.get('LASTUPDATEES01');});","            pm.test('name is ' + pm.globals.get(\"NAMEES01\"), function() {pm.expect(instance['name']) == pm.globals.get('NAMEES01');});","        }","        if (instance.id == pm.globals.get(\"IDES02\")) {","            pm.test('IDES02 not expected on this test', function () {","                console.log(\"Non expected resource, may happen if there is a collision on attributes\")","            });","        }","","        ","   ","}","  ","  "],"type":"text/javascript"}}],"request":{"method":"GET","header":[{"key":"Accept","value":"application/json"},{"key":"Content-Type","value":"application/json"}],"url":{"raw":"{{Entity_Catalog}}entitySpecification?name={{NAMEES01}}","host":["{{Entity_Catalog}}entitySpecification"],"query":[{"key":"name","value":"{{NAMEES01}}"}]},"description":"This operation filter a EntitySpecification"},"response":[]},{"name":"/EntitySpecification","event":[{"listen":"test","script":{"exec":["pm.test(\"Successful PATCH request\", function () {","    pm.response.to.have.status(200);","});","","","var instance = pm.response.json();","","pm.test(\"Response contains value from attribute name\", function () {","    pm.expect(instance.name).to.eql('new specification name');","});",""],"type":"text/javascript"}}],"request":{"method":"PATCH","header":[{"key":"Accept","value":"application/json"},{"key":"Content-Type","value":"application/json"}],"body":{"mode":"raw","raw":"{\n  \"name\": \"new specification name\"\n}"},"url":{"raw":"{{Entity_Catalog}}entitySpecification/{{IDES01}}","host":["{{Entity_Catalog}}entitySpecification"],"path":["{{IDES01}}"]},"description":"This operation creates a EntitySpecification"},"response":[]},{"name":"/EntitySpecification","event":[{"listen":"test","script":{"exec":["pm.test(\"Successful PATCH request\", function () {","    pm.response.to.have.status(200);","});","","","var instance = pm.response.json();","","pm.test(\"Response contains value from attribute name\", function () {","    pm.expect(instance.name).to.eql('new specification name');","});",""],"type":"text/javascript"}}],"protocolProfileBehavior":{"disableBodyPruning":true},"request":{"method":"GET","header":[{"key":"Accept","value":"application/json"},{"key":"Content-Type","value":"application/json"}],"body":{"mode":"raw","raw":"{\n  \"name\": \"new specification name\"\n}"},"url":{"raw":"{{Entity_Catalog}}entitySpecification/{{IDES01}}","host":["{{Entity_Catalog}}entitySpecification"],"path":["{{IDES01}}"]},"description":"This operation creates a EntitySpecification"},"response":[]},{"name":"/EntitySpecification","event":[{"listen":"test","script":{"exec":["pm.test(\"Status code is 204\", function () {","    pm.response.to.have.status(204);","});","",""],"type":"text/javascript"}}],"request":{"method":"DELETE","header":[{"key":"Accept","value":"application/json"},{"key":"Content-Type","value":"application/json"}],"body":{"mode":"raw","raw":"{\n  \"name\": \"new specification name\"\n}"},"url":{"raw":"{{Entity_Catalog}}entitySpecification/{{IDES01}}","host":["{{Entity_Catalog}}entitySpecification"],"path":["{{IDES01}}"]},"description":"This operation creates a EntitySpecification"},"response":[]},{"name":"/EntitySpecification/{{IDES01}}","event":[{"listen":"test","script":{"exec":["pm.test(\"Status code is 404\", function () {","    pm.response.to.have.status(404);","});",""],"type":"text/javascript"}}],"request":{"method":"GET","header":[{"key":"Accept","value":"application/json"},{"key":"Content-Type","value":"application/json"}],"url":{"raw":"{{Entity_Catalog}}entitySpecification/{{IDES01}}","host":["{{Entity_Catalog}}entitySpecification"],"path":["{{IDES01}}"]},"description":"This operation search for one of the created EntitySpecification"},"response":[]}]},{"name":"E1","item":[{"name":"/EntitySpecification/404ID","event":[{"listen":"test","script":{"exec":["pm.test(\"Status code is 404\", function () {","    pm.response.to.have.status(404);","});","",""],"type":"text/javascript"}}],"request":{"method":"GET","header":[{"key":"Accept","value":"application/json"},{"key":"Content-Type","value":"application/json"}],"url":{"raw":"{{Entity_Catalog}}EntitySpecification/754e0f99-77fa-47b0-ae0c-b462f70e79d4","host":["{{Entity_Catalog}}EntitySpecification"],"path":["754e0f99-77fa-47b0-ae0c-b462f70e79d4"]},"description":"This operation search for one of the created EntitySpecification"},"response":[]}]}]}