{
    "$schema": "http://json-schema.org/schema#",
    "type": "object",
    "properties": {
        "channel": {
            "type": "array",
            "items": {
                "type": "object",
                "properties": {
                    "id": {
                        "type": "string"
                    }
                },
                "required": [
                    "id"
                ]
            }
        },
        "direction": {
            "type": "string"
        },
        "reason": {
            "type": "string"
        }
    },
    "required": [
        "channel",
        "direction",
        "reason"
    ]
}