{
	"info": {
		"_postman_id": "b81141a4-99e8-4f02-a768-b425c4e2b5fe",
		"name": "CTK-Shopping_Cart-4.0.0 Copy",
		"schema": "https://schema.getpostman.com/json/collection/v2.1.0/collection.json"
	},
	"item": [
		{
			"name": "N1",
			"item": [
				{
					"name": "/ShoppingCart",
					"event": [
						{
							"listen": "test",
							"script": {
								"id": "57d80068-8288-4c1f-b180-6b20b42966fd",
								"exec": [
									"var jsonData = pm.response.json();",
									"",
									"if (Array.isArray(jsonData)) { ",
									"  ",
									"    pm.test('Array not expected as response', function (){pm.expect.fail()});",
									"  ",
									"",
									"}",
									"",
									"pm.test(\"Status code is 201\", function () {",
									"  pm.response.to.have.status(201);",
									"});",
									"",
									"var instance = pm.response.json();",
									"var requiredAttributes = ['href', 'id'];",
									"",
									"pm.test('Instance has all mandatory attributes', function () { pm.expect(Object.keys(instance)).to.include.members(requiredAttributes) });",
									"",
									"",
									"",
									"pm.test('Response has href attribute', function() { pm.expect(instance[\"href\"]).to.be.a('string'); });",
									"pm.test('Response has id attribute', function() { pm.expect(instance[\"id\"]).to.be.a('string'); });",
									"",
									"pm.globals.set('HREFSC01', instance['href']);",
									"pm.globals.set('IDSC01', instance['id']);",
									"",
									"pm.test('Body includes value held on href', function () {",
									"  pm.expect(pm.response.text()).to.include(instance['href']);",
									"});",
									"pm.test('Body includes value held on id', function () {",
									"  pm.expect(pm.response.text()).to.include(instance['id']);",
									"});",
									""
								],
								"type": "text/javascript"
							}
						}
					],
					"request": {
						"method": "POST",
						"header": [
							{
								"key": "Accept",
								"value": "application/json"
							},
							{
								"key": "Content-Type",
								"value": "application/json"
							}
						],
						"body": {
							"mode": "raw",
							"raw": "{}"
						},
						"url": {
							"raw": "{{Shopping_Cart}}shoppingCart",
							"host": [
								"{{Shopping_Cart}}shoppingCart"
							]
						},
						"description": "This operation creates a ShoppingCart"
					},
					"response": []
				},
				{
					"name": "/ShoppingCart",
					"event": [
						{
							"listen": "test",
							"script": {
								"id": "7932889b-c0eb-4e46-9eef-d28b1aef447e",
								"exec": [
									"pm.test(\"Status code is 200\", function () {",
									"    pm.response.to.have.status(200);",
									"});",
									"  ",
									"  ",
									"  ",
									"var jsonData = pm.response.json();",
									"  ",
									"if (Array.isArray(jsonData) && (jsonData.length > 0)) {",
									"    jsonData.forEach(function (instance, index) {",
									"      ",
									"        var requiredAttributes = ['href', 'id'];",
									"      ",
									"        pm.test('Instance has all mandatory attributes', function () { pm.expect(Object.keys(instance)).to.include.members(requiredAttributes) });",
									"      ",
									"      ",
									"      ",
									"        pm.test('Response has href attribute', function() { pm.expect(instance[\"href\"]).to.be.a('string'); });",
									"        pm.test('Response has id attribute', function() { pm.expect(instance[\"id\"]).to.be.a('string'); });",
									"      ",
									"        pm.test('Body includes value held on href', function () {",
									"            pm.expect(pm.response.text()).to.include(instance['href']);",
									"        });",
									"        pm.test('Body includes value held on id', function () {",
									"            pm.expect(pm.response.text()).to.include(instance['id']);",
									"        });",
									"        // Individualized tests",
									"        if (instance.id == pm.globals.get(\"IDSC01\")) {",
									"            pm.test('href is ' + pm.globals.get(\"HREFSC01\"), function() {pm.expect(instance['href']) == pm.globals.get('HREFSC01');});",
									"            pm.test('id is ' + pm.globals.get(\"IDSC01\"), function() {pm.expect(instance['id']) == pm.globals.get('IDSC01');});",
									"        }",
									"        if (instance.id == pm.globals.get(\"IDSC02\")) {",
									"            pm.test('href is ' + pm.globals.get(\"HREFSC02\"), function() {pm.expect(instance['href']) == pm.globals.get('HREFSC02');});",
									"            pm.test('id is ' + pm.globals.get(\"IDSC02\"), function() {pm.expect(instance['id']) == pm.globals.get('IDSC02');});",
									"        }  ",
									"    });",
									"  }",
									"  else {",
									"    var instance = pm.response.json();",
									"    var requiredAttributes = ['href', 'id'];",
									"      ",
									"        pm.test('Instance has all mandatory attributes', function () { pm.expect(Object.keys(instance)).to.include.members(requiredAttributes) });",
									"      ",
									"      ",
									"      ",
									"        pm.test('Response has href attribute', function() { pm.expect(instance[\"href\"]).to.be.a('string'); });",
									"        pm.test('Response has id attribute', function() { pm.expect(instance[\"id\"]).to.be.a('string'); });",
									"      ",
									"        pm.test('Body includes value held on href', function () {",
									"            pm.expect(pm.response.text()).to.include(instance['href']);",
									"        });",
									"        pm.test('Body includes value held on id', function () {",
									"            pm.expect(pm.response.text()).to.include(instance['id']);",
									"        });",
									"        // Individualized tests",
									"        if (instance.id == pm.globals.get(\"IDSC01\")) {",
									"            pm.test('href is ' + pm.globals.get(\"HREFSC01\"), function() {pm.expect(instance['href']) == pm.globals.get('HREFSC01');});",
									"            pm.test('id is ' + pm.globals.get(\"IDSC01\"), function() {pm.expect(instance['id']) == pm.globals.get('IDSC01');});",
									"        }",
									"        if (instance.id == pm.globals.get(\"IDSC02\")) {",
									"            pm.test('href is ' + pm.globals.get(\"HREFSC02\"), function() {pm.expect(instance['href']) == pm.globals.get('HREFSC02');});",
									"            pm.test('id is ' + pm.globals.get(\"IDSC02\"), function() {pm.expect(instance['id']) == pm.globals.get('IDSC02');});",
									"        }",
									"   ",
									"  }",
									"  ",
									"  "
								],
								"type": "text/javascript"
							}
						}
					],
					"request": {
						"method": "GET",
						"header": [
							{
								"key": "Accept",
								"value": "application/json"
							},
							{
								"key": "Content-Type",
								"value": "application/json"
							}
						],
						"url": {
							"raw": "{{Shopping_Cart}}shoppingCart",
							"host": [
								"{{Shopping_Cart}}shoppingCart"
							]
						},
						"description": "This operation search for the created ShoppingCart"
					},
					"response": []
				},
				{
					"name": "/ShoppingCart/{{IDSC01}}",
					"event": [
						{
							"listen": "test",
							"script": {
								"id": "d35eddaa-26f1-4907-b953-628bcfe32ed3",
								"exec": [
									"pm.test(\"Status code is 200\", function () {",
									"    pm.response.to.have.status(200);",
									"});",
									"  ",
									"  ",
									"  ",
									"var jsonData = pm.response.json();",
									"  ",
									"if (Array.isArray(jsonData) && (jsonData.length > 0)) {",
									"    jsonData.forEach(function (instance, index) {",
									"      ",
									"        var requiredAttributes = ['href', 'id'];",
									"      ",
									"        pm.test('Instance has all mandatory attributes', function () { pm.expect(Object.keys(instance)).to.include.members(requiredAttributes) });",
									"      ",
									"      ",
									"      ",
									"        pm.test('Response has href attribute', function() { pm.expect(instance[\"href\"]).to.be.a('string'); });",
									"        pm.test('Response has id attribute', function() { pm.expect(instance[\"id\"]).to.be.a('string'); });",
									"      ",
									"        pm.test('Body includes value held on href', function () {",
									"            pm.expect(pm.response.text()).to.include(instance['href']);",
									"        });",
									"        pm.test('Body includes value held on id', function () {",
									"            pm.expect(pm.response.text()).to.include(instance['id']);",
									"        });",
									"        // Individualized tests",
									"        if (instance.id == pm.globals.get(\"IDSC01\")) {",
									"            pm.test('href is ' + pm.globals.get(\"HREFSC01\"), function() {pm.expect(instance['href']) == pm.globals.get('HREFSC01');});",
									"            pm.test('id is ' + pm.globals.get(\"IDSC01\"), function() {pm.expect(instance['id']) == pm.globals.get('IDSC01');});",
									"        }",
									"        if (instance.id == pm.globals.get(\"IDSC02\")) {",
									"            pm.test('IDSC02 not expected on this test', function () {",
									"                console.log(\"Non expected resource, may happen if there is a collision on attributes\")",
									"            });",
									"        }",
									"          ",
									"    });",
									"  }",
									"  else {",
									"    var instance = pm.response.json();",
									"    var requiredAttributes = ['href', 'id'];",
									"      ",
									"        pm.test('Instance has all mandatory attributes', function () { pm.expect(Object.keys(instance)).to.include.members(requiredAttributes) });",
									"      ",
									"      ",
									"      ",
									"        pm.test('Response has href attribute', function() { pm.expect(instance[\"href\"]).to.be.a('string'); });",
									"        pm.test('Response has id attribute', function() { pm.expect(instance[\"id\"]).to.be.a('string'); });",
									"      ",
									"        pm.test('Body includes value held on href', function () {",
									"            pm.expect(pm.response.text()).to.include(instance['href']);",
									"        });",
									"        pm.test('Body includes value held on id', function () {",
									"            pm.expect(pm.response.text()).to.include(instance['id']);",
									"        });",
									"        // Individualized tests",
									"        if (instance.id == pm.globals.get(\"IDSC01\")) {",
									"            pm.test('href is ' + pm.globals.get(\"HREFSC01\"), function() {pm.expect(instance['href']) == pm.globals.get('HREFSC01');});",
									"            pm.test('id is ' + pm.globals.get(\"IDSC01\"), function() {pm.expect(instance['id']) == pm.globals.get('IDSC01');});",
									"        }",
									"        if (instance.id == pm.globals.get(\"IDSC02\")) {",
									"            pm.test('IDSC02 not expected on this test', function () {",
									"                console.log(\"Non expected resource, may happen if there is a collision on attributes\")",
									"            });",
									"        }",
									"",
									"        ",
									"   ",
									"}",
									"  ",
									"  "
								],
								"type": "text/javascript"
							}
						}
					],
					"request": {
						"method": "GET",
						"header": [
							{
								"key": "Accept",
								"value": "application/json"
							},
							{
								"key": "Content-Type",
								"value": "application/json"
							}
						],
						"url": {
							"raw": "{{Shopping_Cart}}shoppingCart/{{IDSC01}}",
							"host": [
								"{{Shopping_Cart}}shoppingCart"
							],
							"path": [
								"{{IDSC01}}"
							]
						},
						"description": "This operation search for one of the created ShoppingCart"
					},
					"response": []
				}
			],
			"protocolProfileBehavior": {}
		},
		{
			"name": "N2",
			"item": [
				{
					"name": "/ShoppingCart?fields=href",
					"event": [
						{
							"listen": "test",
							"script": {
								"id": "696010d7-5f5c-46d8-9b77-1792a0c1092b",
								"exec": [
									""
								],
								"type": "text/javascript"
							}
						}
					],
					"request": {
						"method": "GET",
						"header": [
							{
								"key": "Accept",
								"value": "application/json"
							},
							{
								"key": "Content-Type",
								"value": "application/json"
							}
						],
						"url": {
							"raw": "{{Shopping_Cart}}shoppingCart?fields=href",
							"host": [
								"{{Shopping_Cart}}shoppingCart"
							],
							"query": [
								{
									"key": "fields",
									"value": "href"
								}
							]
						},
						"description": "This operation filter a ShoppingCart"
					},
					"response": []
				},
				{
					"name": "/ShoppingCart?href={{HREFSC01}}",
					"event": [
						{
							"listen": "test",
							"script": {
								"id": "6b657286-d156-4165-bfa2-a8b0e6343c89",
								"exec": [
									"pm.test(\"Status code is 200\", function () {",
									"    pm.response.to.have.status(200);",
									"});",
									"  ",
									"  ",
									"  ",
									"var jsonData = pm.response.json();",
									"  ",
									"if (Array.isArray(jsonData) && (jsonData.length > 0)) {",
									"    jsonData.forEach(function (instance, index) {",
									"      ",
									"        var requiredAttributes = ['href', 'id'];",
									"      ",
									"        pm.test('Instance has all mandatory attributes', function () { pm.expect(Object.keys(instance)).to.include.members(requiredAttributes) });",
									"      ",
									"      ",
									"      ",
									"        pm.test('Response has href attribute', function() { pm.expect(instance[\"href\"]).to.be.a('string'); });",
									"        pm.test('Response has id attribute', function() { pm.expect(instance[\"id\"]).to.be.a('string'); });",
									"      ",
									"        pm.test('Body includes value held on href', function () {",
									"            pm.expect(pm.response.text()).to.include(instance['href']);",
									"        });",
									"        pm.test('Body includes value held on id', function () {",
									"            pm.expect(pm.response.text()).to.include(instance['id']);",
									"        });",
									"        // Individualized tests",
									"        if (instance.id == pm.globals.get(\"IDSC01\")) {",
									"            pm.test('href is ' + pm.globals.get(\"HREFSC01\"), function() {pm.expect(instance['href']) == pm.globals.get('HREFSC01');});",
									"            pm.test('id is ' + pm.globals.get(\"IDSC01\"), function() {pm.expect(instance['id']) == pm.globals.get('IDSC01');});",
									"        }",
									"        if (instance.id == pm.globals.get(\"IDSC02\")) {",
									"            pm.test('IDSC02 not expected on this test', function () {",
									"                console.log(\"Non expected resource, may happen if there is a collision on attributes\")",
									"            });",
									"        }",
									"          ",
									"    });",
									"  }",
									"  else {",
									"    var instance = pm.response.json();",
									"    var requiredAttributes = ['href', 'id'];",
									"      ",
									"        pm.test('Instance has all mandatory attributes', function () { pm.expect(Object.keys(instance)).to.include.members(requiredAttributes) });",
									"      ",
									"      ",
									"      ",
									"        pm.test('Response has href attribute', function() { pm.expect(instance[\"href\"]).to.be.a('string'); });",
									"        pm.test('Response has id attribute', function() { pm.expect(instance[\"id\"]).to.be.a('string'); });",
									"      ",
									"        pm.test('Body includes value held on href', function () {",
									"            pm.expect(pm.response.text()).to.include(instance['href']);",
									"        });",
									"        pm.test('Body includes value held on id', function () {",
									"            pm.expect(pm.response.text()).to.include(instance['id']);",
									"        });",
									"        // Individualized tests",
									"        if (instance.id == pm.globals.get(\"IDSC01\")) {",
									"            pm.test('href is ' + pm.globals.get(\"HREFSC01\"), function() {pm.expect(instance['href']) == pm.globals.get('HREFSC01');});",
									"            pm.test('id is ' + pm.globals.get(\"IDSC01\"), function() {pm.expect(instance['id']) == pm.globals.get('IDSC01');});",
									"        }",
									"        if (instance.id == pm.globals.get(\"IDSC02\")) {",
									"            pm.test('IDSC02 not expected on this test', function () {",
									"                console.log(\"Non expected resource, may happen if there is a collision on attributes\")",
									"            });",
									"        }",
									"",
									"        ",
									"   ",
									"}",
									"  ",
									"  "
								],
								"type": "text/javascript"
							}
						}
					],
					"request": {
						"method": "GET",
						"header": [
							{
								"key": "Accept",
								"value": "application/json"
							},
							{
								"key": "Content-Type",
								"value": "application/json"
							}
						],
						"url": {
							"raw": "{{Shopping_Cart}}shoppingCart?href={{HREFSC01}}",
							"host": [
								"{{Shopping_Cart}}shoppingCart"
							],
							"query": [
								{
									"key": "href",
									"value": "{{HREFSC01}}"
								}
							]
						},
						"description": "This operation filter a ShoppingCart"
					},
					"response": []
				},
				{
					"name": "/ShoppingCart?fields=id",
					"event": [
						{
							"listen": "test",
							"script": {
								"id": "6044cc87-9a54-493d-adcc-0ee5386ebd26",
								"exec": [
									""
								],
								"type": "text/javascript"
							}
						}
					],
					"request": {
						"method": "GET",
						"header": [
							{
								"key": "Accept",
								"value": "application/json"
							},
							{
								"key": "Content-Type",
								"value": "application/json"
							}
						],
						"url": {
							"raw": "{{Shopping_Cart}}shoppingCart?fields=id",
							"host": [
								"{{Shopping_Cart}}shoppingCart"
							],
							"query": [
								{
									"key": "fields",
									"value": "id"
								}
							]
						},
						"description": "This operation filter a ShoppingCart"
					},
					"response": []
				},
				{
					"name": "/ShoppingCart?id={{IDSC01}}",
					"event": [
						{
							"listen": "test",
							"script": {
								"id": "84b9c291-3063-4bd2-b92b-d0f75da4c386",
								"exec": [
									"pm.test(\"Status code is 200\", function () {",
									"    pm.response.to.have.status(200);",
									"});",
									"  ",
									"  ",
									"  ",
									"var jsonData = pm.response.json();",
									"  ",
									"if (Array.isArray(jsonData) && (jsonData.length > 0)) {",
									"    jsonData.forEach(function (instance, index) {",
									"      ",
									"        var requiredAttributes = ['href', 'id'];",
									"      ",
									"        pm.test('Instance has all mandatory attributes', function () { pm.expect(Object.keys(instance)).to.include.members(requiredAttributes) });",
									"      ",
									"      ",
									"      ",
									"        pm.test('Response has href attribute', function() { pm.expect(instance[\"href\"]).to.be.a('string'); });",
									"        pm.test('Response has id attribute', function() { pm.expect(instance[\"id\"]).to.be.a('string'); });",
									"      ",
									"        pm.test('Body includes value held on href', function () {",
									"            pm.expect(pm.response.text()).to.include(instance['href']);",
									"        });",
									"        pm.test('Body includes value held on id', function () {",
									"            pm.expect(pm.response.text()).to.include(instance['id']);",
									"        });",
									"        // Individualized tests",
									"        if (instance.id == pm.globals.get(\"IDSC01\")) {",
									"            pm.test('href is ' + pm.globals.get(\"HREFSC01\"), function() {pm.expect(instance['href']) == pm.globals.get('HREFSC01');});",
									"            pm.test('id is ' + pm.globals.get(\"IDSC01\"), function() {pm.expect(instance['id']) == pm.globals.get('IDSC01');});",
									"        }",
									"        if (instance.id == pm.globals.get(\"IDSC02\")) {",
									"            pm.test('IDSC02 not expected on this test', function () {",
									"                console.log(\"Non expected resource, may happen if there is a collision on attributes\")",
									"            });",
									"        }",
									"          ",
									"    });",
									"  }",
									"  else {",
									"    var instance = pm.response.json();",
									"    var requiredAttributes = ['href', 'id'];",
									"      ",
									"        pm.test('Instance has all mandatory attributes', function () { pm.expect(Object.keys(instance)).to.include.members(requiredAttributes) });",
									"      ",
									"      ",
									"      ",
									"        pm.test('Response has href attribute', function() { pm.expect(instance[\"href\"]).to.be.a('string'); });",
									"        pm.test('Response has id attribute', function() { pm.expect(instance[\"id\"]).to.be.a('string'); });",
									"      ",
									"        pm.test('Body includes value held on href', function () {",
									"            pm.expect(pm.response.text()).to.include(instance['href']);",
									"        });",
									"        pm.test('Body includes value held on id', function () {",
									"            pm.expect(pm.response.text()).to.include(instance['id']);",
									"        });",
									"        // Individualized tests",
									"        if (instance.id == pm.globals.get(\"IDSC01\")) {",
									"            pm.test('href is ' + pm.globals.get(\"HREFSC01\"), function() {pm.expect(instance['href']) == pm.globals.get('HREFSC01');});",
									"            pm.test('id is ' + pm.globals.get(\"IDSC01\"), function() {pm.expect(instance['id']) == pm.globals.get('IDSC01');});",
									"        }",
									"        if (instance.id == pm.globals.get(\"IDSC02\")) {",
									"            pm.test('IDSC02 not expected on this test', function () {",
									"                console.log(\"Non expected resource, may happen if there is a collision on attributes\")",
									"            });",
									"        }",
									"",
									"        ",
									"   ",
									"}",
									"  ",
									"  "
								],
								"type": "text/javascript"
							}
						}
					],
					"request": {
						"method": "GET",
						"header": [
							{
								"key": "Accept",
								"value": "application/json"
							},
							{
								"key": "Content-Type",
								"value": "application/json"
							}
						],
						"url": {
							"raw": "{{Shopping_Cart}}shoppingCart?id={{IDSC01}}",
							"host": [
								"{{Shopping_Cart}}shoppingCart"
							],
							"query": [
								{
									"key": "id",
									"value": "{{IDSC01}}"
								}
							]
						},
						"description": "This operation filter a ShoppingCart"
					},
					"response": []
				}
			],
			"protocolProfileBehavior": {}
		},
		{
			"name": "E1",
			"item": [
				{
					"name": "/ShoppingCart/404ID",
					"event": [
						{
							"listen": "test",
							"script": {
								"id": "fd46cd8a-766e-4f5d-acab-54c3604faddb",
								"exec": [
									"pm.test(\"Status code is 404\", function () {",
									"    pm.response.to.have.status(404);",
									"});",
									"",
									""
								],
								"type": "text/javascript"
							}
						}
					],
					"request": {
						"method": "GET",
						"header": [
							{
								"key": "Accept",
								"value": "application/json"
							},
							{
								"key": "Content-Type",
								"value": "application/json"
							}
						],
						"url": {
							"raw": "{{Shopping_Cart}}shoppingCart/894a108c-9fc9-45d8-a63b-13dcfd3a6bc3",
							"host": [
								"{{Shopping_Cart}}shoppingCart"
							],
							"path": [
								"894a108c-9fc9-45d8-a63b-13dcfd3a6bc3"
							]
						},
						"description": "This operation search for one of the created ShoppingCart"
					},
					"response": []
				}
			],
			"protocolProfileBehavior": {}
		}
	],
	"protocolProfileBehavior": {}
}