{"info":{"_postman_id":"8b2ff70f-914f-4ea1-951f-2fadef5db2a4","name":"CTK-Change-4.0.0","schema":"https://schema.getpostman.com/json/collection/v2.1.0/collection.json"},"item":[{"name":"N1","item":[{"name":"/ChangeRequest","event":[{"listen":"test","script":{"exec":["var jsonData = pm.response.json();","","if (Array.isArray(jsonData)) { ","  ","    pm.test('Array not expected as response', function (){pm.expect.fail()});","  ","","}","","pm.test(\"Status code is 201\", function () {","  pm.response.to.have.status(201);","});","","var instance = pm.response.json();","var requiredAttributes = ['targetEntity', 'href', 'id', 'plannedEndTime', 'plannedStartTime', 'priority', 'requestType', 'specification', 'targetEntity'];","","pm.test('Instance has all mandatory attributes', function () { pm.expect(Object.keys(instance)).to.include.members(requiredAttributes) });","","","","pm.test('Response has targetEntity attribute', function() { pm.expect(instance[\"targetEntity\"]).to.be.a('array'); });","pm.test('Response has href attribute', function() { pm.expect(instance[\"href\"]).to.be.a('string'); });","pm.test('Response has id attribute', function() { pm.expect(instance[\"id\"]).to.be.a('string'); });","pm.test('Response has plannedEndTime attribute', function() { pm.expect(instance[\"plannedEndTime\"]).to.be.a('string'); });","pm.test('Response has plannedStartTime attribute', function() { pm.expect(instance[\"plannedStartTime\"]).to.be.a('string'); });","pm.test('Response has priority attribute', function() { pm.expect(instance[\"priority\"]).to.be.a('string'); });","pm.test('Response has requestType attribute', function() { pm.expect(instance[\"requestType\"]).to.be.a('string'); });","pm.test('Response has targetEntity attribute', function() { pm.expect(instance[\"targetEntity\"]).to.be.a('array'); });","","pm.globals.set('HREFCR01', instance['href']);","pm.globals.set('IDCR01', instance['id']);","pm.globals.set('PLANNEDENDTIMECR01', instance['plannedEndTime']);","pm.globals.set('PLANNEDSTARTTIMECR01', instance['plannedStartTime']);","pm.globals.set('PRIORITYCR01', instance['priority']);","pm.globals.set('REQUESTTYPECR01', instance['requestType']);","","pm.test('Body includes value held on href', function () {","  pm.expect(pm.response.text()).to.include(instance['href']);","});","pm.test('Body includes value held on id', function () {","  pm.expect(pm.response.text()).to.include(instance['id']);","});","pm.test('Body includes value held on plannedEndTime', function () {","  pm.expect(pm.response.text()).to.include(instance['plannedEndTime']);","});","pm.test('Body includes value held on plannedStartTime', function () {","  pm.expect(pm.response.text()).to.include(instance['plannedStartTime']);","});","pm.test('Body includes value held on priority', function () {","  pm.expect(pm.response.text()).to.include(instance['priority']);","});","pm.test('Body includes value held on requestType', function () {","  pm.expect(pm.response.text()).to.include(instance['requestType']);","});",""],"type":"text/javascript"}}],"request":{"method":"POST","header":[{"key":"Accept","value":"application/json"},{"key":"Content-Type","value":"application/json"}],"body":{"mode":"raw","raw":"{\n  \"plannedEndTime\": \"2021-09-09T08:23:42.451Z\",\n  \"plannedStartTime\": \"2021-09-09T06:23:42.451Z\",\n  \"priority\": \"Low\",\n  \"requestType\": \"Standard\",\n  \"specification\": {\n    \"id\": \"11\"\n  },\n  \"targetEntity\": [\n    {\n      \"id\": \"11\",\n      \"role\": \"target\",\n      \"@referredType\": \"Service\"\n    }\n  ]\n}"},"url":{"raw":"{{Change}}changeRequest","host":["{{Change}}changeRequest"]},"description":"This operation creates a ChangeRequest"},"response":[]},{"name":"/ChangeRequest","event":[{"listen":"test","script":{"exec":["pm.test(\"Status code is 200\", function () {","    pm.response.to.have.status(200);","});","  ","  ","  ","var jsonData = pm.response.json();","  ","if (Array.isArray(jsonData) && (jsonData.length > 0)) {","    jsonData.forEach(function (instance, index) {","      ","        var requiredAttributes = ['targetEntity', 'href', 'id', 'plannedEndTime', 'plannedStartTime', 'priority', 'requestType', 'specification', 'targetEntity'];","      ","        pm.test('Instance has all mandatory attributes', function () { pm.expect(Object.keys(instance)).to.include.members(requiredAttributes) });","      ","      ","      ","        pm.test('Response has targetEntity attribute', function() { pm.expect(instance[\"targetEntity\"]).to.be.a('array'); });","        pm.test('Response has href attribute', function() { pm.expect(instance[\"href\"]).to.be.a('string'); });","        pm.test('Response has id attribute', function() { pm.expect(instance[\"id\"]).to.be.a('string'); });","        pm.test('Response has plannedEndTime attribute', function() { pm.expect(instance[\"plannedEndTime\"]).to.be.a('string'); });","        pm.test('Response has plannedStartTime attribute', function() { pm.expect(instance[\"plannedStartTime\"]).to.be.a('string'); });","        pm.test('Response has priority attribute', function() { pm.expect(instance[\"priority\"]).to.be.a('string'); });","        pm.test('Response has requestType attribute', function() { pm.expect(instance[\"requestType\"]).to.be.a('string'); });","        pm.test('Response has targetEntity attribute', function() { pm.expect(instance[\"targetEntity\"]).to.be.a('array'); });","      ","        pm.test('Body includes value held on href', function () {","            pm.expect(pm.response.text()).to.include(instance['href']);","        });","        pm.test('Body includes value held on id', function () {","            pm.expect(pm.response.text()).to.include(instance['id']);","        });","        pm.test('Body includes value held on plannedEndTime', function () {","            pm.expect(pm.response.text()).to.include(instance['plannedEndTime']);","        });","        pm.test('Body includes value held on plannedStartTime', function () {","            pm.expect(pm.response.text()).to.include(instance['plannedStartTime']);","        });","        pm.test('Body includes value held on priority', function () {","            pm.expect(pm.response.text()).to.include(instance['priority']);","        });","        pm.test('Body includes value held on requestType', function () {","            pm.expect(pm.response.text()).to.include(instance['requestType']);","        });","        // Individualized tests","        if (instance.id == pm.globals.get(\"IDCR01\")) {","            pm.test('href is ' + pm.globals.get(\"HREFCR01\"), function() {pm.expect(instance['href']) == pm.globals.get('HREFCR01');});","            pm.test('id is ' + pm.globals.get(\"IDCR01\"), function() {pm.expect(instance['id']) == pm.globals.get('IDCR01');});","            pm.test('plannedEndTime is ' + pm.globals.get(\"PLANNEDENDTIMECR01\"), function() {pm.expect(instance['plannedEndTime']) == pm.globals.get('PLANNEDENDTIMECR01');});","            pm.test('plannedStartTime is ' + pm.globals.get(\"PLANNEDSTARTTIMECR01\"), function() {pm.expect(instance['plannedStartTime']) == pm.globals.get('PLANNEDSTARTTIMECR01');});","            pm.test('priority is ' + pm.globals.get(\"PRIORITYCR01\"), function() {pm.expect(instance['priority']) == pm.globals.get('PRIORITYCR01');});","            pm.test('requestType is ' + pm.globals.get(\"REQUESTTYPECR01\"), function() {pm.expect(instance['requestType']) == pm.globals.get('REQUESTTYPECR01');});","        }","        if (instance.id == pm.globals.get(\"IDCR02\")) {","            pm.test('href is ' + pm.globals.get(\"HREFCR02\"), function() {pm.expect(instance['href']) == pm.globals.get('HREFCR02');});","            pm.test('id is ' + pm.globals.get(\"IDCR02\"), function() {pm.expect(instance['id']) == pm.globals.get('IDCR02');});","            pm.test('plannedEndTime is ' + pm.globals.get(\"PLANNEDENDTIMECR02\"), function() {pm.expect(instance['plannedEndTime']) == pm.globals.get('PLANNEDENDTIMECR02');});","            pm.test('plannedStartTime is ' + pm.globals.get(\"PLANNEDSTARTTIMECR02\"), function() {pm.expect(instance['plannedStartTime']) == pm.globals.get('PLANNEDSTARTTIMECR02');});","            pm.test('priority is ' + pm.globals.get(\"PRIORITYCR02\"), function() {pm.expect(instance['priority']) == pm.globals.get('PRIORITYCR02');});","            pm.test('requestType is ' + pm.globals.get(\"REQUESTTYPECR02\"), function() {pm.expect(instance['requestType']) == pm.globals.get('REQUESTTYPECR02');});","        }  ","    });","  }","  else {","    var instance = pm.response.json();","    var requiredAttributes = ['targetEntity', 'href', 'id', 'plannedEndTime', 'plannedStartTime', 'priority', 'requestType', 'specification', 'targetEntity'];","      ","        pm.test('Instance has all mandatory attributes', function () { pm.expect(Object.keys(instance)).to.include.members(requiredAttributes) });","      ","      ","      ","        pm.test('Response has targetEntity attribute', function() { pm.expect(instance[\"targetEntity\"]).to.be.a('array'); });","        pm.test('Response has href attribute', function() { pm.expect(instance[\"href\"]).to.be.a('string'); });","        pm.test('Response has id attribute', function() { pm.expect(instance[\"id\"]).to.be.a('string'); });","        pm.test('Response has plannedEndTime attribute', function() { pm.expect(instance[\"plannedEndTime\"]).to.be.a('string'); });","        pm.test('Response has plannedStartTime attribute', function() { pm.expect(instance[\"plannedStartTime\"]).to.be.a('string'); });","        pm.test('Response has priority attribute', function() { pm.expect(instance[\"priority\"]).to.be.a('string'); });","        pm.test('Response has requestType attribute', function() { pm.expect(instance[\"requestType\"]).to.be.a('string'); });","        pm.test('Response has targetEntity attribute', function() { pm.expect(instance[\"targetEntity\"]).to.be.a('array'); });","      ","        pm.test('Body includes value held on href', function () {","            pm.expect(pm.response.text()).to.include(instance['href']);","        });","        pm.test('Body includes value held on id', function () {","            pm.expect(pm.response.text()).to.include(instance['id']);","        });","        pm.test('Body includes value held on plannedEndTime', function () {","            pm.expect(pm.response.text()).to.include(instance['plannedEndTime']);","        });","        pm.test('Body includes value held on plannedStartTime', function () {","            pm.expect(pm.response.text()).to.include(instance['plannedStartTime']);","        });","        pm.test('Body includes value held on priority', function () {","            pm.expect(pm.response.text()).to.include(instance['priority']);","        });","        pm.test('Body includes value held on requestType', function () {","            pm.expect(pm.response.text()).to.include(instance['requestType']);","        });","        // Individualized tests","        if (instance.id == pm.globals.get(\"IDCR01\")) {","            pm.test('href is ' + pm.globals.get(\"HREFCR01\"), function() {pm.expect(instance['href']) == pm.globals.get('HREFCR01');});","            pm.test('id is ' + pm.globals.get(\"IDCR01\"), function() {pm.expect(instance['id']) == pm.globals.get('IDCR01');});","            pm.test('plannedEndTime is ' + pm.globals.get(\"PLANNEDENDTIMECR01\"), function() {pm.expect(instance['plannedEndTime']) == pm.globals.get('PLANNEDENDTIMECR01');});","            pm.test('plannedStartTime is ' + pm.globals.get(\"PLANNEDSTARTTIMECR01\"), function() {pm.expect(instance['plannedStartTime']) == pm.globals.get('PLANNEDSTARTTIMECR01');});","            pm.test('priority is ' + pm.globals.get(\"PRIORITYCR01\"), function() {pm.expect(instance['priority']) == pm.globals.get('PRIORITYCR01');});","            pm.test('requestType is ' + pm.globals.get(\"REQUESTTYPECR01\"), function() {pm.expect(instance['requestType']) == pm.globals.get('REQUESTTYPECR01');});","        }","        if (instance.id == pm.globals.get(\"IDCR02\")) {","            pm.test('href is ' + pm.globals.get(\"HREFCR02\"), function() {pm.expect(instance['href']) == pm.globals.get('HREFCR02');});","            pm.test('id is ' + pm.globals.get(\"IDCR02\"), function() {pm.expect(instance['id']) == pm.globals.get('IDCR02');});","            pm.test('plannedEndTime is ' + pm.globals.get(\"PLANNEDENDTIMECR02\"), function() {pm.expect(instance['plannedEndTime']) == pm.globals.get('PLANNEDENDTIMECR02');});","            pm.test('plannedStartTime is ' + pm.globals.get(\"PLANNEDSTARTTIMECR02\"), function() {pm.expect(instance['plannedStartTime']) == pm.globals.get('PLANNEDSTARTTIMECR02');});","            pm.test('priority is ' + pm.globals.get(\"PRIORITYCR02\"), function() {pm.expect(instance['priority']) == pm.globals.get('PRIORITYCR02');});","            pm.test('requestType is ' + pm.globals.get(\"REQUESTTYPECR02\"), function() {pm.expect(instance['requestType']) == pm.globals.get('REQUESTTYPECR02');});","        }","   ","  }","  ","  "],"type":"text/javascript"}}],"request":{"method":"GET","header":[{"key":"Accept","value":"application/json"},{"key":"Content-Type","value":"application/json"}],"url":{"raw":"{{Change}}changeRequest","host":["{{Change}}changeRequest"]},"description":"This operation search for the created ChangeRequest"},"response":[]},{"name":"/ChangeRequest/{{IDCR01}}","event":[{"listen":"test","script":{"exec":["pm.test(\"Status code is 200\", function () {","    pm.response.to.have.status(200);","});","  ","  ","  ","var jsonData = pm.response.json();","  ","if (Array.isArray(jsonData) && (jsonData.length > 0)) {","    jsonData.forEach(function (instance, index) {","      ","        var requiredAttributes = ['targetEntity', 'href', 'id', 'plannedEndTime', 'plannedStartTime', 'priority', 'requestType', 'specification', 'targetEntity'];","      ","        pm.test('Instance has all mandatory attributes', function () { pm.expect(Object.keys(instance)).to.include.members(requiredAttributes) });","      ","      ","      ","        pm.test('Response has targetEntity attribute', function() { pm.expect(instance[\"targetEntity\"]).to.be.a('array'); });","        pm.test('Response has href attribute', function() { pm.expect(instance[\"href\"]).to.be.a('string'); });","        pm.test('Response has id attribute', function() { pm.expect(instance[\"id\"]).to.be.a('string'); });","        pm.test('Response has plannedEndTime attribute', function() { pm.expect(instance[\"plannedEndTime\"]).to.be.a('string'); });","        pm.test('Response has plannedStartTime attribute', function() { pm.expect(instance[\"plannedStartTime\"]).to.be.a('string'); });","        pm.test('Response has priority attribute', function() { pm.expect(instance[\"priority\"]).to.be.a('string'); });","        pm.test('Response has requestType attribute', function() { pm.expect(instance[\"requestType\"]).to.be.a('string'); });","        pm.test('Response has targetEntity attribute', function() { pm.expect(instance[\"targetEntity\"]).to.be.a('array'); });","      ","        pm.test('Body includes value held on href', function () {","            pm.expect(pm.response.text()).to.include(instance['href']);","        });","        pm.test('Body includes value held on id', function () {","            pm.expect(pm.response.text()).to.include(instance['id']);","        });","        pm.test('Body includes value held on plannedEndTime', function () {","            pm.expect(pm.response.text()).to.include(instance['plannedEndTime']);","        });","        pm.test('Body includes value held on plannedStartTime', function () {","            pm.expect(pm.response.text()).to.include(instance['plannedStartTime']);","        });","        pm.test('Body includes value held on priority', function () {","            pm.expect(pm.response.text()).to.include(instance['priority']);","        });","        pm.test('Body includes value held on requestType', function () {","            pm.expect(pm.response.text()).to.include(instance['requestType']);","        });","        // Individualized tests","        if (instance.id == pm.globals.get(\"IDCR01\")) {","            pm.test('href is ' + pm.globals.get(\"HREFCR01\"), function() {pm.expect(instance['href']) == pm.globals.get('HREFCR01');});","            pm.test('id is ' + pm.globals.get(\"IDCR01\"), function() {pm.expect(instance['id']) == pm.globals.get('IDCR01');});","            pm.test('plannedEndTime is ' + pm.globals.get(\"PLANNEDENDTIMECR01\"), function() {pm.expect(instance['plannedEndTime']) == pm.globals.get('PLANNEDENDTIMECR01');});","            pm.test('plannedStartTime is ' + pm.globals.get(\"PLANNEDSTARTTIMECR01\"), function() {pm.expect(instance['plannedStartTime']) == pm.globals.get('PLANNEDSTARTTIMECR01');});","            pm.test('priority is ' + pm.globals.get(\"PRIORITYCR01\"), function() {pm.expect(instance['priority']) == pm.globals.get('PRIORITYCR01');});","            pm.test('requestType is ' + pm.globals.get(\"REQUESTTYPECR01\"), function() {pm.expect(instance['requestType']) == pm.globals.get('REQUESTTYPECR01');});","        }","        if (instance.id == pm.globals.get(\"IDCR02\")) {","            pm.test('IDCR02 not expected on this test', function () {","                console.log(\"Non expected resource, may happen if there is a collision on attributes\")","            });","        }","          ","    });","  }","  else {","    var instance = pm.response.json();","    var requiredAttributes = ['targetEntity', 'href', 'id', 'plannedEndTime', 'plannedStartTime', 'priority', 'requestType', 'specification', 'targetEntity'];","      ","        pm.test('Instance has all mandatory attributes', function () { pm.expect(Object.keys(instance)).to.include.members(requiredAttributes) });","      ","      ","      ","        pm.test('Response has targetEntity attribute', function() { pm.expect(instance[\"targetEntity\"]).to.be.a('array'); });","        pm.test('Response has href attribute', function() { pm.expect(instance[\"href\"]).to.be.a('string'); });","        pm.test('Response has id attribute', function() { pm.expect(instance[\"id\"]).to.be.a('string'); });","        pm.test('Response has plannedEndTime attribute', function() { pm.expect(instance[\"plannedEndTime\"]).to.be.a('string'); });","        pm.test('Response has plannedStartTime attribute', function() { pm.expect(instance[\"plannedStartTime\"]).to.be.a('string'); });","        pm.test('Response has priority attribute', function() { pm.expect(instance[\"priority\"]).to.be.a('string'); });","        pm.test('Response has requestType attribute', function() { pm.expect(instance[\"requestType\"]).to.be.a('string'); });","        pm.test('Response has targetEntity attribute', function() { pm.expect(instance[\"targetEntity\"]).to.be.a('array'); });","      ","        pm.test('Body includes value held on href', function () {","            pm.expect(pm.response.text()).to.include(instance['href']);","        });","        pm.test('Body includes value held on id', function () {","            pm.expect(pm.response.text()).to.include(instance['id']);","        });","        pm.test('Body includes value held on plannedEndTime', function () {","            pm.expect(pm.response.text()).to.include(instance['plannedEndTime']);","        });","        pm.test('Body includes value held on plannedStartTime', function () {","            pm.expect(pm.response.text()).to.include(instance['plannedStartTime']);","        });","        pm.test('Body includes value held on priority', function () {","            pm.expect(pm.response.text()).to.include(instance['priority']);","        });","        pm.test('Body includes value held on requestType', function () {","            pm.expect(pm.response.text()).to.include(instance['requestType']);","        });","        // Individualized tests","        if (instance.id == pm.globals.get(\"IDCR01\")) {","            pm.test('href is ' + pm.globals.get(\"HREFCR01\"), function() {pm.expect(instance['href']) == pm.globals.get('HREFCR01');});","            pm.test('id is ' + pm.globals.get(\"IDCR01\"), function() {pm.expect(instance['id']) == pm.globals.get('IDCR01');});","            pm.test('plannedEndTime is ' + pm.globals.get(\"PLANNEDENDTIMECR01\"), function() {pm.expect(instance['plannedEndTime']) == pm.globals.get('PLANNEDENDTIMECR01');});","            pm.test('plannedStartTime is ' + pm.globals.get(\"PLANNEDSTARTTIMECR01\"), function() {pm.expect(instance['plannedStartTime']) == pm.globals.get('PLANNEDSTARTTIMECR01');});","            pm.test('priority is ' + pm.globals.get(\"PRIORITYCR01\"), function() {pm.expect(instance['priority']) == pm.globals.get('PRIORITYCR01');});","            pm.test('requestType is ' + pm.globals.get(\"REQUESTTYPECR01\"), function() {pm.expect(instance['requestType']) == pm.globals.get('REQUESTTYPECR01');});","        }","        if (instance.id == pm.globals.get(\"IDCR02\")) {","            pm.test('IDCR02 not expected on this test', function () {","                console.log(\"Non expected resource, may happen if there is a collision on attributes\")","            });","        }","","        ","   ","}","  ","  "],"type":"text/javascript"}}],"request":{"method":"GET","header":[{"key":"Accept","value":"application/json"},{"key":"Content-Type","value":"application/json"}],"url":{"raw":"{{Change}}changeRequest/{{IDCR01}}","host":["{{Change}}changeRequest"],"path":["{{IDCR01}}"]},"description":"This operation search for one of the created ChangeRequest"},"response":[]}]},{"name":"N2","item":[{"name":"/ChangeRequest?fields=id","event":[{"listen":"test","script":{"exec":[""],"type":"text/javascript"}}],"request":{"method":"GET","header":[{"key":"Accept","value":"application/json"},{"key":"Content-Type","value":"application/json"}],"url":{"raw":"{{Change}}changeRequest?fields=id","host":["{{Change}}changeRequest"],"query":[{"key":"fields","value":"id"}]},"description":"This operation filter a ChangeRequest"},"response":[]},{"name":"/ChangeRequest?id={{IDCR01}}","event":[{"listen":"test","script":{"exec":["pm.test(\"Status code is 200\", function () {","    pm.response.to.have.status(200);","});","  ","  ","  ","var jsonData = pm.response.json();","  ","if (Array.isArray(jsonData) && (jsonData.length > 0)) {","    jsonData.forEach(function (instance, index) {","      ","        var requiredAttributes = ['targetEntity', 'href', 'id', 'plannedEndTime', 'plannedStartTime', 'priority', 'requestType', 'specification', 'targetEntity'];","      ","        pm.test('Instance has all mandatory attributes', function () { pm.expect(Object.keys(instance)).to.include.members(requiredAttributes) });","      ","      ","      ","        pm.test('Response has targetEntity attribute', function() { pm.expect(instance[\"targetEntity\"]).to.be.a('array'); });","        pm.test('Response has href attribute', function() { pm.expect(instance[\"href\"]).to.be.a('string'); });","        pm.test('Response has id attribute', function() { pm.expect(instance[\"id\"]).to.be.a('string'); });","        pm.test('Response has plannedEndTime attribute', function() { pm.expect(instance[\"plannedEndTime\"]).to.be.a('string'); });","        pm.test('Response has plannedStartTime attribute', function() { pm.expect(instance[\"plannedStartTime\"]).to.be.a('string'); });","        pm.test('Response has priority attribute', function() { pm.expect(instance[\"priority\"]).to.be.a('string'); });","        pm.test('Response has requestType attribute', function() { pm.expect(instance[\"requestType\"]).to.be.a('string'); });","        pm.test('Response has targetEntity attribute', function() { pm.expect(instance[\"targetEntity\"]).to.be.a('array'); });","      ","        pm.test('Body includes value held on href', function () {","            pm.expect(pm.response.text()).to.include(instance['href']);","        });","        pm.test('Body includes value held on id', function () {","            pm.expect(pm.response.text()).to.include(instance['id']);","        });","        pm.test('Body includes value held on plannedEndTime', function () {","            pm.expect(pm.response.text()).to.include(instance['plannedEndTime']);","        });","        pm.test('Body includes value held on plannedStartTime', function () {","            pm.expect(pm.response.text()).to.include(instance['plannedStartTime']);","        });","        pm.test('Body includes value held on priority', function () {","            pm.expect(pm.response.text()).to.include(instance['priority']);","        });","        pm.test('Body includes value held on requestType', function () {","            pm.expect(pm.response.text()).to.include(instance['requestType']);","        });","        // Individualized tests","        if (instance.id == pm.globals.get(\"IDCR01\")) {","            pm.test('href is ' + pm.globals.get(\"HREFCR01\"), function() {pm.expect(instance['href']) == pm.globals.get('HREFCR01');});","            pm.test('id is ' + pm.globals.get(\"IDCR01\"), function() {pm.expect(instance['id']) == pm.globals.get('IDCR01');});","            pm.test('plannedEndTime is ' + pm.globals.get(\"PLANNEDENDTIMECR01\"), function() {pm.expect(instance['plannedEndTime']) == pm.globals.get('PLANNEDENDTIMECR01');});","            pm.test('plannedStartTime is ' + pm.globals.get(\"PLANNEDSTARTTIMECR01\"), function() {pm.expect(instance['plannedStartTime']) == pm.globals.get('PLANNEDSTARTTIMECR01');});","            pm.test('priority is ' + pm.globals.get(\"PRIORITYCR01\"), function() {pm.expect(instance['priority']) == pm.globals.get('PRIORITYCR01');});","            pm.test('requestType is ' + pm.globals.get(\"REQUESTTYPECR01\"), function() {pm.expect(instance['requestType']) == pm.globals.get('REQUESTTYPECR01');});","        }","        if (instance.id == pm.globals.get(\"IDCR02\")) {","            pm.test('IDCR02 not expected on this test', function () {","                console.log(\"Non expected resource, may happen if there is a collision on attributes\")","            });","        }","          ","    });","  }","  else {","    var instance = pm.response.json();","    var requiredAttributes = ['targetEntity', 'href', 'id', 'plannedEndTime', 'plannedStartTime', 'priority', 'requestType', 'specification', 'targetEntity'];","      ","        pm.test('Instance has all mandatory attributes', function () { pm.expect(Object.keys(instance)).to.include.members(requiredAttributes) });","      ","      ","      ","        pm.test('Response has targetEntity attribute', function() { pm.expect(instance[\"targetEntity\"]).to.be.a('array'); });","        pm.test('Response has href attribute', function() { pm.expect(instance[\"href\"]).to.be.a('string'); });","        pm.test('Response has id attribute', function() { pm.expect(instance[\"id\"]).to.be.a('string'); });","        pm.test('Response has plannedEndTime attribute', function() { pm.expect(instance[\"plannedEndTime\"]).to.be.a('string'); });","        pm.test('Response has plannedStartTime attribute', function() { pm.expect(instance[\"plannedStartTime\"]).to.be.a('string'); });","        pm.test('Response has priority attribute', function() { pm.expect(instance[\"priority\"]).to.be.a('string'); });","        pm.test('Response has requestType attribute', function() { pm.expect(instance[\"requestType\"]).to.be.a('string'); });","        pm.test('Response has targetEntity attribute', function() { pm.expect(instance[\"targetEntity\"]).to.be.a('array'); });","      ","        pm.test('Body includes value held on href', function () {","            pm.expect(pm.response.text()).to.include(instance['href']);","        });","        pm.test('Body includes value held on id', function () {","            pm.expect(pm.response.text()).to.include(instance['id']);","        });","        pm.test('Body includes value held on plannedEndTime', function () {","            pm.expect(pm.response.text()).to.include(instance['plannedEndTime']);","        });","        pm.test('Body includes value held on plannedStartTime', function () {","            pm.expect(pm.response.text()).to.include(instance['plannedStartTime']);","        });","        pm.test('Body includes value held on priority', function () {","            pm.expect(pm.response.text()).to.include(instance['priority']);","        });","        pm.test('Body includes value held on requestType', function () {","            pm.expect(pm.response.text()).to.include(instance['requestType']);","        });","        // Individualized tests","        if (instance.id == pm.globals.get(\"IDCR01\")) {","            pm.test('href is ' + pm.globals.get(\"HREFCR01\"), function() {pm.expect(instance['href']) == pm.globals.get('HREFCR01');});","            pm.test('id is ' + pm.globals.get(\"IDCR01\"), function() {pm.expect(instance['id']) == pm.globals.get('IDCR01');});","            pm.test('plannedEndTime is ' + pm.globals.get(\"PLANNEDENDTIMECR01\"), function() {pm.expect(instance['plannedEndTime']) == pm.globals.get('PLANNEDENDTIMECR01');});","            pm.test('plannedStartTime is ' + pm.globals.get(\"PLANNEDSTARTTIMECR01\"), function() {pm.expect(instance['plannedStartTime']) == pm.globals.get('PLANNEDSTARTTIMECR01');});","            pm.test('priority is ' + pm.globals.get(\"PRIORITYCR01\"), function() {pm.expect(instance['priority']) == pm.globals.get('PRIORITYCR01');});","            pm.test('requestType is ' + pm.globals.get(\"REQUESTTYPECR01\"), function() {pm.expect(instance['requestType']) == pm.globals.get('REQUESTTYPECR01');});","        }","        if (instance.id == pm.globals.get(\"IDCR02\")) {","            pm.test('IDCR02 not expected on this test', function () {","                console.log(\"Non expected resource, may happen if there is a collision on attributes\")","            });","        }","","        ","   ","}","  ","  "],"type":"text/javascript"}}],"request":{"method":"GET","header":[{"key":"Accept","value":"application/json"},{"key":"Content-Type","value":"application/json"}],"url":{"raw":"{{Change}}changeRequest?id={{IDCR01}}","host":["{{Change}}changeRequest"],"query":[{"key":"id","value":"{{IDCR01}}"}]},"description":"This operation filter a ChangeRequest"},"response":[]},{"name":"/ChangeRequest?fields=plannedEndTime","event":[{"listen":"test","script":{"exec":[""],"type":"text/javascript"}}],"request":{"method":"GET","header":[{"key":"Accept","value":"application/json"},{"key":"Content-Type","value":"application/json"}],"url":{"raw":"{{Change}}changeRequest?fields=plannedEndTime","host":["{{Change}}changeRequest"],"query":[{"key":"fields","value":"plannedEndTime"}]},"description":"This operation filter a ChangeRequest"},"response":[]},{"name":"/ChangeRequest?plannedEndTime={{PLANNEDENDTIMECR01}}","event":[{"listen":"test","script":{"exec":["pm.test(\"Status code is 200\", function () {","    pm.response.to.have.status(200);","});","  ","  ","  ","var jsonData = pm.response.json();","  ","if (Array.isArray(jsonData) && (jsonData.length > 0)) {","    jsonData.forEach(function (instance, index) {","      ","        var requiredAttributes = ['targetEntity', 'href', 'id', 'plannedEndTime', 'plannedStartTime', 'priority', 'requestType', 'specification', 'targetEntity'];","      ","        pm.test('Instance has all mandatory attributes', function () { pm.expect(Object.keys(instance)).to.include.members(requiredAttributes) });","      ","      ","      ","        pm.test('Response has targetEntity attribute', function() { pm.expect(instance[\"targetEntity\"]).to.be.a('array'); });","        pm.test('Response has href attribute', function() { pm.expect(instance[\"href\"]).to.be.a('string'); });","        pm.test('Response has id attribute', function() { pm.expect(instance[\"id\"]).to.be.a('string'); });","        pm.test('Response has plannedEndTime attribute', function() { pm.expect(instance[\"plannedEndTime\"]).to.be.a('string'); });","        pm.test('Response has plannedStartTime attribute', function() { pm.expect(instance[\"plannedStartTime\"]).to.be.a('string'); });","        pm.test('Response has priority attribute', function() { pm.expect(instance[\"priority\"]).to.be.a('string'); });","        pm.test('Response has requestType attribute', function() { pm.expect(instance[\"requestType\"]).to.be.a('string'); });","        pm.test('Response has targetEntity attribute', function() { pm.expect(instance[\"targetEntity\"]).to.be.a('array'); });","      ","        pm.test('Body includes value held on href', function () {","            pm.expect(pm.response.text()).to.include(instance['href']);","        });","        pm.test('Body includes value held on id', function () {","            pm.expect(pm.response.text()).to.include(instance['id']);","        });","        pm.test('Body includes value held on plannedEndTime', function () {","            pm.expect(pm.response.text()).to.include(instance['plannedEndTime']);","        });","        pm.test('Body includes value held on plannedStartTime', function () {","            pm.expect(pm.response.text()).to.include(instance['plannedStartTime']);","        });","        pm.test('Body includes value held on priority', function () {","            pm.expect(pm.response.text()).to.include(instance['priority']);","        });","        pm.test('Body includes value held on requestType', function () {","            pm.expect(pm.response.text()).to.include(instance['requestType']);","        });","        // Individualized tests","        if (instance.id == pm.globals.get(\"IDCR01\")) {","            pm.test('href is ' + pm.globals.get(\"HREFCR01\"), function() {pm.expect(instance['href']) == pm.globals.get('HREFCR01');});","            pm.test('id is ' + pm.globals.get(\"IDCR01\"), function() {pm.expect(instance['id']) == pm.globals.get('IDCR01');});","            pm.test('plannedEndTime is ' + pm.globals.get(\"PLANNEDENDTIMECR01\"), function() {pm.expect(instance['plannedEndTime']) == pm.globals.get('PLANNEDENDTIMECR01');});","            pm.test('plannedStartTime is ' + pm.globals.get(\"PLANNEDSTARTTIMECR01\"), function() {pm.expect(instance['plannedStartTime']) == pm.globals.get('PLANNEDSTARTTIMECR01');});","            pm.test('priority is ' + pm.globals.get(\"PRIORITYCR01\"), function() {pm.expect(instance['priority']) == pm.globals.get('PRIORITYCR01');});","            pm.test('requestType is ' + pm.globals.get(\"REQUESTTYPECR01\"), function() {pm.expect(instance['requestType']) == pm.globals.get('REQUESTTYPECR01');});","        }","        if (instance.id == pm.globals.get(\"IDCR02\")) {","            pm.test('IDCR02 not expected on this test', function () {","                console.log(\"Non expected resource, may happen if there is a collision on attributes\")","            });","        }","          ","    });","  }","  else {","    var instance = pm.response.json();","    var requiredAttributes = ['targetEntity', 'href', 'id', 'plannedEndTime', 'plannedStartTime', 'priority', 'requestType', 'specification', 'targetEntity'];","      ","        pm.test('Instance has all mandatory attributes', function () { pm.expect(Object.keys(instance)).to.include.members(requiredAttributes) });","      ","      ","      ","        pm.test('Response has targetEntity attribute', function() { pm.expect(instance[\"targetEntity\"]).to.be.a('array'); });","        pm.test('Response has href attribute', function() { pm.expect(instance[\"href\"]).to.be.a('string'); });","        pm.test('Response has id attribute', function() { pm.expect(instance[\"id\"]).to.be.a('string'); });","        pm.test('Response has plannedEndTime attribute', function() { pm.expect(instance[\"plannedEndTime\"]).to.be.a('string'); });","        pm.test('Response has plannedStartTime attribute', function() { pm.expect(instance[\"plannedStartTime\"]).to.be.a('string'); });","        pm.test('Response has priority attribute', function() { pm.expect(instance[\"priority\"]).to.be.a('string'); });","        pm.test('Response has requestType attribute', function() { pm.expect(instance[\"requestType\"]).to.be.a('string'); });","        pm.test('Response has targetEntity attribute', function() { pm.expect(instance[\"targetEntity\"]).to.be.a('array'); });","      ","        pm.test('Body includes value held on href', function () {","            pm.expect(pm.response.text()).to.include(instance['href']);","        });","        pm.test('Body includes value held on id', function () {","            pm.expect(pm.response.text()).to.include(instance['id']);","        });","        pm.test('Body includes value held on plannedEndTime', function () {","            pm.expect(pm.response.text()).to.include(instance['plannedEndTime']);","        });","        pm.test('Body includes value held on plannedStartTime', function () {","            pm.expect(pm.response.text()).to.include(instance['plannedStartTime']);","        });","        pm.test('Body includes value held on priority', function () {","            pm.expect(pm.response.text()).to.include(instance['priority']);","        });","        pm.test('Body includes value held on requestType', function () {","            pm.expect(pm.response.text()).to.include(instance['requestType']);","        });","        // Individualized tests","        if (instance.id == pm.globals.get(\"IDCR01\")) {","            pm.test('href is ' + pm.globals.get(\"HREFCR01\"), function() {pm.expect(instance['href']) == pm.globals.get('HREFCR01');});","            pm.test('id is ' + pm.globals.get(\"IDCR01\"), function() {pm.expect(instance['id']) == pm.globals.get('IDCR01');});","            pm.test('plannedEndTime is ' + pm.globals.get(\"PLANNEDENDTIMECR01\"), function() {pm.expect(instance['plannedEndTime']) == pm.globals.get('PLANNEDENDTIMECR01');});","            pm.test('plannedStartTime is ' + pm.globals.get(\"PLANNEDSTARTTIMECR01\"), function() {pm.expect(instance['plannedStartTime']) == pm.globals.get('PLANNEDSTARTTIMECR01');});","            pm.test('priority is ' + pm.globals.get(\"PRIORITYCR01\"), function() {pm.expect(instance['priority']) == pm.globals.get('PRIORITYCR01');});","            pm.test('requestType is ' + pm.globals.get(\"REQUESTTYPECR01\"), function() {pm.expect(instance['requestType']) == pm.globals.get('REQUESTTYPECR01');});","        }","        if (instance.id == pm.globals.get(\"IDCR02\")) {","            pm.test('IDCR02 not expected on this test', function () {","                console.log(\"Non expected resource, may happen if there is a collision on attributes\")","            });","        }","","        ","   ","}","  ","  "],"type":"text/javascript"}}],"request":{"method":"GET","header":[{"key":"Accept","value":"application/json"},{"key":"Content-Type","value":"application/json"}],"url":{"raw":"{{Change}}changeRequest?plannedEndTime={{PLANNEDENDTIMECR01}}","host":["{{Change}}changeRequest"],"query":[{"key":"plannedEndTime","value":"{{PLANNEDENDTIMECR01}}"}]},"description":"This operation filter a ChangeRequest"},"response":[]},{"name":"/ChangeRequest?fields=plannedStartTime","event":[{"listen":"test","script":{"exec":[""],"type":"text/javascript"}}],"request":{"method":"GET","header":[{"key":"Accept","value":"application/json"},{"key":"Content-Type","value":"application/json"}],"url":{"raw":"{{Change}}changeRequest?fields=plannedStartTime","host":["{{Change}}changeRequest"],"query":[{"key":"fields","value":"plannedStartTime"}]},"description":"This operation filter a ChangeRequest"},"response":[]},{"name":"/ChangeRequest?plannedStartTime={{PLANNEDSTARTTIMECR01}}","event":[{"listen":"test","script":{"exec":["pm.test(\"Status code is 200\", function () {","    pm.response.to.have.status(200);","});","  ","  ","  ","var jsonData = pm.response.json();","  ","if (Array.isArray(jsonData) && (jsonData.length > 0)) {","    jsonData.forEach(function (instance, index) {","      ","        var requiredAttributes = ['targetEntity', 'href', 'id', 'plannedEndTime', 'plannedStartTime', 'priority', 'requestType', 'specification', 'targetEntity'];","      ","        pm.test('Instance has all mandatory attributes', function () { pm.expect(Object.keys(instance)).to.include.members(requiredAttributes) });","      ","      ","      ","        pm.test('Response has targetEntity attribute', function() { pm.expect(instance[\"targetEntity\"]).to.be.a('array'); });","        pm.test('Response has href attribute', function() { pm.expect(instance[\"href\"]).to.be.a('string'); });","        pm.test('Response has id attribute', function() { pm.expect(instance[\"id\"]).to.be.a('string'); });","        pm.test('Response has plannedEndTime attribute', function() { pm.expect(instance[\"plannedEndTime\"]).to.be.a('string'); });","        pm.test('Response has plannedStartTime attribute', function() { pm.expect(instance[\"plannedStartTime\"]).to.be.a('string'); });","        pm.test('Response has priority attribute', function() { pm.expect(instance[\"priority\"]).to.be.a('string'); });","        pm.test('Response has requestType attribute', function() { pm.expect(instance[\"requestType\"]).to.be.a('string'); });","        pm.test('Response has targetEntity attribute', function() { pm.expect(instance[\"targetEntity\"]).to.be.a('array'); });","      ","        pm.test('Body includes value held on href', function () {","            pm.expect(pm.response.text()).to.include(instance['href']);","        });","        pm.test('Body includes value held on id', function () {","            pm.expect(pm.response.text()).to.include(instance['id']);","        });","        pm.test('Body includes value held on plannedEndTime', function () {","            pm.expect(pm.response.text()).to.include(instance['plannedEndTime']);","        });","        pm.test('Body includes value held on plannedStartTime', function () {","            pm.expect(pm.response.text()).to.include(instance['plannedStartTime']);","        });","        pm.test('Body includes value held on priority', function () {","            pm.expect(pm.response.text()).to.include(instance['priority']);","        });","        pm.test('Body includes value held on requestType', function () {","            pm.expect(pm.response.text()).to.include(instance['requestType']);","        });","        // Individualized tests","        if (instance.id == pm.globals.get(\"IDCR01\")) {","            pm.test('href is ' + pm.globals.get(\"HREFCR01\"), function() {pm.expect(instance['href']) == pm.globals.get('HREFCR01');});","            pm.test('id is ' + pm.globals.get(\"IDCR01\"), function() {pm.expect(instance['id']) == pm.globals.get('IDCR01');});","            pm.test('plannedEndTime is ' + pm.globals.get(\"PLANNEDENDTIMECR01\"), function() {pm.expect(instance['plannedEndTime']) == pm.globals.get('PLANNEDENDTIMECR01');});","            pm.test('plannedStartTime is ' + pm.globals.get(\"PLANNEDSTARTTIMECR01\"), function() {pm.expect(instance['plannedStartTime']) == pm.globals.get('PLANNEDSTARTTIMECR01');});","            pm.test('priority is ' + pm.globals.get(\"PRIORITYCR01\"), function() {pm.expect(instance['priority']) == pm.globals.get('PRIORITYCR01');});","            pm.test('requestType is ' + pm.globals.get(\"REQUESTTYPECR01\"), function() {pm.expect(instance['requestType']) == pm.globals.get('REQUESTTYPECR01');});","        }","        if (instance.id == pm.globals.get(\"IDCR02\")) {","            pm.test('IDCR02 not expected on this test', function () {","                console.log(\"Non expected resource, may happen if there is a collision on attributes\")","            });","        }","          ","    });","  }","  else {","    var instance = pm.response.json();","    var requiredAttributes = ['targetEntity', 'href', 'id', 'plannedEndTime', 'plannedStartTime', 'priority', 'requestType', 'specification', 'targetEntity'];","      ","        pm.test('Instance has all mandatory attributes', function () { pm.expect(Object.keys(instance)).to.include.members(requiredAttributes) });","      ","      ","      ","        pm.test('Response has targetEntity attribute', function() { pm.expect(instance[\"targetEntity\"]).to.be.a('array'); });","        pm.test('Response has href attribute', function() { pm.expect(instance[\"href\"]).to.be.a('string'); });","        pm.test('Response has id attribute', function() { pm.expect(instance[\"id\"]).to.be.a('string'); });","        pm.test('Response has plannedEndTime attribute', function() { pm.expect(instance[\"plannedEndTime\"]).to.be.a('string'); });","        pm.test('Response has plannedStartTime attribute', function() { pm.expect(instance[\"plannedStartTime\"]).to.be.a('string'); });","        pm.test('Response has priority attribute', function() { pm.expect(instance[\"priority\"]).to.be.a('string'); });","        pm.test('Response has requestType attribute', function() { pm.expect(instance[\"requestType\"]).to.be.a('string'); });","        pm.test('Response has targetEntity attribute', function() { pm.expect(instance[\"targetEntity\"]).to.be.a('array'); });","      ","        pm.test('Body includes value held on href', function () {","            pm.expect(pm.response.text()).to.include(instance['href']);","        });","        pm.test('Body includes value held on id', function () {","            pm.expect(pm.response.text()).to.include(instance['id']);","        });","        pm.test('Body includes value held on plannedEndTime', function () {","            pm.expect(pm.response.text()).to.include(instance['plannedEndTime']);","        });","        pm.test('Body includes value held on plannedStartTime', function () {","            pm.expect(pm.response.text()).to.include(instance['plannedStartTime']);","        });","        pm.test('Body includes value held on priority', function () {","            pm.expect(pm.response.text()).to.include(instance['priority']);","        });","        pm.test('Body includes value held on requestType', function () {","            pm.expect(pm.response.text()).to.include(instance['requestType']);","        });","        // Individualized tests","        if (instance.id == pm.globals.get(\"IDCR01\")) {","            pm.test('href is ' + pm.globals.get(\"HREFCR01\"), function() {pm.expect(instance['href']) == pm.globals.get('HREFCR01');});","            pm.test('id is ' + pm.globals.get(\"IDCR01\"), function() {pm.expect(instance['id']) == pm.globals.get('IDCR01');});","            pm.test('plannedEndTime is ' + pm.globals.get(\"PLANNEDENDTIMECR01\"), function() {pm.expect(instance['plannedEndTime']) == pm.globals.get('PLANNEDENDTIMECR01');});","            pm.test('plannedStartTime is ' + pm.globals.get(\"PLANNEDSTARTTIMECR01\"), function() {pm.expect(instance['plannedStartTime']) == pm.globals.get('PLANNEDSTARTTIMECR01');});","            pm.test('priority is ' + pm.globals.get(\"PRIORITYCR01\"), function() {pm.expect(instance['priority']) == pm.globals.get('PRIORITYCR01');});","            pm.test('requestType is ' + pm.globals.get(\"REQUESTTYPECR01\"), function() {pm.expect(instance['requestType']) == pm.globals.get('REQUESTTYPECR01');});","        }","        if (instance.id == pm.globals.get(\"IDCR02\")) {","            pm.test('IDCR02 not expected on this test', function () {","                console.log(\"Non expected resource, may happen if there is a collision on attributes\")","            });","        }","","        ","   ","}","  ","  "],"type":"text/javascript"}}],"request":{"method":"GET","header":[{"key":"Accept","value":"application/json"},{"key":"Content-Type","value":"application/json"}],"url":{"raw":"{{Change}}changeRequest?plannedStartTime={{PLANNEDSTARTTIMECR01}}","host":["{{Change}}changeRequest"],"query":[{"key":"plannedStartTime","value":"{{PLANNEDSTARTTIMECR01}}"}]},"description":"This operation filter a ChangeRequest"},"response":[]},{"name":"/ChangeRequest?fields=priority","event":[{"listen":"test","script":{"exec":[""],"type":"text/javascript"}}],"request":{"method":"GET","header":[{"key":"Accept","value":"application/json"},{"key":"Content-Type","value":"application/json"}],"url":{"raw":"{{Change}}changeRequest?fields=priority","host":["{{Change}}changeRequest"],"query":[{"key":"fields","value":"priority"}]},"description":"This operation filter a ChangeRequest"},"response":[]},{"name":"/ChangeRequest?priority={{PRIORITYCR01}}","event":[{"listen":"test","script":{"exec":["pm.test(\"Status code is 200\", function () {","    pm.response.to.have.status(200);","});","  ","  ","  ","var jsonData = pm.response.json();","  ","if (Array.isArray(jsonData) && (jsonData.length > 0)) {","    jsonData.forEach(function (instance, index) {","      ","        var requiredAttributes = ['targetEntity', 'href', 'id', 'plannedEndTime', 'plannedStartTime', 'priority', 'requestType', 'specification', 'targetEntity'];","      ","        pm.test('Instance has all mandatory attributes', function () { pm.expect(Object.keys(instance)).to.include.members(requiredAttributes) });","      ","      ","      ","        pm.test('Response has targetEntity attribute', function() { pm.expect(instance[\"targetEntity\"]).to.be.a('array'); });","        pm.test('Response has href attribute', function() { pm.expect(instance[\"href\"]).to.be.a('string'); });","        pm.test('Response has id attribute', function() { pm.expect(instance[\"id\"]).to.be.a('string'); });","        pm.test('Response has plannedEndTime attribute', function() { pm.expect(instance[\"plannedEndTime\"]).to.be.a('string'); });","        pm.test('Response has plannedStartTime attribute', function() { pm.expect(instance[\"plannedStartTime\"]).to.be.a('string'); });","        pm.test('Response has priority attribute', function() { pm.expect(instance[\"priority\"]).to.be.a('string'); });","        pm.test('Response has requestType attribute', function() { pm.expect(instance[\"requestType\"]).to.be.a('string'); });","        pm.test('Response has targetEntity attribute', function() { pm.expect(instance[\"targetEntity\"]).to.be.a('array'); });","      ","        pm.test('Body includes value held on href', function () {","            pm.expect(pm.response.text()).to.include(instance['href']);","        });","        pm.test('Body includes value held on id', function () {","            pm.expect(pm.response.text()).to.include(instance['id']);","        });","        pm.test('Body includes value held on plannedEndTime', function () {","            pm.expect(pm.response.text()).to.include(instance['plannedEndTime']);","        });","        pm.test('Body includes value held on plannedStartTime', function () {","            pm.expect(pm.response.text()).to.include(instance['plannedStartTime']);","        });","        pm.test('Body includes value held on priority', function () {","            pm.expect(pm.response.text()).to.include(instance['priority']);","        });","        pm.test('Body includes value held on requestType', function () {","            pm.expect(pm.response.text()).to.include(instance['requestType']);","        });","        // Individualized tests","        if (instance.id == pm.globals.get(\"IDCR01\")) {","            pm.test('href is ' + pm.globals.get(\"HREFCR01\"), function() {pm.expect(instance['href']) == pm.globals.get('HREFCR01');});","            pm.test('id is ' + pm.globals.get(\"IDCR01\"), function() {pm.expect(instance['id']) == pm.globals.get('IDCR01');});","            pm.test('plannedEndTime is ' + pm.globals.get(\"PLANNEDENDTIMECR01\"), function() {pm.expect(instance['plannedEndTime']) == pm.globals.get('PLANNEDENDTIMECR01');});","            pm.test('plannedStartTime is ' + pm.globals.get(\"PLANNEDSTARTTIMECR01\"), function() {pm.expect(instance['plannedStartTime']) == pm.globals.get('PLANNEDSTARTTIMECR01');});","            pm.test('priority is ' + pm.globals.get(\"PRIORITYCR01\"), function() {pm.expect(instance['priority']) == pm.globals.get('PRIORITYCR01');});","            pm.test('requestType is ' + pm.globals.get(\"REQUESTTYPECR01\"), function() {pm.expect(instance['requestType']) == pm.globals.get('REQUESTTYPECR01');});","        }","        if (instance.id == pm.globals.get(\"IDCR02\")) {","            pm.test('IDCR02 not expected on this test', function () {","                console.log(\"Non expected resource, may happen if there is a collision on attributes\")","            });","        }","          ","    });","  }","  else {","    var instance = pm.response.json();","    var requiredAttributes = ['targetEntity', 'href', 'id', 'plannedEndTime', 'plannedStartTime', 'priority', 'requestType', 'specification', 'targetEntity'];","      ","        pm.test('Instance has all mandatory attributes', function () { pm.expect(Object.keys(instance)).to.include.members(requiredAttributes) });","      ","      ","      ","        pm.test('Response has targetEntity attribute', function() { pm.expect(instance[\"targetEntity\"]).to.be.a('array'); });","        pm.test('Response has href attribute', function() { pm.expect(instance[\"href\"]).to.be.a('string'); });","        pm.test('Response has id attribute', function() { pm.expect(instance[\"id\"]).to.be.a('string'); });","        pm.test('Response has plannedEndTime attribute', function() { pm.expect(instance[\"plannedEndTime\"]).to.be.a('string'); });","        pm.test('Response has plannedStartTime attribute', function() { pm.expect(instance[\"plannedStartTime\"]).to.be.a('string'); });","        pm.test('Response has priority attribute', function() { pm.expect(instance[\"priority\"]).to.be.a('string'); });","        pm.test('Response has requestType attribute', function() { pm.expect(instance[\"requestType\"]).to.be.a('string'); });","        pm.test('Response has targetEntity attribute', function() { pm.expect(instance[\"targetEntity\"]).to.be.a('array'); });","      ","        pm.test('Body includes value held on href', function () {","            pm.expect(pm.response.text()).to.include(instance['href']);","        });","        pm.test('Body includes value held on id', function () {","            pm.expect(pm.response.text()).to.include(instance['id']);","        });","        pm.test('Body includes value held on plannedEndTime', function () {","            pm.expect(pm.response.text()).to.include(instance['plannedEndTime']);","        });","        pm.test('Body includes value held on plannedStartTime', function () {","            pm.expect(pm.response.text()).to.include(instance['plannedStartTime']);","        });","        pm.test('Body includes value held on priority', function () {","            pm.expect(pm.response.text()).to.include(instance['priority']);","        });","        pm.test('Body includes value held on requestType', function () {","            pm.expect(pm.response.text()).to.include(instance['requestType']);","        });","        // Individualized tests","        if (instance.id == pm.globals.get(\"IDCR01\")) {","            pm.test('href is ' + pm.globals.get(\"HREFCR01\"), function() {pm.expect(instance['href']) == pm.globals.get('HREFCR01');});","            pm.test('id is ' + pm.globals.get(\"IDCR01\"), function() {pm.expect(instance['id']) == pm.globals.get('IDCR01');});","            pm.test('plannedEndTime is ' + pm.globals.get(\"PLANNEDENDTIMECR01\"), function() {pm.expect(instance['plannedEndTime']) == pm.globals.get('PLANNEDENDTIMECR01');});","            pm.test('plannedStartTime is ' + pm.globals.get(\"PLANNEDSTARTTIMECR01\"), function() {pm.expect(instance['plannedStartTime']) == pm.globals.get('PLANNEDSTARTTIMECR01');});","            pm.test('priority is ' + pm.globals.get(\"PRIORITYCR01\"), function() {pm.expect(instance['priority']) == pm.globals.get('PRIORITYCR01');});","            pm.test('requestType is ' + pm.globals.get(\"REQUESTTYPECR01\"), function() {pm.expect(instance['requestType']) == pm.globals.get('REQUESTTYPECR01');});","        }","        if (instance.id == pm.globals.get(\"IDCR02\")) {","            pm.test('IDCR02 not expected on this test', function () {","                console.log(\"Non expected resource, may happen if there is a collision on attributes\")","            });","        }","","        ","   ","}","  ","  "],"type":"text/javascript"}}],"request":{"method":"GET","header":[{"key":"Accept","value":"application/json"},{"key":"Content-Type","value":"application/json"}],"url":{"raw":"{{Change}}changeRequest?priority={{PRIORITYCR01}}","host":["{{Change}}changeRequest"],"query":[{"key":"priority","value":"{{PRIORITYCR01}}"}]},"description":"This operation filter a ChangeRequest"},"response":[]},{"name":"/ChangeRequest?fields=requestType","event":[{"listen":"test","script":{"exec":[""],"type":"text/javascript"}}],"request":{"method":"GET","header":[{"key":"Accept","value":"application/json"},{"key":"Content-Type","value":"application/json"}],"url":{"raw":"{{Change}}changeRequest?fields=requestType","host":["{{Change}}changeRequest"],"query":[{"key":"fields","value":"requestType"}]},"description":"This operation filter a ChangeRequest"},"response":[]},{"name":"/ChangeRequest?requestType={{REQUESTTYPECR01}}","event":[{"listen":"test","script":{"exec":["pm.test(\"Status code is 200\", function () {","    pm.response.to.have.status(200);","});","  ","  ","  ","var jsonData = pm.response.json();","  ","if (Array.isArray(jsonData) && (jsonData.length > 0)) {","    jsonData.forEach(function (instance, index) {","      ","        var requiredAttributes = ['targetEntity', 'href', 'id', 'plannedEndTime', 'plannedStartTime', 'priority', 'requestType', 'specification', 'targetEntity'];","      ","        pm.test('Instance has all mandatory attributes', function () { pm.expect(Object.keys(instance)).to.include.members(requiredAttributes) });","      ","      ","      ","        pm.test('Response has targetEntity attribute', function() { pm.expect(instance[\"targetEntity\"]).to.be.a('array'); });","        pm.test('Response has href attribute', function() { pm.expect(instance[\"href\"]).to.be.a('string'); });","        pm.test('Response has id attribute', function() { pm.expect(instance[\"id\"]).to.be.a('string'); });","        pm.test('Response has plannedEndTime attribute', function() { pm.expect(instance[\"plannedEndTime\"]).to.be.a('string'); });","        pm.test('Response has plannedStartTime attribute', function() { pm.expect(instance[\"plannedStartTime\"]).to.be.a('string'); });","        pm.test('Response has priority attribute', function() { pm.expect(instance[\"priority\"]).to.be.a('string'); });","        pm.test('Response has requestType attribute', function() { pm.expect(instance[\"requestType\"]).to.be.a('string'); });","        pm.test('Response has targetEntity attribute', function() { pm.expect(instance[\"targetEntity\"]).to.be.a('array'); });","      ","        pm.test('Body includes value held on href', function () {","            pm.expect(pm.response.text()).to.include(instance['href']);","        });","        pm.test('Body includes value held on id', function () {","            pm.expect(pm.response.text()).to.include(instance['id']);","        });","        pm.test('Body includes value held on plannedEndTime', function () {","            pm.expect(pm.response.text()).to.include(instance['plannedEndTime']);","        });","        pm.test('Body includes value held on plannedStartTime', function () {","            pm.expect(pm.response.text()).to.include(instance['plannedStartTime']);","        });","        pm.test('Body includes value held on priority', function () {","            pm.expect(pm.response.text()).to.include(instance['priority']);","        });","        pm.test('Body includes value held on requestType', function () {","            pm.expect(pm.response.text()).to.include(instance['requestType']);","        });","        // Individualized tests","        if (instance.id == pm.globals.get(\"IDCR01\")) {","            pm.test('href is ' + pm.globals.get(\"HREFCR01\"), function() {pm.expect(instance['href']) == pm.globals.get('HREFCR01');});","            pm.test('id is ' + pm.globals.get(\"IDCR01\"), function() {pm.expect(instance['id']) == pm.globals.get('IDCR01');});","            pm.test('plannedEndTime is ' + pm.globals.get(\"PLANNEDENDTIMECR01\"), function() {pm.expect(instance['plannedEndTime']) == pm.globals.get('PLANNEDENDTIMECR01');});","            pm.test('plannedStartTime is ' + pm.globals.get(\"PLANNEDSTARTTIMECR01\"), function() {pm.expect(instance['plannedStartTime']) == pm.globals.get('PLANNEDSTARTTIMECR01');});","            pm.test('priority is ' + pm.globals.get(\"PRIORITYCR01\"), function() {pm.expect(instance['priority']) == pm.globals.get('PRIORITYCR01');});","            pm.test('requestType is ' + pm.globals.get(\"REQUESTTYPECR01\"), function() {pm.expect(instance['requestType']) == pm.globals.get('REQUESTTYPECR01');});","        }","        if (instance.id == pm.globals.get(\"IDCR02\")) {","            pm.test('IDCR02 not expected on this test', function () {","                console.log(\"Non expected resource, may happen if there is a collision on attributes\")","            });","        }","          ","    });","  }","  else {","    var instance = pm.response.json();","    var requiredAttributes = ['targetEntity', 'href', 'id', 'plannedEndTime', 'plannedStartTime', 'priority', 'requestType', 'specification', 'targetEntity'];","      ","        pm.test('Instance has all mandatory attributes', function () { pm.expect(Object.keys(instance)).to.include.members(requiredAttributes) });","      ","      ","      ","        pm.test('Response has targetEntity attribute', function() { pm.expect(instance[\"targetEntity\"]).to.be.a('array'); });","        pm.test('Response has href attribute', function() { pm.expect(instance[\"href\"]).to.be.a('string'); });","        pm.test('Response has id attribute', function() { pm.expect(instance[\"id\"]).to.be.a('string'); });","        pm.test('Response has plannedEndTime attribute', function() { pm.expect(instance[\"plannedEndTime\"]).to.be.a('string'); });","        pm.test('Response has plannedStartTime attribute', function() { pm.expect(instance[\"plannedStartTime\"]).to.be.a('string'); });","        pm.test('Response has priority attribute', function() { pm.expect(instance[\"priority\"]).to.be.a('string'); });","        pm.test('Response has requestType attribute', function() { pm.expect(instance[\"requestType\"]).to.be.a('string'); });","        pm.test('Response has targetEntity attribute', function() { pm.expect(instance[\"targetEntity\"]).to.be.a('array'); });","      ","        pm.test('Body includes value held on href', function () {","            pm.expect(pm.response.text()).to.include(instance['href']);","        });","        pm.test('Body includes value held on id', function () {","            pm.expect(pm.response.text()).to.include(instance['id']);","        });","        pm.test('Body includes value held on plannedEndTime', function () {","            pm.expect(pm.response.text()).to.include(instance['plannedEndTime']);","        });","        pm.test('Body includes value held on plannedStartTime', function () {","            pm.expect(pm.response.text()).to.include(instance['plannedStartTime']);","        });","        pm.test('Body includes value held on priority', function () {","            pm.expect(pm.response.text()).to.include(instance['priority']);","        });","        pm.test('Body includes value held on requestType', function () {","            pm.expect(pm.response.text()).to.include(instance['requestType']);","        });","        // Individualized tests","        if (instance.id == pm.globals.get(\"IDCR01\")) {","            pm.test('href is ' + pm.globals.get(\"HREFCR01\"), function() {pm.expect(instance['href']) == pm.globals.get('HREFCR01');});","            pm.test('id is ' + pm.globals.get(\"IDCR01\"), function() {pm.expect(instance['id']) == pm.globals.get('IDCR01');});","            pm.test('plannedEndTime is ' + pm.globals.get(\"PLANNEDENDTIMECR01\"), function() {pm.expect(instance['plannedEndTime']) == pm.globals.get('PLANNEDENDTIMECR01');});","            pm.test('plannedStartTime is ' + pm.globals.get(\"PLANNEDSTARTTIMECR01\"), function() {pm.expect(instance['plannedStartTime']) == pm.globals.get('PLANNEDSTARTTIMECR01');});","            pm.test('priority is ' + pm.globals.get(\"PRIORITYCR01\"), function() {pm.expect(instance['priority']) == pm.globals.get('PRIORITYCR01');});","            pm.test('requestType is ' + pm.globals.get(\"REQUESTTYPECR01\"), function() {pm.expect(instance['requestType']) == pm.globals.get('REQUESTTYPECR01');});","        }","        if (instance.id == pm.globals.get(\"IDCR02\")) {","            pm.test('IDCR02 not expected on this test', function () {","                console.log(\"Non expected resource, may happen if there is a collision on attributes\")","            });","        }","","        ","   ","}","  ","  "],"type":"text/javascript"}}],"request":{"method":"GET","header":[{"key":"Accept","value":"application/json"},{"key":"Content-Type","value":"application/json"}],"url":{"raw":"{{Change}}changeRequest?requestType={{REQUESTTYPECR01}}","host":["{{Change}}changeRequest"],"query":[{"key":"requestType","value":"{{REQUESTTYPECR01}}"}]},"description":"This operation filter a ChangeRequest"},"response":[]}]},{"name":"E1","item":[{"name":"/ChangeRequest/404ID","event":[{"listen":"test","script":{"exec":["pm.test(\"Status code is 404\", function () {","    pm.response.to.have.status(404);","});","",""],"type":"text/javascript"}}],"request":{"method":"GET","header":[{"key":"Accept","value":"application/json"},{"key":"Content-Type","value":"application/json"}],"url":{"raw":"{{Change}}ChangeRequest/49b7b7c0-f2e4-4cb9-8ab8-56ef01c59537","host":["{{Change}}ChangeRequest"],"path":["49b7b7c0-f2e4-4cb9-8ab8-56ef01c59537"]},"description":"This operation search for one of the created ChangeRequest"},"response":[]}]}]}