{"info":{"_postman_id":"2e49ada8-ac24-47fc-ba63-c43dd743785b","name":"CTK-Service_Test-4.0.0","schema":"https://schema.getpostman.com/json/collection/v2.1.0/collection.json"},"item":[{"name":"N1","item":[{"name":"/serviceTest","event":[{"listen":"test","script":{"id":"d0db1afe-fb75-40ca-a7c7-83eacecfaf3f","exec":["var jsonData = pm.response.json();","","if (Array.isArray(jsonData)) { ","  ","    pm.test('Array not expected as response', function (){pm.expect.fail()});","  ","","}","","pm.test(\"Status code is 201\", function () {","  pm.response.to.have.status(201);","});","","var instance = pm.response.json();","var requiredAttributes = ['relatedService', 'testSpecification', 'href', 'id', 'name'];","","pm.test('Instance has all mandatory attributes', function () { pm.expect(Object.keys(instance)).to.include.members(requiredAttributes) });","","","","pm.test('Response has href attribute', function() { pm.expect(instance[\"href\"]).to.be.a('string'); });","pm.test('Response has id attribute', function() { pm.expect(instance[\"id\"]).to.be.a('string'); });","pm.test('Response has name attribute', function() { pm.expect(instance[\"name\"]).to.be.a('string'); });","","pm.globals.set('HREFST01', instance['href']);","pm.globals.set('IDST01', instance['id']);","pm.globals.set('NAMEST01', instance['name']);","","pm.test('Body includes value held on href', function () {","  pm.expect(pm.response.text()).to.include(instance['href']);","});","pm.test('Body includes value held on id', function () {","  pm.expect(pm.response.text()).to.include(instance['id']);","});","pm.test('Body includes value held on name', function () {","  pm.expect(pm.response.text()).to.include(instance['name']);","});",""],"type":"text/javascript"}}],"request":{"method":"POST","header":[{"key":"Accept","value":"application/json"},{"key":"Content-Type","value":"application/json"}],"body":{"mode":"raw","raw":"{\n  \"relatedService\": {\n    \"id\": \"21\"\n  },\n  \"testSpecification\": {\n    \"id\": \"22\",\n    \"@referredType\": \"PerformanceTestSpecification\"\n  },\n  \"name\": \"PerformanceTest\"\n}"},"url":{"raw":"{{Service_Test}}serviceTest","host":["{{Service_Test}}serviceTest"]},"description":"This operation creates a ServiceTest"},"response":[]},{"name":"/serviceTest","event":[{"listen":"test","script":{"id":"458d8b66-e4e6-4d7a-a6a8-0e7bb8f29b2d","exec":["pm.test(\"Status code is 200\", function () {","    pm.response.to.have.status(200);","});","  ","  ","  ","var jsonData = pm.response.json();","  ","if (Array.isArray(jsonData) && (jsonData.length > 0)) {","    jsonData.forEach(function (instance, index) {","      ","        var requiredAttributes = ['relatedService', 'testSpecification', 'href', 'id', 'name'];","      ","        pm.test('Instance has all mandatory attributes', function () { pm.expect(Object.keys(instance)).to.include.members(requiredAttributes) });","      ","      ","      ","        pm.test('Response has href attribute', function() { pm.expect(instance[\"href\"]).to.be.a('string'); });","        pm.test('Response has id attribute', function() { pm.expect(instance[\"id\"]).to.be.a('string'); });","        pm.test('Response has name attribute', function() { pm.expect(instance[\"name\"]).to.be.a('string'); });","      ","        pm.test('Body includes value held on href', function () {","            pm.expect(pm.response.text()).to.include(instance['href']);","        });","        pm.test('Body includes value held on id', function () {","            pm.expect(pm.response.text()).to.include(instance['id']);","        });","        pm.test('Body includes value held on name', function () {","            pm.expect(pm.response.text()).to.include(instance['name']);","        });","        // Individualized tests","        if (instance.id == pm.globals.get(\"IDST01\")) {","            pm.test('href is ' + pm.globals.get(\"HREFST01\"), function() {pm.expect(instance['href']) == pm.globals.get('HREFST01');});","            pm.test('id is ' + pm.globals.get(\"IDST01\"), function() {pm.expect(instance['id']) == pm.globals.get('IDST01');});","            pm.test('name is ' + pm.globals.get(\"NAMEST01\"), function() {pm.expect(instance['name']) == pm.globals.get('NAMEST01');});","        }","        if (instance.id == pm.globals.get(\"IDST02\")) {","            pm.test('href is ' + pm.globals.get(\"HREFST02\"), function() {pm.expect(instance['href']) == pm.globals.get('HREFST02');});","            pm.test('id is ' + pm.globals.get(\"IDST02\"), function() {pm.expect(instance['id']) == pm.globals.get('IDST02');});","            pm.test('name is ' + pm.globals.get(\"NAMEST02\"), function() {pm.expect(instance['name']) == pm.globals.get('NAMEST02');});","        }  ","    });","  }","  else {","    var instance = pm.response.json();","    var requiredAttributes = ['relatedService', 'testSpecification', 'href', 'id', 'name'];","      ","        pm.test('Instance has all mandatory attributes', function () { pm.expect(Object.keys(instance)).to.include.members(requiredAttributes) });","      ","      ","      ","        pm.test('Response has href attribute', function() { pm.expect(instance[\"href\"]).to.be.a('string'); });","        pm.test('Response has id attribute', function() { pm.expect(instance[\"id\"]).to.be.a('string'); });","        pm.test('Response has name attribute', function() { pm.expect(instance[\"name\"]).to.be.a('string'); });","      ","        pm.test('Body includes value held on href', function () {","            pm.expect(pm.response.text()).to.include(instance['href']);","        });","        pm.test('Body includes value held on id', function () {","            pm.expect(pm.response.text()).to.include(instance['id']);","        });","        pm.test('Body includes value held on name', function () {","            pm.expect(pm.response.text()).to.include(instance['name']);","        });","        // Individualized tests","        if (instance.id == pm.globals.get(\"IDST01\")) {","            pm.test('href is ' + pm.globals.get(\"HREFST01\"), function() {pm.expect(instance['href']) == pm.globals.get('HREFST01');});","            pm.test('id is ' + pm.globals.get(\"IDST01\"), function() {pm.expect(instance['id']) == pm.globals.get('IDST01');});","            pm.test('name is ' + pm.globals.get(\"NAMEST01\"), function() {pm.expect(instance['name']) == pm.globals.get('NAMEST01');});","        }","        if (instance.id == pm.globals.get(\"IDST02\")) {","            pm.test('href is ' + pm.globals.get(\"HREFST02\"), function() {pm.expect(instance['href']) == pm.globals.get('HREFST02');});","            pm.test('id is ' + pm.globals.get(\"IDST02\"), function() {pm.expect(instance['id']) == pm.globals.get('IDST02');});","            pm.test('name is ' + pm.globals.get(\"NAMEST02\"), function() {pm.expect(instance['name']) == pm.globals.get('NAMEST02');});","        }","   ","  }","  ","  "],"type":"text/javascript"}}],"request":{"method":"GET","header":[{"key":"Accept","value":"application/json"},{"key":"Content-Type","value":"application/json"}],"url":{"raw":"{{Service_Test}}serviceTest","host":["{{Service_Test}}serviceTest"]},"description":"This operation search for the created ServiceTest"},"response":[]},{"name":"/serviceTest/{{IDST01}}","event":[{"listen":"test","script":{"id":"3a721187-4661-4031-a79b-a3414c28ae00","exec":["pm.test(\"Status code is 200\", function () {","    pm.response.to.have.status(200);","});","  ","  ","  ","var jsonData = pm.response.json();","  ","if (Array.isArray(jsonData) && (jsonData.length > 0)) {","    jsonData.forEach(function (instance, index) {","      ","        var requiredAttributes = ['relatedService', 'testSpecification', 'href', 'id', 'name'];","      ","        pm.test('Instance has all mandatory attributes', function () { pm.expect(Object.keys(instance)).to.include.members(requiredAttributes) });","      ","      ","      ","        pm.test('Response has href attribute', function() { pm.expect(instance[\"href\"]).to.be.a('string'); });","        pm.test('Response has id attribute', function() { pm.expect(instance[\"id\"]).to.be.a('string'); });","        pm.test('Response has name attribute', function() { pm.expect(instance[\"name\"]).to.be.a('string'); });","      ","        pm.test('Body includes value held on href', function () {","            pm.expect(pm.response.text()).to.include(instance['href']);","        });","        pm.test('Body includes value held on id', function () {","            pm.expect(pm.response.text()).to.include(instance['id']);","        });","        pm.test('Body includes value held on name', function () {","            pm.expect(pm.response.text()).to.include(instance['name']);","        });","        // Individualized tests","        if (instance.id == pm.globals.get(\"IDST01\")) {","            pm.test('href is ' + pm.globals.get(\"HREFST01\"), function() {pm.expect(instance['href']) == pm.globals.get('HREFST01');});","            pm.test('id is ' + pm.globals.get(\"IDST01\"), function() {pm.expect(instance['id']) == pm.globals.get('IDST01');});","            pm.test('name is ' + pm.globals.get(\"NAMEST01\"), function() {pm.expect(instance['name']) == pm.globals.get('NAMEST01');});","        }","        if (instance.id == pm.globals.get(\"IDST02\")) {","            pm.test('IDST02 not expected on this test', function () {","                console.log(\"Non expected resource, may happen if there is a collision on attributes\")","            });","        }","          ","    });","  }","  else {","    var instance = pm.response.json();","    var requiredAttributes = ['relatedService', 'testSpecification', 'href', 'id', 'name'];","      ","        pm.test('Instance has all mandatory attributes', function () { pm.expect(Object.keys(instance)).to.include.members(requiredAttributes) });","      ","      ","      ","        pm.test('Response has href attribute', function() { pm.expect(instance[\"href\"]).to.be.a('string'); });","        pm.test('Response has id attribute', function() { pm.expect(instance[\"id\"]).to.be.a('string'); });","        pm.test('Response has name attribute', function() { pm.expect(instance[\"name\"]).to.be.a('string'); });","      ","        pm.test('Body includes value held on href', function () {","            pm.expect(pm.response.text()).to.include(instance['href']);","        });","        pm.test('Body includes value held on id', function () {","            pm.expect(pm.response.text()).to.include(instance['id']);","        });","        pm.test('Body includes value held on name', function () {","            pm.expect(pm.response.text()).to.include(instance['name']);","        });","        // Individualized tests","        if (instance.id == pm.globals.get(\"IDST01\")) {","            pm.test('href is ' + pm.globals.get(\"HREFST01\"), function() {pm.expect(instance['href']) == pm.globals.get('HREFST01');});","            pm.test('id is ' + pm.globals.get(\"IDST01\"), function() {pm.expect(instance['id']) == pm.globals.get('IDST01');});","            pm.test('name is ' + pm.globals.get(\"NAMEST01\"), function() {pm.expect(instance['name']) == pm.globals.get('NAMEST01');});","        }","        if (instance.id == pm.globals.get(\"IDST02\")) {","            pm.test('IDST02 not expected on this test', function () {","                console.log(\"Non expected resource, may happen if there is a collision on attributes\")","            });","        }","","        ","   ","}","  ","  "],"type":"text/javascript"}}],"request":{"method":"GET","header":[{"key":"Accept","value":"application/json"},{"key":"Content-Type","value":"application/json"}],"url":{"raw":"{{Service_Test}}serviceTest/{{IDST01}}","host":["{{Service_Test}}serviceTest"],"path":["{{IDST01}}"]},"description":"This operation search for one of the created ServiceTest"},"response":[]}],"protocolProfileBehavior":{}},{"name":"N2","item":[{"name":"/serviceTest?fields=href","event":[{"listen":"test","script":{"id":"844d3869-b66a-4e3d-b615-8db58cb7ee95","exec":[""],"type":"text/javascript"}}],"request":{"method":"GET","header":[{"key":"Accept","value":"application/json"},{"key":"Content-Type","value":"application/json"}],"url":{"raw":"{{Service_Test}}serviceTest?fields=href","host":["{{Service_Test}}serviceTest"],"query":[{"key":"fields","value":"href"}]},"description":"This operation filter a ServiceTest"},"response":[]},{"name":"/serviceTest?fields=id","event":[{"listen":"test","script":{"id":"d0966381-8da4-46f5-83e2-78902d621372","exec":[""],"type":"text/javascript"}}],"request":{"method":"GET","header":[{"key":"Accept","value":"application/json"},{"key":"Content-Type","value":"application/json"}],"url":{"raw":"{{Service_Test}}serviceTest?fields=id","host":["{{Service_Test}}serviceTest"],"query":[{"key":"fields","value":"id"}]},"description":"This operation filter a ServiceTest"},"response":[]},{"name":"/serviceTest?id={{IDST01}}","event":[{"listen":"test","script":{"id":"247a1a2f-210a-448e-b75a-d87e85f73df5","exec":["pm.test(\"Status code is 200\", function () {","    pm.response.to.have.status(200);","});","  ","  ","  ","var jsonData = pm.response.json();","  ","if (Array.isArray(jsonData) && (jsonData.length > 0)) {","    jsonData.forEach(function (instance, index) {","      ","        var requiredAttributes = ['relatedService', 'testSpecification', 'href', 'id', 'name'];","      ","        pm.test('Instance has all mandatory attributes', function () { pm.expect(Object.keys(instance)).to.include.members(requiredAttributes) });","      ","      ","      ","        pm.test('Response has href attribute', function() { pm.expect(instance[\"href\"]).to.be.a('string'); });","        pm.test('Response has id attribute', function() { pm.expect(instance[\"id\"]).to.be.a('string'); });","        pm.test('Response has name attribute', function() { pm.expect(instance[\"name\"]).to.be.a('string'); });","      ","        pm.test('Body includes value held on href', function () {","            pm.expect(pm.response.text()).to.include(instance['href']);","        });","        pm.test('Body includes value held on id', function () {","            pm.expect(pm.response.text()).to.include(instance['id']);","        });","        pm.test('Body includes value held on name', function () {","            pm.expect(pm.response.text()).to.include(instance['name']);","        });","        // Individualized tests","        if (instance.id == pm.globals.get(\"IDST01\")) {","            pm.test('href is ' + pm.globals.get(\"HREFST01\"), function() {pm.expect(instance['href']) == pm.globals.get('HREFST01');});","            pm.test('id is ' + pm.globals.get(\"IDST01\"), function() {pm.expect(instance['id']) == pm.globals.get('IDST01');});","            pm.test('name is ' + pm.globals.get(\"NAMEST01\"), function() {pm.expect(instance['name']) == pm.globals.get('NAMEST01');});","        }","        if (instance.id == pm.globals.get(\"IDST02\")) {","            pm.test('IDST02 not expected on this test', function () {","                console.log(\"Non expected resource, may happen if there is a collision on attributes\")","            });","        }","          ","    });","  }","  else {","    var instance = pm.response.json();","    var requiredAttributes = ['relatedService', 'testSpecification', 'href', 'id', 'name'];","      ","        pm.test('Instance has all mandatory attributes', function () { pm.expect(Object.keys(instance)).to.include.members(requiredAttributes) });","      ","      ","      ","        pm.test('Response has href attribute', function() { pm.expect(instance[\"href\"]).to.be.a('string'); });","        pm.test('Response has id attribute', function() { pm.expect(instance[\"id\"]).to.be.a('string'); });","        pm.test('Response has name attribute', function() { pm.expect(instance[\"name\"]).to.be.a('string'); });","      ","        pm.test('Body includes value held on href', function () {","            pm.expect(pm.response.text()).to.include(instance['href']);","        });","        pm.test('Body includes value held on id', function () {","            pm.expect(pm.response.text()).to.include(instance['id']);","        });","        pm.test('Body includes value held on name', function () {","            pm.expect(pm.response.text()).to.include(instance['name']);","        });","        // Individualized tests","        if (instance.id == pm.globals.get(\"IDST01\")) {","            pm.test('href is ' + pm.globals.get(\"HREFST01\"), function() {pm.expect(instance['href']) == pm.globals.get('HREFST01');});","            pm.test('id is ' + pm.globals.get(\"IDST01\"), function() {pm.expect(instance['id']) == pm.globals.get('IDST01');});","            pm.test('name is ' + pm.globals.get(\"NAMEST01\"), function() {pm.expect(instance['name']) == pm.globals.get('NAMEST01');});","        }","        if (instance.id == pm.globals.get(\"IDST02\")) {","            pm.test('IDST02 not expected on this test', function () {","                console.log(\"Non expected resource, may happen if there is a collision on attributes\")","            });","        }","","        ","   ","}","  ","  "],"type":"text/javascript"}}],"request":{"method":"GET","header":[{"key":"Accept","value":"application/json"},{"key":"Content-Type","value":"application/json"}],"url":{"raw":"{{Service_Test}}serviceTest?id={{IDST01}}","host":["{{Service_Test}}serviceTest"],"query":[{"key":"id","value":"{{IDST01}}"}]},"description":"This operation filter a ServiceTest"},"response":[]},{"name":"/serviceTest?fields=name","event":[{"listen":"test","script":{"id":"e66f99fa-beee-4279-830c-8f067b6d89b5","exec":[""],"type":"text/javascript"}}],"request":{"method":"GET","header":[{"key":"Accept","value":"application/json"},{"key":"Content-Type","value":"application/json"}],"url":{"raw":"{{Service_Test}}serviceTest?fields=name","host":["{{Service_Test}}serviceTest"],"query":[{"key":"fields","value":"name"}]},"description":"This operation filter a ServiceTest"},"response":[]},{"name":"/serviceTest?name={{NAMEST01}}","event":[{"listen":"test","script":{"id":"55d4ccad-9e05-436b-bb60-af9112807a5d","exec":["pm.test(\"Status code is 200\", function () {","    pm.response.to.have.status(200);","});","  ","  ","  ","var jsonData = pm.response.json();","  ","if (Array.isArray(jsonData) && (jsonData.length > 0)) {","    jsonData.forEach(function (instance, index) {","      ","        var requiredAttributes = ['relatedService', 'testSpecification', 'href', 'id', 'name'];","      ","        pm.test('Instance has all mandatory attributes', function () { pm.expect(Object.keys(instance)).to.include.members(requiredAttributes) });","      ","      ","      ","        pm.test('Response has href attribute', function() { pm.expect(instance[\"href\"]).to.be.a('string'); });","        pm.test('Response has id attribute', function() { pm.expect(instance[\"id\"]).to.be.a('string'); });","        pm.test('Response has name attribute', function() { pm.expect(instance[\"name\"]).to.be.a('string'); });","      ","        pm.test('Body includes value held on href', function () {","            pm.expect(pm.response.text()).to.include(instance['href']);","        });","        pm.test('Body includes value held on id', function () {","            pm.expect(pm.response.text()).to.include(instance['id']);","        });","        pm.test('Body includes value held on name', function () {","            pm.expect(pm.response.text()).to.include(instance['name']);","        });","        // Individualized tests","        if (instance.id == pm.globals.get(\"IDST01\")) {","            pm.test('href is ' + pm.globals.get(\"HREFST01\"), function() {pm.expect(instance['href']) == pm.globals.get('HREFST01');});","            pm.test('id is ' + pm.globals.get(\"IDST01\"), function() {pm.expect(instance['id']) == pm.globals.get('IDST01');});","            pm.test('name is ' + pm.globals.get(\"NAMEST01\"), function() {pm.expect(instance['name']) == pm.globals.get('NAMEST01');});","        }","        if (instance.id == pm.globals.get(\"IDST02\")) {","            pm.test('IDST02 not expected on this test', function () {","                console.log(\"Non expected resource, may happen if there is a collision on attributes\")","            });","        }","          ","    });","  }","  else {","    var instance = pm.response.json();","    var requiredAttributes = ['relatedService', 'testSpecification', 'href', 'id', 'name'];","      ","        pm.test('Instance has all mandatory attributes', function () { pm.expect(Object.keys(instance)).to.include.members(requiredAttributes) });","      ","      ","      ","        pm.test('Response has href attribute', function() { pm.expect(instance[\"href\"]).to.be.a('string'); });","        pm.test('Response has id attribute', function() { pm.expect(instance[\"id\"]).to.be.a('string'); });","        pm.test('Response has name attribute', function() { pm.expect(instance[\"name\"]).to.be.a('string'); });","      ","        pm.test('Body includes value held on href', function () {","            pm.expect(pm.response.text()).to.include(instance['href']);","        });","        pm.test('Body includes value held on id', function () {","            pm.expect(pm.response.text()).to.include(instance['id']);","        });","        pm.test('Body includes value held on name', function () {","            pm.expect(pm.response.text()).to.include(instance['name']);","        });","        // Individualized tests","        if (instance.id == pm.globals.get(\"IDST01\")) {","            pm.test('href is ' + pm.globals.get(\"HREFST01\"), function() {pm.expect(instance['href']) == pm.globals.get('HREFST01');});","            pm.test('id is ' + pm.globals.get(\"IDST01\"), function() {pm.expect(instance['id']) == pm.globals.get('IDST01');});","            pm.test('name is ' + pm.globals.get(\"NAMEST01\"), function() {pm.expect(instance['name']) == pm.globals.get('NAMEST01');});","        }","        if (instance.id == pm.globals.get(\"IDST02\")) {","            pm.test('IDST02 not expected on this test', function () {","                console.log(\"Non expected resource, may happen if there is a collision on attributes\")","            });","        }","","        ","   ","}","  ","  "],"type":"text/javascript"}}],"request":{"method":"GET","header":[{"key":"Accept","value":"application/json"},{"key":"Content-Type","value":"application/json"}],"url":{"raw":"{{Service_Test}}serviceTest?name={{NAMEST01}}","host":["{{Service_Test}}serviceTest"],"query":[{"key":"name","value":"{{NAMEST01}}"}]},"description":"This operation filter a ServiceTest"},"response":[]}],"protocolProfileBehavior":{}},{"name":"E1","item":[{"name":"/serviceTest/404ID","event":[{"listen":"test","script":{"id":"ef03488e-972e-4aa7-a238-f1deca51c87e","exec":["pm.test(\"Status code is 404\", function () {","    pm.response.to.have.status(404);","});","",""],"type":"text/javascript"}}],"request":{"method":"GET","header":[{"key":"Accept","value":"application/json"},{"key":"Content-Type","value":"application/json"}],"url":{"raw":"{{Service_Test}}serviceTest/fdff6ea4-bf5c-4285-8b48-8f31f0c5e1dd","host":["{{Service_Test}}serviceTest"],"path":["fdff6ea4-bf5c-4285-8b48-8f31f0c5e1dd"]},"description":"This operation search for one of the created ServiceTest"},"response":[]}],"protocolProfileBehavior":{}},{"name":"N1","item":[{"name":"/serviceTestSpecification","event":[{"listen":"test","script":{"id":"6646dafd-17b1-4586-aed5-ac7a1b0cbeda","exec":["var jsonData = pm.response.json();","","if (Array.isArray(jsonData)) { ","  ","    pm.test('Array not expected as response', function (){pm.expect.fail()});","  ","","}","","pm.test(\"Status code is 201\", function () {","  pm.response.to.have.status(201);","});","","var instance = pm.response.json();","var requiredAttributes = ['relatedServiceSpecification', 'href', 'id', 'name'];","","pm.test('Instance has all mandatory attributes', function () { pm.expect(Object.keys(instance)).to.include.members(requiredAttributes) });","","","","pm.test('Response has relatedServiceSpecification attribute', function() { pm.expect(instance[\"relatedServiceSpecification\"]).to.be.a('array'); });","pm.test('Response has href attribute', function() { pm.expect(instance[\"href\"]).to.be.a('string'); });","pm.test('Response has id attribute', function() { pm.expect(instance[\"id\"]).to.be.a('string'); });","pm.test('Response has name attribute', function() { pm.expect(instance[\"name\"]).to.be.a('string'); });","","pm.globals.set('HREFSTS01', instance['href']);","pm.globals.set('IDSTS01', instance['id']);","pm.globals.set('NAMESTS01', instance['name']);","","pm.test('Body includes value held on href', function () {","  pm.expect(pm.response.text()).to.include(instance['href']);","});","pm.test('Body includes value held on id', function () {","  pm.expect(pm.response.text()).to.include(instance['id']);","});","pm.test('Body includes value held on name', function () {","  pm.expect(pm.response.text()).to.include(instance['name']);","});",""],"type":"text/javascript"}}],"request":{"method":"POST","header":[{"key":"Accept","value":"application/json"},{"key":"Content-Type","value":"application/json"}],"body":{"mode":"raw","raw":"{\n  \"relatedServiceSpecification\": [\n    {\n      \"id\": \"31\",\n      \"@referredType\": \"vCPEServiceSpecification\"\n    }\n  ],\n  \"name\": \"monkey test\"\n}"},"url":{"raw":"{{Service_Test}}serviceTestSpecification","host":["{{Service_Test}}serviceTestSpecification"]},"description":"This operation creates a ServiceTestSpecification"},"response":[]},{"name":"/serviceTestSpecification","event":[{"listen":"test","script":{"id":"2d98ce67-4b6e-49f5-bf42-050199cf6943","exec":["pm.test(\"Status code is 200\", function () {","    pm.response.to.have.status(200);","});","  ","  ","  ","var jsonData = pm.response.json();","  ","if (Array.isArray(jsonData) && (jsonData.length > 0)) {","    jsonData.forEach(function (instance, index) {","      ","        var requiredAttributes = ['relatedServiceSpecification', 'href', 'id', 'name'];","      ","        pm.test('Instance has all mandatory attributes', function () { pm.expect(Object.keys(instance)).to.include.members(requiredAttributes) });","      ","      ","      ","        pm.test('Response has relatedServiceSpecification attribute', function() { pm.expect(instance[\"relatedServiceSpecification\"]).to.be.a('array'); });","        pm.test('Response has href attribute', function() { pm.expect(instance[\"href\"]).to.be.a('string'); });","        pm.test('Response has id attribute', function() { pm.expect(instance[\"id\"]).to.be.a('string'); });","        pm.test('Response has name attribute', function() { pm.expect(instance[\"name\"]).to.be.a('string'); });","      ","        pm.test('Body includes value held on href', function () {","            pm.expect(pm.response.text()).to.include(instance['href']);","        });","        pm.test('Body includes value held on id', function () {","            pm.expect(pm.response.text()).to.include(instance['id']);","        });","        pm.test('Body includes value held on name', function () {","            pm.expect(pm.response.text()).to.include(instance['name']);","        });","        // Individualized tests","        if (instance.id == pm.globals.get(\"IDSTS01\")) {","            pm.test('href is ' + pm.globals.get(\"HREFSTS01\"), function() {pm.expect(instance['href']) == pm.globals.get('HREFSTS01');});","            pm.test('id is ' + pm.globals.get(\"IDSTS01\"), function() {pm.expect(instance['id']) == pm.globals.get('IDSTS01');});","            pm.test('name is ' + pm.globals.get(\"NAMESTS01\"), function() {pm.expect(instance['name']) == pm.globals.get('NAMESTS01');});","        }","        if (instance.id == pm.globals.get(\"IDSTS02\")) {","            pm.test('href is ' + pm.globals.get(\"HREFSTS02\"), function() {pm.expect(instance['href']) == pm.globals.get('HREFSTS02');});","            pm.test('id is ' + pm.globals.get(\"IDSTS02\"), function() {pm.expect(instance['id']) == pm.globals.get('IDSTS02');});","            pm.test('name is ' + pm.globals.get(\"NAMESTS02\"), function() {pm.expect(instance['name']) == pm.globals.get('NAMESTS02');});","        }  ","    });","  }","  else {","    var instance = pm.response.json();","    var requiredAttributes = ['relatedServiceSpecification', 'href', 'id', 'name'];","      ","        pm.test('Instance has all mandatory attributes', function () { pm.expect(Object.keys(instance)).to.include.members(requiredAttributes) });","      ","      ","      ","        pm.test('Response has relatedServiceSpecification attribute', function() { pm.expect(instance[\"relatedServiceSpecification\"]).to.be.a('array'); });","        pm.test('Response has href attribute', function() { pm.expect(instance[\"href\"]).to.be.a('string'); });","        pm.test('Response has id attribute', function() { pm.expect(instance[\"id\"]).to.be.a('string'); });","        pm.test('Response has name attribute', function() { pm.expect(instance[\"name\"]).to.be.a('string'); });","      ","        pm.test('Body includes value held on href', function () {","            pm.expect(pm.response.text()).to.include(instance['href']);","        });","        pm.test('Body includes value held on id', function () {","            pm.expect(pm.response.text()).to.include(instance['id']);","        });","        pm.test('Body includes value held on name', function () {","            pm.expect(pm.response.text()).to.include(instance['name']);","        });","        // Individualized tests","        if (instance.id == pm.globals.get(\"IDSTS01\")) {","            pm.test('href is ' + pm.globals.get(\"HREFSTS01\"), function() {pm.expect(instance['href']) == pm.globals.get('HREFSTS01');});","            pm.test('id is ' + pm.globals.get(\"IDSTS01\"), function() {pm.expect(instance['id']) == pm.globals.get('IDSTS01');});","            pm.test('name is ' + pm.globals.get(\"NAMESTS01\"), function() {pm.expect(instance['name']) == pm.globals.get('NAMESTS01');});","        }","        if (instance.id == pm.globals.get(\"IDSTS02\")) {","            pm.test('href is ' + pm.globals.get(\"HREFSTS02\"), function() {pm.expect(instance['href']) == pm.globals.get('HREFSTS02');});","            pm.test('id is ' + pm.globals.get(\"IDSTS02\"), function() {pm.expect(instance['id']) == pm.globals.get('IDSTS02');});","            pm.test('name is ' + pm.globals.get(\"NAMESTS02\"), function() {pm.expect(instance['name']) == pm.globals.get('NAMESTS02');});","        }","   ","  }","  ","  "],"type":"text/javascript"}}],"request":{"method":"GET","header":[{"key":"Accept","value":"application/json"},{"key":"Content-Type","value":"application/json"}],"url":{"raw":"{{Service_Test}}serviceTestSpecification","host":["{{Service_Test}}serviceTestSpecification"]},"description":"This operation search for the created ServiceTestSpecification"},"response":[]},{"name":"/serviceTestSpecification/{{IDSTS01}}","event":[{"listen":"test","script":{"id":"a3af67bc-da71-47ed-9da6-50035f50be6a","exec":["pm.test(\"Status code is 200\", function () {","    pm.response.to.have.status(200);","});","  ","  ","  ","var jsonData = pm.response.json();","  ","if (Array.isArray(jsonData) && (jsonData.length > 0)) {","    jsonData.forEach(function (instance, index) {","      ","        var requiredAttributes = ['relatedServiceSpecification', 'href', 'id', 'name'];","      ","        pm.test('Instance has all mandatory attributes', function () { pm.expect(Object.keys(instance)).to.include.members(requiredAttributes) });","      ","      ","      ","        pm.test('Response has relatedServiceSpecification attribute', function() { pm.expect(instance[\"relatedServiceSpecification\"]).to.be.a('array'); });","        pm.test('Response has href attribute', function() { pm.expect(instance[\"href\"]).to.be.a('string'); });","        pm.test('Response has id attribute', function() { pm.expect(instance[\"id\"]).to.be.a('string'); });","        pm.test('Response has name attribute', function() { pm.expect(instance[\"name\"]).to.be.a('string'); });","      ","        pm.test('Body includes value held on href', function () {","            pm.expect(pm.response.text()).to.include(instance['href']);","        });","        pm.test('Body includes value held on id', function () {","            pm.expect(pm.response.text()).to.include(instance['id']);","        });","        pm.test('Body includes value held on name', function () {","            pm.expect(pm.response.text()).to.include(instance['name']);","        });","        // Individualized tests","        if (instance.id == pm.globals.get(\"IDSTS01\")) {","            pm.test('href is ' + pm.globals.get(\"HREFSTS01\"), function() {pm.expect(instance['href']) == pm.globals.get('HREFSTS01');});","            pm.test('id is ' + pm.globals.get(\"IDSTS01\"), function() {pm.expect(instance['id']) == pm.globals.get('IDSTS01');});","            pm.test('name is ' + pm.globals.get(\"NAMESTS01\"), function() {pm.expect(instance['name']) == pm.globals.get('NAMESTS01');});","        }","        if (instance.id == pm.globals.get(\"IDSTS02\")) {","            pm.test('IDSTS02 not expected on this test', function () {","                console.log(\"Non expected resource, may happen if there is a collision on attributes\")","            });","        }","          ","    });","  }","  else {","    var instance = pm.response.json();","    var requiredAttributes = ['relatedServiceSpecification', 'href', 'id', 'name'];","      ","        pm.test('Instance has all mandatory attributes', function () { pm.expect(Object.keys(instance)).to.include.members(requiredAttributes) });","      ","      ","      ","        pm.test('Response has relatedServiceSpecification attribute', function() { pm.expect(instance[\"relatedServiceSpecification\"]).to.be.a('array'); });","        pm.test('Response has href attribute', function() { pm.expect(instance[\"href\"]).to.be.a('string'); });","        pm.test('Response has id attribute', function() { pm.expect(instance[\"id\"]).to.be.a('string'); });","        pm.test('Response has name attribute', function() { pm.expect(instance[\"name\"]).to.be.a('string'); });","      ","        pm.test('Body includes value held on href', function () {","            pm.expect(pm.response.text()).to.include(instance['href']);","        });","        pm.test('Body includes value held on id', function () {","            pm.expect(pm.response.text()).to.include(instance['id']);","        });","        pm.test('Body includes value held on name', function () {","            pm.expect(pm.response.text()).to.include(instance['name']);","        });","        // Individualized tests","        if (instance.id == pm.globals.get(\"IDSTS01\")) {","            pm.test('href is ' + pm.globals.get(\"HREFSTS01\"), function() {pm.expect(instance['href']) == pm.globals.get('HREFSTS01');});","            pm.test('id is ' + pm.globals.get(\"IDSTS01\"), function() {pm.expect(instance['id']) == pm.globals.get('IDSTS01');});","            pm.test('name is ' + pm.globals.get(\"NAMESTS01\"), function() {pm.expect(instance['name']) == pm.globals.get('NAMESTS01');});","        }","        if (instance.id == pm.globals.get(\"IDSTS02\")) {","            pm.test('IDSTS02 not expected on this test', function () {","                console.log(\"Non expected resource, may happen if there is a collision on attributes\")","            });","        }","","        ","   ","}","  ","  "],"type":"text/javascript"}}],"request":{"method":"GET","header":[{"key":"Accept","value":"application/json"},{"key":"Content-Type","value":"application/json"}],"url":{"raw":"{{Service_Test}}serviceTestSpecification/{{IDSTS01}}","host":["{{Service_Test}}serviceTestSpecification"],"path":["{{IDSTS01}}"]},"description":"This operation search for one of the created ServiceTestSpecification"},"response":[]}],"protocolProfileBehavior":{}},{"name":"N2","item":[{"name":"/serviceTestSpecification?fields=href","event":[{"listen":"test","script":{"id":"65a7eed3-e701-47c4-9b83-e945b4de6c12","exec":[""],"type":"text/javascript"}}],"request":{"method":"GET","header":[{"key":"Accept","value":"application/json"},{"key":"Content-Type","value":"application/json"}],"url":{"raw":"{{Service_Test}}serviceTestSpecification?fields=href","host":["{{Service_Test}}serviceTestSpecification"],"query":[{"key":"fields","value":"href"}]},"description":"This operation filter a ServiceTestSpecification"},"response":[]},{"name":"/serviceTestSpecification?fields=id","event":[{"listen":"test","script":{"id":"5de9b1ee-66be-4872-a38a-be4bdc2b9f55","exec":[""],"type":"text/javascript"}}],"request":{"method":"GET","header":[{"key":"Accept","value":"application/json"},{"key":"Content-Type","value":"application/json"}],"url":{"raw":"{{Service_Test}}serviceTestSpecification?fields=id","host":["{{Service_Test}}serviceTestSpecification"],"query":[{"key":"fields","value":"id"}]},"description":"This operation filter a ServiceTestSpecification"},"response":[]},{"name":"/serviceTestSpecification?id={{IDSTS01}}","event":[{"listen":"test","script":{"id":"98da67b1-7c54-454f-9932-846c495c9c49","exec":["pm.test(\"Status code is 200\", function () {","    pm.response.to.have.status(200);","});","  ","  ","  ","var jsonData = pm.response.json();","  ","if (Array.isArray(jsonData) && (jsonData.length > 0)) {","    jsonData.forEach(function (instance, index) {","      ","        var requiredAttributes = ['relatedServiceSpecification', 'href', 'id', 'name'];","      ","        pm.test('Instance has all mandatory attributes', function () { pm.expect(Object.keys(instance)).to.include.members(requiredAttributes) });","      ","      ","      ","        pm.test('Response has relatedServiceSpecification attribute', function() { pm.expect(instance[\"relatedServiceSpecification\"]).to.be.a('array'); });","        pm.test('Response has href attribute', function() { pm.expect(instance[\"href\"]).to.be.a('string'); });","        pm.test('Response has id attribute', function() { pm.expect(instance[\"id\"]).to.be.a('string'); });","        pm.test('Response has name attribute', function() { pm.expect(instance[\"name\"]).to.be.a('string'); });","      ","        pm.test('Body includes value held on href', function () {","            pm.expect(pm.response.text()).to.include(instance['href']);","        });","        pm.test('Body includes value held on id', function () {","            pm.expect(pm.response.text()).to.include(instance['id']);","        });","        pm.test('Body includes value held on name', function () {","            pm.expect(pm.response.text()).to.include(instance['name']);","        });","        // Individualized tests","        if (instance.id == pm.globals.get(\"IDSTS01\")) {","            pm.test('href is ' + pm.globals.get(\"HREFSTS01\"), function() {pm.expect(instance['href']) == pm.globals.get('HREFSTS01');});","            pm.test('id is ' + pm.globals.get(\"IDSTS01\"), function() {pm.expect(instance['id']) == pm.globals.get('IDSTS01');});","            pm.test('name is ' + pm.globals.get(\"NAMESTS01\"), function() {pm.expect(instance['name']) == pm.globals.get('NAMESTS01');});","        }","        if (instance.id == pm.globals.get(\"IDSTS02\")) {","            pm.test('IDSTS02 not expected on this test', function () {","                console.log(\"Non expected resource, may happen if there is a collision on attributes\")","            });","        }","          ","    });","  }","  else {","    var instance = pm.response.json();","    var requiredAttributes = ['relatedServiceSpecification', 'href', 'id', 'name'];","      ","        pm.test('Instance has all mandatory attributes', function () { pm.expect(Object.keys(instance)).to.include.members(requiredAttributes) });","      ","      ","      ","        pm.test('Response has relatedServiceSpecification attribute', function() { pm.expect(instance[\"relatedServiceSpecification\"]).to.be.a('array'); });","        pm.test('Response has href attribute', function() { pm.expect(instance[\"href\"]).to.be.a('string'); });","        pm.test('Response has id attribute', function() { pm.expect(instance[\"id\"]).to.be.a('string'); });","        pm.test('Response has name attribute', function() { pm.expect(instance[\"name\"]).to.be.a('string'); });","      ","        pm.test('Body includes value held on href', function () {","            pm.expect(pm.response.text()).to.include(instance['href']);","        });","        pm.test('Body includes value held on id', function () {","            pm.expect(pm.response.text()).to.include(instance['id']);","        });","        pm.test('Body includes value held on name', function () {","            pm.expect(pm.response.text()).to.include(instance['name']);","        });","        // Individualized tests","        if (instance.id == pm.globals.get(\"IDSTS01\")) {","            pm.test('href is ' + pm.globals.get(\"HREFSTS01\"), function() {pm.expect(instance['href']) == pm.globals.get('HREFSTS01');});","            pm.test('id is ' + pm.globals.get(\"IDSTS01\"), function() {pm.expect(instance['id']) == pm.globals.get('IDSTS01');});","            pm.test('name is ' + pm.globals.get(\"NAMESTS01\"), function() {pm.expect(instance['name']) == pm.globals.get('NAMESTS01');});","        }","        if (instance.id == pm.globals.get(\"IDSTS02\")) {","            pm.test('IDSTS02 not expected on this test', function () {","                console.log(\"Non expected resource, may happen if there is a collision on attributes\")","            });","        }","","        ","   ","}","  ","  "],"type":"text/javascript"}}],"request":{"method":"GET","header":[{"key":"Accept","value":"application/json"},{"key":"Content-Type","value":"application/json"}],"url":{"raw":"{{Service_Test}}serviceTestSpecification?id={{IDSTS01}}","host":["{{Service_Test}}serviceTestSpecification"],"query":[{"key":"id","value":"{{IDSTS01}}"}]},"description":"This operation filter a ServiceTestSpecification"},"response":[]},{"name":"/serviceTestSpecification?fields=name","event":[{"listen":"test","script":{"id":"05c35cb0-307a-417e-ba31-918fa1b9e260","exec":[""],"type":"text/javascript"}}],"request":{"method":"GET","header":[{"key":"Accept","value":"application/json"},{"key":"Content-Type","value":"application/json"}],"url":{"raw":"{{Service_Test}}serviceTestSpecification?fields=name","host":["{{Service_Test}}serviceTestSpecification"],"query":[{"key":"fields","value":"name"}]},"description":"This operation filter a ServiceTestSpecification"},"response":[]},{"name":"/serviceTestSpecification?name={{NAMESTS01}}","event":[{"listen":"test","script":{"id":"c1fd5339-2130-409a-8886-e504ef1e2797","exec":["pm.test(\"Status code is 200\", function () {","    pm.response.to.have.status(200);","});","  ","  ","  ","var jsonData = pm.response.json();","  ","if (Array.isArray(jsonData) && (jsonData.length > 0)) {","    jsonData.forEach(function (instance, index) {","      ","        var requiredAttributes = ['relatedServiceSpecification', 'href', 'id', 'name'];","      ","        pm.test('Instance has all mandatory attributes', function () { pm.expect(Object.keys(instance)).to.include.members(requiredAttributes) });","      ","      ","      ","        pm.test('Response has relatedServiceSpecification attribute', function() { pm.expect(instance[\"relatedServiceSpecification\"]).to.be.a('array'); });","        pm.test('Response has href attribute', function() { pm.expect(instance[\"href\"]).to.be.a('string'); });","        pm.test('Response has id attribute', function() { pm.expect(instance[\"id\"]).to.be.a('string'); });","        pm.test('Response has name attribute', function() { pm.expect(instance[\"name\"]).to.be.a('string'); });","      ","        pm.test('Body includes value held on href', function () {","            pm.expect(pm.response.text()).to.include(instance['href']);","        });","        pm.test('Body includes value held on id', function () {","            pm.expect(pm.response.text()).to.include(instance['id']);","        });","        pm.test('Body includes value held on name', function () {","            pm.expect(pm.response.text()).to.include(instance['name']);","        });","        // Individualized tests","        if (instance.id == pm.globals.get(\"IDSTS01\")) {","            pm.test('href is ' + pm.globals.get(\"HREFSTS01\"), function() {pm.expect(instance['href']) == pm.globals.get('HREFSTS01');});","            pm.test('id is ' + pm.globals.get(\"IDSTS01\"), function() {pm.expect(instance['id']) == pm.globals.get('IDSTS01');});","            pm.test('name is ' + pm.globals.get(\"NAMESTS01\"), function() {pm.expect(instance['name']) == pm.globals.get('NAMESTS01');});","        }","        if (instance.id == pm.globals.get(\"IDSTS02\")) {","            pm.test('IDSTS02 not expected on this test', function () {","                console.log(\"Non expected resource, may happen if there is a collision on attributes\")","            });","        }","          ","    });","  }","  else {","    var instance = pm.response.json();","    var requiredAttributes = ['relatedServiceSpecification', 'href', 'id', 'name'];","      ","        pm.test('Instance has all mandatory attributes', function () { pm.expect(Object.keys(instance)).to.include.members(requiredAttributes) });","      ","      ","      ","        pm.test('Response has relatedServiceSpecification attribute', function() { pm.expect(instance[\"relatedServiceSpecification\"]).to.be.a('array'); });","        pm.test('Response has href attribute', function() { pm.expect(instance[\"href\"]).to.be.a('string'); });","        pm.test('Response has id attribute', function() { pm.expect(instance[\"id\"]).to.be.a('string'); });","        pm.test('Response has name attribute', function() { pm.expect(instance[\"name\"]).to.be.a('string'); });","      ","        pm.test('Body includes value held on href', function () {","            pm.expect(pm.response.text()).to.include(instance['href']);","        });","        pm.test('Body includes value held on id', function () {","            pm.expect(pm.response.text()).to.include(instance['id']);","        });","        pm.test('Body includes value held on name', function () {","            pm.expect(pm.response.text()).to.include(instance['name']);","        });","        // Individualized tests","        if (instance.id == pm.globals.get(\"IDSTS01\")) {","            pm.test('href is ' + pm.globals.get(\"HREFSTS01\"), function() {pm.expect(instance['href']) == pm.globals.get('HREFSTS01');});","            pm.test('id is ' + pm.globals.get(\"IDSTS01\"), function() {pm.expect(instance['id']) == pm.globals.get('IDSTS01');});","            pm.test('name is ' + pm.globals.get(\"NAMESTS01\"), function() {pm.expect(instance['name']) == pm.globals.get('NAMESTS01');});","        }","        if (instance.id == pm.globals.get(\"IDSTS02\")) {","            pm.test('IDSTS02 not expected on this test', function () {","                console.log(\"Non expected resource, may happen if there is a collision on attributes\")","            });","        }","","        ","   ","}","  ","  "],"type":"text/javascript"}}],"request":{"method":"GET","header":[{"key":"Accept","value":"application/json"},{"key":"Content-Type","value":"application/json"}],"url":{"raw":"{{Service_Test}}serviceTestSpecification?name={{NAMESTS01}}","host":["{{Service_Test}}serviceTestSpecification"],"query":[{"key":"name","value":"{{NAMESTS01}}"}]},"description":"This operation filter a ServiceTestSpecification"},"response":[]}],"protocolProfileBehavior":{}},{"name":"E1","item":[{"name":"/serviceTestSpecification/404ID","event":[{"listen":"test","script":{"id":"edff1655-d264-421c-ba30-67955c9ac7d3","exec":["pm.test(\"Status code is 404\", function () {","    pm.response.to.have.status(404);","});","",""],"type":"text/javascript"}}],"request":{"method":"GET","header":[{"key":"Accept","value":"application/json"},{"key":"Content-Type","value":"application/json"}],"url":{"raw":"{{Service_Test}}serviceTestSpecification/8bb6e844-4bfd-4026-ac22-9f7ebcc42c09","host":["{{Service_Test}}serviceTestSpecification"],"path":["8bb6e844-4bfd-4026-ac22-9f7ebcc42c09"]},"description":"This operation search for one of the created ServiceTestSpecification"},"response":[]}],"protocolProfileBehavior":{}}],"protocolProfileBehavior":{}}