{
	"info": {
		"_postman_id": "fdc05601-4c1c-42e0-9907-cb7a8b14f84c",
		"name": "CTK-Recommendation-4.0.0",
		"schema": "https://schema.getpostman.com/json/collection/v2.1.0/collection.json"
	},
	"item": [
		{
			"name": "N1",
			"item": [
				{
					"name": "/QueryProductRecommendation",
					"event": [
						{
							"listen": "test",
							"script": {
								"exec": [
									"var jsonData = pm.response.json();",
									"",
									"if (Array.isArray(jsonData)) { ",
									"  ",
									"    pm.test('Array not expected as response', function (){pm.expect.fail()});",
									"  ",
									"",
									"}",
									"",
									"let responseStatusCode = pm.response.code",
									"",
									"if (responseStatusCode == 201){",
									"    pm.test(\"Status code is 201\", function () {",
									"        pm.response.to.have.status(201);",
									"    });",
									"}",
									"if (responseStatusCode == 200) {",
									"    postman.setNextRequest(\"null\")",
									"}",
									"",
									"",
									"",
									"var instance = pm.response.json();",
									"var requiredAttributes = ['href', 'id', 'recommendationItem'];",
									"",
									"pm.test('Instance has all mandatory attributes', function () { pm.expect(Object.keys(instance)).to.include.members(requiredAttributes) });",
									"",
									"",
									"let oneOfResponses = {",
									"    productOrderItem: [\"itemId\", \"entityId\"],",
									"    category: [\"id\"],",
									"    shoppingCartItem: [\"itemId\", \"entityId\"]",
									"}",
									"",
									"",
									"",
									"Object.keys(instance).forEach(key => {",
									"    if (key in oneOfResponses){",
									"        let attributes = oneOfResponses[key]",
									"        attributes.forEach(attr => {",
									"            let item = instance[key][0]",
									"            pm.test(key + \" has \" + attr + \" attribute\", function(){",
									"                pm.expect(item[attr]).to.be.a(\"string\")",
									"            })",
									"        })",
									"    }",
									"})",
									"",
									"",
									"",
									"",
									"pm.test('Response has href attribute', function() { pm.expect(instance[\"href\"]).to.be.a('string'); });",
									"pm.test('Response has id attribute', function() { pm.expect(instance[\"id\"]).to.be.a('string'); });",
									"pm.test('Response has recommendationItem attribute', function() { pm.expect(instance[\"recommendationItem\"]).to.be.a('array'); });",
									"",
									"pm.globals.set('HREFQPR01', instance['href']);",
									"pm.globals.set('IDQPR01', instance['id']);",
									"",
									"pm.test('Body includes value held on href', function () {",
									"  pm.expect(pm.response.text()).to.include(instance['href']);",
									"});",
									"pm.test('Body includes value held on id', function () {",
									"  pm.expect(pm.response.text()).to.include(instance['id']);",
									"});",
									""
								],
								"type": "text/javascript"
							}
						}
					],
					"request": {
						"method": "POST",
						"header": [
							{
								"key": "Accept",
								"value": "application/json"
							},
							{
								"key": "Content-Type",
								"value": "application/json"
							},
							{
								"key": "mandatoryget",
								"value": "true",
								"type": "text"
							}
						],
						"body": {
							"mode": "raw",
							"raw": "{\n    \"productOrderItem\": [{\n        \"itemId\": \"itemId\",\n        \"entityId\": \"entityId\"\n    }]\n}"
						},
						"url": {
							"raw": "{{Recommendation}}queryProductRecommendation",
							"host": [
								"{{Recommendation}}queryProductRecommendation"
							]
						},
						"description": "This operation creates a QueryProductRecommendation"
					},
					"response": []
				},
				{
					"name": "/QueryProductRecommendation",
					"event": [
						{
							"listen": "test",
							"script": {
								"exec": [
									"pm.test(\"Status code is 200\", function () {",
									"    pm.response.to.have.status(200);",
									"});",
									"  ",
									"  ",
									"  ",
									"var jsonData = pm.response.json();",
									"  ",
									"if (Array.isArray(jsonData) && (jsonData.length > 0)) {",
									"    jsonData.forEach(function (instance, index) {",
									"      ",
									"        var requiredAttributes = ['href', 'id', 'recommendationItem'];",
									"      ",
									"        pm.test('Instance has all mandatory attributes', function () { pm.expect(Object.keys(instance)).to.include.members(requiredAttributes) });",
									"      ",
									"      ",
									"      ",
									"        pm.test('Response has href attribute', function() { pm.expect(instance[\"href\"]).to.be.a('string'); });",
									"        pm.test('Response has id attribute', function() { pm.expect(instance[\"id\"]).to.be.a('string'); });",
									"        pm.test('Response has recommendationItem attribute', function() { pm.expect(instance[\"recommendationItem\"]).to.be.a('array'); });",
									"      ",
									"        pm.test('Body includes value held on href', function () {",
									"            pm.expect(pm.response.text()).to.include(instance['href']);",
									"        });",
									"        pm.test('Body includes value held on id', function () {",
									"            pm.expect(pm.response.text()).to.include(instance['id']);",
									"        });",
									"        // Individualized tests",
									"        if (instance.id == pm.globals.get(\"IDQPR01\")) {",
									"            pm.test('href is ' + pm.globals.get(\"HREFQPR01\"), function() {pm.expect(instance['href']) == pm.globals.get('HREFQPR01');});",
									"            pm.test('id is ' + pm.globals.get(\"IDQPR01\"), function() {pm.expect(instance['id']) == pm.globals.get('IDQPR01');});",
									"        }",
									"        if (instance.id == pm.globals.get(\"IDQPR02\")) {",
									"            pm.test('href is ' + pm.globals.get(\"HREFQPR02\"), function() {pm.expect(instance['href']) == pm.globals.get('HREFQPR02');});",
									"            pm.test('id is ' + pm.globals.get(\"IDQPR02\"), function() {pm.expect(instance['id']) == pm.globals.get('IDQPR02');});",
									"        }  ",
									"    });",
									"  }",
									"  else {",
									"    var instance = pm.response.json();",
									"    var requiredAttributes = ['href', 'id', 'recommendationItem'];",
									"      ",
									"        pm.test('Instance has all mandatory attributes', function () { pm.expect(Object.keys(instance)).to.include.members(requiredAttributes) });",
									"      ",
									"      ",
									"      ",
									"        pm.test('Response has href attribute', function() { pm.expect(instance[\"href\"]).to.be.a('string'); });",
									"        pm.test('Response has id attribute', function() { pm.expect(instance[\"id\"]).to.be.a('string'); });",
									"        pm.test('Response has recommendationItem attribute', function() { pm.expect(instance[\"recommendationItem\"]).to.be.a('array'); });",
									"      ",
									"        pm.test('Body includes value held on href', function () {",
									"            pm.expect(pm.response.text()).to.include(instance['href']);",
									"        });",
									"        pm.test('Body includes value held on id', function () {",
									"            pm.expect(pm.response.text()).to.include(instance['id']);",
									"        });",
									"        // Individualized tests",
									"        if (instance.id == pm.globals.get(\"IDQPR01\")) {",
									"            pm.test('href is ' + pm.globals.get(\"HREFQPR01\"), function() {pm.expect(instance['href']) == pm.globals.get('HREFQPR01');});",
									"            pm.test('id is ' + pm.globals.get(\"IDQPR01\"), function() {pm.expect(instance['id']) == pm.globals.get('IDQPR01');});",
									"        }",
									"        if (instance.id == pm.globals.get(\"IDQPR02\")) {",
									"            pm.test('href is ' + pm.globals.get(\"HREFQPR02\"), function() {pm.expect(instance['href']) == pm.globals.get('HREFQPR02');});",
									"            pm.test('id is ' + pm.globals.get(\"IDQPR02\"), function() {pm.expect(instance['id']) == pm.globals.get('IDQPR02');});",
									"        }",
									"   ",
									"  }",
									"  ",
									"  "
								],
								"type": "text/javascript"
							}
						}
					],
					"request": {
						"method": "GET",
						"header": [
							{
								"key": "Accept",
								"value": "application/json"
							},
							{
								"key": "Content-Type",
								"value": "application/json"
							}
						],
						"url": {
							"raw": "{{Recommendation}}queryProductRecommendation",
							"host": [
								"{{Recommendation}}queryProductRecommendation"
							]
						},
						"description": "This operation search for the created QueryProductRecommendation"
					},
					"response": []
				},
				{
					"name": "/QueryProductRecommendation/{{IDQPR01}}",
					"event": [
						{
							"listen": "test",
							"script": {
								"exec": [
									"pm.test(\"Status code is 200\", function () {",
									"    pm.response.to.have.status(200);",
									"});",
									"  ",
									"  ",
									"  ",
									"var jsonData = pm.response.json();",
									"  ",
									"if (Array.isArray(jsonData) && (jsonData.length > 0)) {",
									"    jsonData.forEach(function (instance, index) {",
									"      ",
									"        var requiredAttributes = ['href', 'id', 'recommendationItem'];",
									"      ",
									"        pm.test('Instance has all mandatory attributes', function () { pm.expect(Object.keys(instance)).to.include.members(requiredAttributes) });",
									"      ",
									"      ",
									"      ",
									"        pm.test('Response has href attribute', function() { pm.expect(instance[\"href\"]).to.be.a('string'); });",
									"        pm.test('Response has id attribute', function() { pm.expect(instance[\"id\"]).to.be.a('string'); });",
									"        pm.test('Response has recommendationItem attribute', function() { pm.expect(instance[\"recommendationItem\"]).to.be.a('array'); });",
									"      ",
									"        pm.test('Body includes value held on href', function () {",
									"            pm.expect(pm.response.text()).to.include(instance['href']);",
									"        });",
									"        pm.test('Body includes value held on id', function () {",
									"            pm.expect(pm.response.text()).to.include(instance['id']);",
									"        });",
									"        // Individualized tests",
									"        if (instance.id == pm.globals.get(\"IDQPR01\")) {",
									"            pm.test('href is ' + pm.globals.get(\"HREFQPR01\"), function() {pm.expect(instance['href']) == pm.globals.get('HREFQPR01');});",
									"            pm.test('id is ' + pm.globals.get(\"IDQPR01\"), function() {pm.expect(instance['id']) == pm.globals.get('IDQPR01');});",
									"        }",
									"        if (instance.id == pm.globals.get(\"IDQPR02\")) {",
									"            pm.test('IDQPR02 not expected on this test', function () {",
									"                console.log(\"Non expected resource, may happen if there is a collision on attributes\")",
									"            });",
									"        }",
									"          ",
									"    });",
									"  }",
									"  else {",
									"    var instance = pm.response.json();",
									"    var requiredAttributes = ['href', 'id', 'recommendationItem'];",
									"      ",
									"        pm.test('Instance has all mandatory attributes', function () { pm.expect(Object.keys(instance)).to.include.members(requiredAttributes) });",
									"      ",
									"      ",
									"      ",
									"        pm.test('Response has href attribute', function() { pm.expect(instance[\"href\"]).to.be.a('string'); });",
									"        pm.test('Response has id attribute', function() { pm.expect(instance[\"id\"]).to.be.a('string'); });",
									"        pm.test('Response has recommendationItem attribute', function() { pm.expect(instance[\"recommendationItem\"]).to.be.a('array'); });",
									"      ",
									"        pm.test('Body includes value held on href', function () {",
									"            pm.expect(pm.response.text()).to.include(instance['href']);",
									"        });",
									"        pm.test('Body includes value held on id', function () {",
									"            pm.expect(pm.response.text()).to.include(instance['id']);",
									"        });",
									"        // Individualized tests",
									"        if (instance.id == pm.globals.get(\"IDQPR01\")) {",
									"            pm.test('href is ' + pm.globals.get(\"HREFQPR01\"), function() {pm.expect(instance['href']) == pm.globals.get('HREFQPR01');});",
									"            pm.test('id is ' + pm.globals.get(\"IDQPR01\"), function() {pm.expect(instance['id']) == pm.globals.get('IDQPR01');});",
									"        }",
									"        if (instance.id == pm.globals.get(\"IDQPR02\")) {",
									"            pm.test('IDQPR02 not expected on this test', function () {",
									"                console.log(\"Non expected resource, may happen if there is a collision on attributes\")",
									"            });",
									"        }",
									"",
									"        ",
									"   ",
									"}",
									"  ",
									"  "
								],
								"type": "text/javascript"
							}
						}
					],
					"request": {
						"method": "GET",
						"header": [
							{
								"key": "Accept",
								"value": "application/json"
							},
							{
								"key": "Content-Type",
								"value": "application/json"
							}
						],
						"url": {
							"raw": "{{Recommendation}}queryProductRecommendation/{{IDQPR01}}",
							"host": [
								"{{Recommendation}}queryProductRecommendation"
							],
							"path": [
								"{{IDQPR01}}"
							]
						},
						"description": "This operation search for one of the created QueryProductRecommendation"
					},
					"response": []
				}
			]
		},
		{
			"name": "N2",
			"item": [
				{
					"name": "/QueryProductRecommendation?fields=id",
					"event": [
						{
							"listen": "test",
							"script": {
								"exec": [
									"pm.test(\"Status code is 200\", function () {",
									"    pm.response.to.have.status(200);",
									"});",
									"var jsonData = pm.response.json();",
									"  ",
									"if (Array.isArray(jsonData) && (jsonData.length > 0)) {",
									"    jsonData.forEach(function (instance, index) {",
									"      ",
									"        var requiredAttributes = ['id','href', 'id'];",
									"      ",
									"        pm.test('Instance must have id, href and filtered attribute', function () { pm.expect(Object.keys(instance)).to.include.members(requiredAttributes)});",
									"        pm.test('Instance has only id, href and filtered attribute', function () { pm.expect(requiredAttributes).to.include.members(Object.keys(instance))});",
									"    });",
									"",
									"    ",
									"}",
									"else { ",
									"  ",
									"    pm.test('Array expected as response', function (){pm.expect.fail()});",
									"  ",
									"",
									"}"
								],
								"type": "text/javascript"
							}
						}
					],
					"request": {
						"method": "GET",
						"header": [
							{
								"key": "Accept",
								"value": "application/json"
							},
							{
								"key": "Content-Type",
								"value": "application/json"
							}
						],
						"url": {
							"raw": "{{Recommendation}}queryProductRecommendation?fields=id",
							"host": [
								"{{Recommendation}}queryProductRecommendation"
							],
							"query": [
								{
									"key": "fields",
									"value": "id"
								}
							]
						},
						"description": "This operation filter a QueryProductRecommendation"
					},
					"response": []
				},
				{
					"name": "/QueryProductRecommendation?id={{IDQPR01}}",
					"event": [
						{
							"listen": "test",
							"script": {
								"exec": [
									"pm.test(\"Status code is 200\", function () {",
									"    pm.response.to.have.status(200);",
									"});",
									"  ",
									"  ",
									"  ",
									"var jsonData = pm.response.json();",
									"  ",
									"if (Array.isArray(jsonData) && (jsonData.length > 0)) {",
									"    jsonData.forEach(function (instance, index) {",
									"      ",
									"        var requiredAttributes = ['href', 'id', 'recommendationItem'];",
									"      ",
									"        pm.test('Instance must have href, id, recommendationItem attributes', function () { pm.expect(Object.keys(instance)).to.include.members(requiredAttributes) });",
									"      ",
									"      ",
									"      ",
									"        pm.test('Response has href attribute', function() { pm.expect(instance[\"href\"]).to.be.a('string'); });",
									"        pm.test('Response has id attribute', function() { pm.expect(instance[\"id\"]).to.be.a('string'); });",
									"        pm.test('Response has recommendationItem attribute', function() { pm.expect(instance[\"recommendationItem\"]).to.be.a('array'); });",
									"      ",
									"        pm.test('Body includes value held on href', function () {",
									"            pm.expect(pm.response.text()).to.include(instance['href']);",
									"        });",
									"        pm.test('Body includes value held on id', function () {",
									"            pm.expect(pm.response.text()).to.include(instance['id']);",
									"        });",
									"        // Individualized tests",
									"        if (instance.id == pm.globals.get(\"IDQPR01\")) {",
									"            pm.test('href is ' + pm.globals.get(\"HREFQPR01\"), function() {pm.expect(instance['href']) == pm.globals.get('HREFQPR01');});",
									"            pm.test('id is ' + pm.globals.get(\"IDQPR01\"), function() {pm.expect(instance['id']) == pm.globals.get('IDQPR01');});",
									"        }",
									"        if (instance.id == pm.globals.get(\"IDQPR02\")) {",
									"            pm.test('IDQPR02 not expected on this test', function () {",
									"                console.log(\"Non expected resource, may happen if there is a collision on attributes\")",
									"            });",
									"        }",
									"          ",
									"    });",
									"  }",
									"  else {",
									"    var instance = pm.response.json();",
									"    var requiredAttributes = ['href', 'id', 'recommendationItem'];",
									"      ",
									"        pm.test('Instance has all mandatory attributes', function () { pm.expect(Object.keys(instance)).to.include.members(requiredAttributes) });",
									"      ",
									"      ",
									"      ",
									"        pm.test('Response has href attribute', function() { pm.expect(instance[\"href\"]).to.be.a('string'); });",
									"        pm.test('Response has id attribute', function() { pm.expect(instance[\"id\"]).to.be.a('string'); });",
									"        pm.test('Response has recommendationItem attribute', function() { pm.expect(instance[\"recommendationItem\"]).to.be.a('array'); });",
									"      ",
									"        pm.test('Body includes value held on href', function () {",
									"            pm.expect(pm.response.text()).to.include(instance['href']);",
									"        });",
									"        pm.test('Body includes value held on id', function () {",
									"            pm.expect(pm.response.text()).to.include(instance['id']);",
									"        });",
									"        // Individualized tests",
									"        if (instance.id == pm.globals.get(\"IDQPR01\")) {",
									"            pm.test('href is ' + pm.globals.get(\"HREFQPR01\"), function() {pm.expect(instance['href']) == pm.globals.get('HREFQPR01');});",
									"            pm.test('id is ' + pm.globals.get(\"IDQPR01\"), function() {pm.expect(instance['id']) == pm.globals.get('IDQPR01');});",
									"        }",
									"        if (instance.id == pm.globals.get(\"IDQPR02\")) {",
									"            pm.test('IDQPR02 not expected on this test', function () {",
									"                console.log(\"Non expected resource, may happen if there is a collision on attributes\")",
									"            });",
									"        }",
									"",
									"        ",
									"   ",
									"}",
									"  ",
									"  "
								],
								"type": "text/javascript"
							}
						}
					],
					"request": {
						"method": "GET",
						"header": [
							{
								"key": "Accept",
								"value": "application/json"
							},
							{
								"key": "Content-Type",
								"value": "application/json"
							}
						],
						"url": {
							"raw": "{{Recommendation}}queryProductRecommendation?id={{IDQPR01}}",
							"host": [
								"{{Recommendation}}queryProductRecommendation"
							],
							"query": [
								{
									"key": "id",
									"value": "{{IDQPR01}}"
								}
							]
						},
						"description": "This operation filter a QueryProductRecommendation"
					},
					"response": []
				}
			]
		},
		{
			"name": "E1",
			"item": [
				{
					"name": "/QueryProductRecommendation/404ID",
					"event": [
						{
							"listen": "test",
							"script": {
								"exec": [
									"pm.test(\"Status code is 404\", function () {",
									"    pm.response.to.have.status(404);",
									"});",
									"",
									""
								],
								"type": "text/javascript"
							}
						}
					],
					"request": {
						"method": "GET",
						"header": [
							{
								"key": "Accept",
								"value": "application/json"
							},
							{
								"key": "Content-Type",
								"value": "application/json"
							}
						],
						"url": {
							"raw": "{{Recommendation}}queryProductRecommendation/246f9e79-e8bb-41b3-94d0-22529a144224",
							"host": [
								"{{Recommendation}}queryProductRecommendation"
							],
							"path": [
								"246f9e79-e8bb-41b3-94d0-22529a144224"
							]
						},
						"description": "This operation search for one of the created QueryProductRecommendation"
					},
					"response": []
				}
			]
		}
	]
}