{
  "$schema": "http://json-schema.org/schema#",
  "type": "object",
  "properties": {
    "reserveProductStockItem": {
      "type": "array",
      "items": {
        "type": "object",
        "properties": {
          "id": {
            "type": "string"
          },
          "quantityRequested": {
            "type": "object",
            "properties": {
              "amount": {
                "type": "integer"
              }
            },
            "required": [
              "amount"
            ]
          }
        },
        "required": [
          "id",
          "quantityRequested"
        ]
      }
    }
  },
  "required": [
    "reserveProductStockItem"
  ]
}