{"info":{"_postman_id":"266fa2b6-2deb-4319-b91f-5dee87c6ae56","name":"CTK-Promotion-4.1.0","schema":"https://schema.getpostman.com/json/collection/v2.1.0/collection.json"},"item":[{"name":"N1","item":[{"name":"/Promotion","event":[{"listen":"test","script":{"exec":["var jsonData = pm.response.json();","","if (Array.isArray(jsonData)) { ","  ","    pm.test('Array not expected as response', function (){pm.expect.fail()});","  ","","}","","pm.test(\"Status code is 201\", function () {","  pm.response.to.have.status(201);","});","","var instance = pm.response.json();","var requiredAttributes = ['href', 'id', 'name'];","","pm.test('Instance has all mandatory attributes', function () { pm.expect(Object.keys(instance)).to.include.members(requiredAttributes) });","","","","pm.test('Response has href attribute', function() { pm.expect(instance[\"href\"]).to.be.a('string'); });","pm.test('Response has id attribute', function() { pm.expect(instance[\"id\"]).to.be.a('string'); });","pm.test('Response has name attribute', function() { pm.expect(instance[\"name\"]).to.be.a('string'); });","","pm.globals.set('HREFPR01', instance['href']);","pm.globals.set('IDPR01', instance['id']);","pm.globals.set('NAMEPR01', instance['name']);","","pm.test('Body includes value held on href', function () {","  pm.expect(pm.response.text()).to.include(instance['href']);","});","pm.test('Body includes value held on id', function () {","  pm.expect(pm.response.text()).to.include(instance['id']);","});","pm.test('Body includes value held on name', function () {","  pm.expect(pm.response.text()).to.include(instance['name']);","});",""],"type":"text/javascript"}}],"request":{"method":"POST","header":[{"key":"Accept","value":"application/json"},{"key":"Content-Type","value":"application/json"}],"body":{"mode":"raw","raw":"{\n  \"name\": \"3months of free Netflix when retention for more 24 months\"\n}"},"url":{"raw":"{{Promotion}}promotion","host":["{{Promotion}}promotion"]},"description":"This operation creates a Promotion"},"response":[]},{"name":"/Promotion","event":[{"listen":"test","script":{"exec":["pm.test(\"Status code is 200\", function () {","    pm.response.to.have.status(200);","});","  ","  ","  ","var jsonData = pm.response.json();","  ","if (Array.isArray(jsonData) && (jsonData.length > 0)) {","    jsonData.forEach(function (instance, index) {","      ","        var requiredAttributes = ['href', 'id', 'name'];","      ","        pm.test('Instance has all mandatory attributes', function () { pm.expect(Object.keys(instance)).to.include.members(requiredAttributes) });","      ","      ","      ","        pm.test('Response has href attribute', function() { pm.expect(instance[\"href\"]).to.be.a('string'); });","        pm.test('Response has id attribute', function() { pm.expect(instance[\"id\"]).to.be.a('string'); });","        pm.test('Response has name attribute', function() { pm.expect(instance[\"name\"]).to.be.a('string'); });","      ","        pm.test('Body includes value held on href', function () {","            pm.expect(pm.response.text()).to.include(instance['href']);","        });","        pm.test('Body includes value held on id', function () {","            pm.expect(pm.response.text()).to.include(instance['id']);","        });","        pm.test('Body includes value held on name', function () {","            pm.expect(pm.response.text()).to.include(instance['name']);","        });","        // Individualized tests","        if (instance.id == pm.globals.get(\"IDPR01\")) {","            pm.test('href is ' + pm.globals.get(\"HREFPR01\"), function() {pm.expect(instance['href']) == pm.globals.get('HREFPR01');});","            pm.test('id is ' + pm.globals.get(\"IDPR01\"), function() {pm.expect(instance['id']) == pm.globals.get('IDPR01');});","            pm.test('name is ' + pm.globals.get(\"NAMEPR01\"), function() {pm.expect(instance['name']) == pm.globals.get('NAMEPR01');});","        }","        if (instance.id == pm.globals.get(\"IDPR02\")) {","            pm.test('href is ' + pm.globals.get(\"HREFPR02\"), function() {pm.expect(instance['href']) == pm.globals.get('HREFPR02');});","            pm.test('id is ' + pm.globals.get(\"IDPR02\"), function() {pm.expect(instance['id']) == pm.globals.get('IDPR02');});","            pm.test('name is ' + pm.globals.get(\"NAMEPR02\"), function() {pm.expect(instance['name']) == pm.globals.get('NAMEPR02');});","        }  ","    });","  }","  else {","    var instance = pm.response.json();","    var requiredAttributes = ['href', 'id', 'name'];","      ","        pm.test('Instance has all mandatory attributes', function () { pm.expect(Object.keys(instance)).to.include.members(requiredAttributes) });","      ","      ","      ","        pm.test('Response has href attribute', function() { pm.expect(instance[\"href\"]).to.be.a('string'); });","        pm.test('Response has id attribute', function() { pm.expect(instance[\"id\"]).to.be.a('string'); });","        pm.test('Response has name attribute', function() { pm.expect(instance[\"name\"]).to.be.a('string'); });","      ","        pm.test('Body includes value held on href', function () {","            pm.expect(pm.response.text()).to.include(instance['href']);","        });","        pm.test('Body includes value held on id', function () {","            pm.expect(pm.response.text()).to.include(instance['id']);","        });","        pm.test('Body includes value held on name', function () {","            pm.expect(pm.response.text()).to.include(instance['name']);","        });","        // Individualized tests","        if (instance.id == pm.globals.get(\"IDPR01\")) {","            pm.test('href is ' + pm.globals.get(\"HREFPR01\"), function() {pm.expect(instance['href']) == pm.globals.get('HREFPR01');});","            pm.test('id is ' + pm.globals.get(\"IDPR01\"), function() {pm.expect(instance['id']) == pm.globals.get('IDPR01');});","            pm.test('name is ' + pm.globals.get(\"NAMEPR01\"), function() {pm.expect(instance['name']) == pm.globals.get('NAMEPR01');});","        }","        if (instance.id == pm.globals.get(\"IDPR02\")) {","            pm.test('href is ' + pm.globals.get(\"HREFPR02\"), function() {pm.expect(instance['href']) == pm.globals.get('HREFPR02');});","            pm.test('id is ' + pm.globals.get(\"IDPR02\"), function() {pm.expect(instance['id']) == pm.globals.get('IDPR02');});","            pm.test('name is ' + pm.globals.get(\"NAMEPR02\"), function() {pm.expect(instance['name']) == pm.globals.get('NAMEPR02');});","        }","   ","  }","  ","  "],"type":"text/javascript"}}],"request":{"method":"GET","header":[{"key":"Accept","value":"application/json"},{"key":"Content-Type","value":"application/json"}],"url":{"raw":"{{Promotion}}promotion","host":["{{Promotion}}promotion"]},"description":"This operation search for the created Promotion"},"response":[]},{"name":"/Promotion/{{IDPR01}}","event":[{"listen":"test","script":{"exec":["pm.test(\"Status code is 200\", function () {","    pm.response.to.have.status(200);","});","  ","  ","  ","var jsonData = pm.response.json();","  ","if (Array.isArray(jsonData) && (jsonData.length > 0)) {","    jsonData.forEach(function (instance, index) {","      ","        var requiredAttributes = ['href', 'id', 'name'];","      ","        pm.test('Instance has all mandatory attributes', function () { pm.expect(Object.keys(instance)).to.include.members(requiredAttributes) });","      ","      ","      ","        pm.test('Response has href attribute', function() { pm.expect(instance[\"href\"]).to.be.a('string'); });","        pm.test('Response has id attribute', function() { pm.expect(instance[\"id\"]).to.be.a('string'); });","        pm.test('Response has name attribute', function() { pm.expect(instance[\"name\"]).to.be.a('string'); });","      ","        pm.test('Body includes value held on href', function () {","            pm.expect(pm.response.text()).to.include(instance['href']);","        });","        pm.test('Body includes value held on id', function () {","            pm.expect(pm.response.text()).to.include(instance['id']);","        });","        pm.test('Body includes value held on name', function () {","            pm.expect(pm.response.text()).to.include(instance['name']);","        });","        // Individualized tests","        if (instance.id == pm.globals.get(\"IDPR01\")) {","            pm.test('href is ' + pm.globals.get(\"HREFPR01\"), function() {pm.expect(instance['href']) == pm.globals.get('HREFPR01');});","            pm.test('id is ' + pm.globals.get(\"IDPR01\"), function() {pm.expect(instance['id']) == pm.globals.get('IDPR01');});","            pm.test('name is ' + pm.globals.get(\"NAMEPR01\"), function() {pm.expect(instance['name']) == pm.globals.get('NAMEPR01');});","        }","        if (instance.id == pm.globals.get(\"IDPR02\")) {","            pm.test('IDPR02 not expected on this test', function () {","                console.log(\"Non expected resource, may happen if there is a collision on attributes\")","            });","        }","          ","    });","  }","  else {","    var instance = pm.response.json();","    var requiredAttributes = ['href', 'id', 'name'];","      ","        pm.test('Instance has all mandatory attributes', function () { pm.expect(Object.keys(instance)).to.include.members(requiredAttributes) });","      ","      ","      ","        pm.test('Response has href attribute', function() { pm.expect(instance[\"href\"]).to.be.a('string'); });","        pm.test('Response has id attribute', function() { pm.expect(instance[\"id\"]).to.be.a('string'); });","        pm.test('Response has name attribute', function() { pm.expect(instance[\"name\"]).to.be.a('string'); });","      ","        pm.test('Body includes value held on href', function () {","            pm.expect(pm.response.text()).to.include(instance['href']);","        });","        pm.test('Body includes value held on id', function () {","            pm.expect(pm.response.text()).to.include(instance['id']);","        });","        pm.test('Body includes value held on name', function () {","            pm.expect(pm.response.text()).to.include(instance['name']);","        });","        // Individualized tests","        if (instance.id == pm.globals.get(\"IDPR01\")) {","            pm.test('href is ' + pm.globals.get(\"HREFPR01\"), function() {pm.expect(instance['href']) == pm.globals.get('HREFPR01');});","            pm.test('id is ' + pm.globals.get(\"IDPR01\"), function() {pm.expect(instance['id']) == pm.globals.get('IDPR01');});","            pm.test('name is ' + pm.globals.get(\"NAMEPR01\"), function() {pm.expect(instance['name']) == pm.globals.get('NAMEPR01');});","        }","        if (instance.id == pm.globals.get(\"IDPR02\")) {","            pm.test('IDPR02 not expected on this test', function () {","                console.log(\"Non expected resource, may happen if there is a collision on attributes\")","            });","        }","","        ","   ","}","  ","  "],"type":"text/javascript"}}],"request":{"method":"GET","header":[{"key":"Accept","value":"application/json"},{"key":"Content-Type","value":"application/json"}],"url":{"raw":"{{Promotion}}promotion/{{IDPR01}}","host":["{{Promotion}}promotion"],"path":["{{IDPR01}}"]},"description":"This operation search for one of the created Promotion"},"response":[]}]},{"name":"N2","item":[{"name":"/Promotion?fields=id","event":[{"listen":"test","script":{"exec":[""],"type":"text/javascript"}}],"request":{"method":"GET","header":[{"key":"Accept","value":"application/json"},{"key":"Content-Type","value":"application/json"}],"url":{"raw":"{{Promotion}}promotion?fields=id","host":["{{Promotion}}promotion"],"query":[{"key":"fields","value":"id"}]},"description":"This operation filter a Promotion"},"response":[]},{"name":"/Promotion?id={{IDPR01}}","event":[{"listen":"test","script":{"exec":["pm.test(\"Status code is 200\", function () {","    pm.response.to.have.status(200);","});","  ","  ","  ","var jsonData = pm.response.json();","  ","if (Array.isArray(jsonData) && (jsonData.length > 0)) {","    jsonData.forEach(function (instance, index) {","      ","        var requiredAttributes = ['href', 'id', 'name'];","      ","        pm.test('Instance has all mandatory attributes', function () { pm.expect(Object.keys(instance)).to.include.members(requiredAttributes) });","      ","      ","      ","        pm.test('Response has href attribute', function() { pm.expect(instance[\"href\"]).to.be.a('string'); });","        pm.test('Response has id attribute', function() { pm.expect(instance[\"id\"]).to.be.a('string'); });","        pm.test('Response has name attribute', function() { pm.expect(instance[\"name\"]).to.be.a('string'); });","      ","        pm.test('Body includes value held on href', function () {","            pm.expect(pm.response.text()).to.include(instance['href']);","        });","        pm.test('Body includes value held on id', function () {","            pm.expect(pm.response.text()).to.include(instance['id']);","        });","        pm.test('Body includes value held on name', function () {","            pm.expect(pm.response.text()).to.include(instance['name']);","        });","        // Individualized tests","        if (instance.id == pm.globals.get(\"IDPR01\")) {","            pm.test('href is ' + pm.globals.get(\"HREFPR01\"), function() {pm.expect(instance['href']) == pm.globals.get('HREFPR01');});","            pm.test('id is ' + pm.globals.get(\"IDPR01\"), function() {pm.expect(instance['id']) == pm.globals.get('IDPR01');});","            pm.test('name is ' + pm.globals.get(\"NAMEPR01\"), function() {pm.expect(instance['name']) == pm.globals.get('NAMEPR01');});","        }","        if (instance.id == pm.globals.get(\"IDPR02\")) {","            pm.test('IDPR02 not expected on this test', function () {","                console.log(\"Non expected resource, may happen if there is a collision on attributes\")","            });","        }","          ","    });","  }","  else {","    var instance = pm.response.json();","    var requiredAttributes = ['href', 'id', 'name'];","      ","        pm.test('Instance has all mandatory attributes', function () { pm.expect(Object.keys(instance)).to.include.members(requiredAttributes) });","      ","      ","      ","        pm.test('Response has href attribute', function() { pm.expect(instance[\"href\"]).to.be.a('string'); });","        pm.test('Response has id attribute', function() { pm.expect(instance[\"id\"]).to.be.a('string'); });","        pm.test('Response has name attribute', function() { pm.expect(instance[\"name\"]).to.be.a('string'); });","      ","        pm.test('Body includes value held on href', function () {","            pm.expect(pm.response.text()).to.include(instance['href']);","        });","        pm.test('Body includes value held on id', function () {","            pm.expect(pm.response.text()).to.include(instance['id']);","        });","        pm.test('Body includes value held on name', function () {","            pm.expect(pm.response.text()).to.include(instance['name']);","        });","        // Individualized tests","        if (instance.id == pm.globals.get(\"IDPR01\")) {","            pm.test('href is ' + pm.globals.get(\"HREFPR01\"), function() {pm.expect(instance['href']) == pm.globals.get('HREFPR01');});","            pm.test('id is ' + pm.globals.get(\"IDPR01\"), function() {pm.expect(instance['id']) == pm.globals.get('IDPR01');});","            pm.test('name is ' + pm.globals.get(\"NAMEPR01\"), function() {pm.expect(instance['name']) == pm.globals.get('NAMEPR01');});","        }","        if (instance.id == pm.globals.get(\"IDPR02\")) {","            pm.test('IDPR02 not expected on this test', function () {","                console.log(\"Non expected resource, may happen if there is a collision on attributes\")","            });","        }","","        ","   ","}","  ","  "],"type":"text/javascript"}}],"request":{"method":"GET","header":[{"key":"Accept","value":"application/json"},{"key":"Content-Type","value":"application/json"}],"url":{"raw":"{{Promotion}}promotion?id={{IDPR01}}","host":["{{Promotion}}promotion"],"query":[{"key":"id","value":"{{IDPR01}}"}]},"description":"This operation filter a Promotion"},"response":[]},{"name":"/Promotion?fields=name","event":[{"listen":"test","script":{"exec":[""],"type":"text/javascript"}}],"request":{"method":"GET","header":[{"key":"Accept","value":"application/json"},{"key":"Content-Type","value":"application/json"}],"url":{"raw":"{{Promotion}}promotion?fields=name","host":["{{Promotion}}promotion"],"query":[{"key":"fields","value":"name"}]},"description":"This operation filter a Promotion"},"response":[]},{"name":"/Promotion?name={{NAMEPR01}}","event":[{"listen":"test","script":{"exec":["pm.test(\"Status code is 200\", function () {","    pm.response.to.have.status(200);","});","  ","  ","  ","var jsonData = pm.response.json();","  ","if (Array.isArray(jsonData) && (jsonData.length > 0)) {","    jsonData.forEach(function (instance, index) {","      ","        var requiredAttributes = ['href', 'id', 'name'];","      ","        pm.test('Instance has all mandatory attributes', function () { pm.expect(Object.keys(instance)).to.include.members(requiredAttributes) });","      ","      ","      ","        pm.test('Response has href attribute', function() { pm.expect(instance[\"href\"]).to.be.a('string'); });","        pm.test('Response has id attribute', function() { pm.expect(instance[\"id\"]).to.be.a('string'); });","        pm.test('Response has name attribute', function() { pm.expect(instance[\"name\"]).to.be.a('string'); });","      ","        pm.test('Body includes value held on href', function () {","            pm.expect(pm.response.text()).to.include(instance['href']);","        });","        pm.test('Body includes value held on id', function () {","            pm.expect(pm.response.text()).to.include(instance['id']);","        });","        pm.test('Body includes value held on name', function () {","            pm.expect(pm.response.text()).to.include(instance['name']);","        });","        // Individualized tests","        if (instance.id == pm.globals.get(\"IDPR01\")) {","            pm.test('href is ' + pm.globals.get(\"HREFPR01\"), function() {pm.expect(instance['href']) == pm.globals.get('HREFPR01');});","            pm.test('id is ' + pm.globals.get(\"IDPR01\"), function() {pm.expect(instance['id']) == pm.globals.get('IDPR01');});","            pm.test('name is ' + pm.globals.get(\"NAMEPR01\"), function() {pm.expect(instance['name']) == pm.globals.get('NAMEPR01');});","        }","        if (instance.id == pm.globals.get(\"IDPR02\")) {","            pm.test('IDPR02 not expected on this test', function () {","                console.log(\"Non expected resource, may happen if there is a collision on attributes\")","            });","        }","          ","    });","  }","  else {","    var instance = pm.response.json();","    var requiredAttributes = ['href', 'id', 'name'];","      ","        pm.test('Instance has all mandatory attributes', function () { pm.expect(Object.keys(instance)).to.include.members(requiredAttributes) });","      ","      ","      ","        pm.test('Response has href attribute', function() { pm.expect(instance[\"href\"]).to.be.a('string'); });","        pm.test('Response has id attribute', function() { pm.expect(instance[\"id\"]).to.be.a('string'); });","        pm.test('Response has name attribute', function() { pm.expect(instance[\"name\"]).to.be.a('string'); });","      ","        pm.test('Body includes value held on href', function () {","            pm.expect(pm.response.text()).to.include(instance['href']);","        });","        pm.test('Body includes value held on id', function () {","            pm.expect(pm.response.text()).to.include(instance['id']);","        });","        pm.test('Body includes value held on name', function () {","            pm.expect(pm.response.text()).to.include(instance['name']);","        });","        // Individualized tests","        if (instance.id == pm.globals.get(\"IDPR01\")) {","            pm.test('href is ' + pm.globals.get(\"HREFPR01\"), function() {pm.expect(instance['href']) == pm.globals.get('HREFPR01');});","            pm.test('id is ' + pm.globals.get(\"IDPR01\"), function() {pm.expect(instance['id']) == pm.globals.get('IDPR01');});","            pm.test('name is ' + pm.globals.get(\"NAMEPR01\"), function() {pm.expect(instance['name']) == pm.globals.get('NAMEPR01');});","        }","        if (instance.id == pm.globals.get(\"IDPR02\")) {","            pm.test('IDPR02 not expected on this test', function () {","                console.log(\"Non expected resource, may happen if there is a collision on attributes\")","            });","        }","","        ","   ","}","  ","  "],"type":"text/javascript"}}],"request":{"method":"GET","header":[{"key":"Accept","value":"application/json"},{"key":"Content-Type","value":"application/json"}],"url":{"raw":"{{Promotion}}promotion?name={{NAMEPR01}}","host":["{{Promotion}}promotion"],"query":[{"key":"name","value":"{{NAMEPR01}}"}]},"description":"This operation filter a Promotion"},"response":[]}]},{"name":"E1","item":[{"name":"/Promotion/404ID","event":[{"listen":"test","script":{"exec":["pm.test(\"Status code is 404\", function () {","    pm.response.to.have.status(404);","});","",""],"type":"text/javascript"}}],"request":{"method":"GET","header":[{"key":"Accept","value":"application/json"},{"key":"Content-Type","value":"application/json"}],"url":{"raw":"{{Promotion}}promotion/f5523625-8257-4d74-8044-c7ac168376dd","host":["{{Promotion}}promotion"],"path":["f5523625-8257-4d74-8044-c7ac168376dd"]},"description":"This operation search for one of the created Promotion"},"response":[]}]}]}