{
    "$schema": "http://json-schema.org/schema#",
    "type": "object",
    "properties": {
        "incident": {
            "type": "object",
            "properties": {
                "id": {
                    "type": "string"
                },
                "href": {
                    "type": "string"
                },
                "name": {
                    "type": "string"
                }
            },
            "required": [
                "href",
                "id",
                "name"
            ]
        }
    },
    "required": [
        "incident"
    ]
}