{
    "$schema": "http://json-schema.org/schema#",
    "type": "object",
    "properties": {
        "ackState": {
            "type": "string"
        },
        "category": {
            "type": "string"
        },
        "domain": {
            "type": "string"
        },
        "name": {
            "type": "string"
        },
        "occurTime": {
            "type": "string"
        },
        "priority": {
            "type": "string"
        },
        "sourceObject": {
            "type": "array",
            "items": {
                "type": "object",
                "properties": {
                    "id": {
                        "type": "string"
                    },
                    "href": {
                        "type": "string"
                    }
                },
                "required": [
                    "href",
                    "id"
                ]
            }
        },
        "state": {
            "type": "string"
        }
    },
    "required": [
        "ackState",
        "category",
        "domain",
        "name",
        "occurTime",
        "priority",
        "sourceObject",
        "state"
    ]
}