{"info":{"_postman_id":"44a0db8a-1a05-47eb-a55b-ca371d2fdfd6","name":"CTK-Resource_Activation-4.0.0","schema":"https://schema.getpostman.com/json/collection/v2.1.0/collection.json"},"item":[{"name":"N1","item":[{"name":"/Resource","event":[{"listen":"test","script":{"exec":["if (pm.response.code == 202){ // set 202","    instance = pm.response.json()","    pm.globals.set('MONITOR_ID', instance['id']);","    postman.setNextRequest(\"/Monitor\");","}","else {","    var jsonData = pm.response.json();","","if (Array.isArray(jsonData)) { ","  ","    pm.test('Array not expected as response', function (){pm.expect.fail()});","  ","","}","","    pm.test(\"Status code is 201\", function () {","    pm.response.to.have.status(201);","    });","","    var instance = pm.response.json();","    var requiredAttributes = ['href', 'id', 'href', 'id', 'name'];","","    pm.test('Instance has all mandatory attributes', function () { pm.expect(Object.keys(instance)).to.include.members(requiredAttributes) });","","","","    pm.test('Response has href attribute', function() { pm.expect(instance[\"href\"]).to.be.a('string'); });","    pm.test('Response has id attribute', function() { pm.expect(instance[\"id\"]).to.be.a('string'); });","    pm.test('Response has href attribute', function() { pm.expect(instance[\"href\"]).to.be.a('string'); });","    pm.test('Response has id attribute', function() { pm.expect(instance[\"id\"]).to.be.a('string'); });","    pm.test('Response has name attribute', function() { pm.expect(instance[\"name\"]).to.be.a('string'); });","","    pm.globals.set('HREFRE01', instance['href']);","    pm.globals.set('IDRE01', instance['id']);","    pm.globals.set('NAMERE01', instance['name']);","","    pm.test('Body includes value held on href', function () {","    pm.expect(pm.response.text()).to.include(instance['href']);","    });","    pm.test('Body includes value held on id', function () {","    pm.expect(pm.response.text()).to.include(instance['id']);","    });","    pm.test('Body includes value held on href', function () {","    pm.expect(pm.response.text()).to.include(instance['href']);","    });","    pm.test('Body includes value held on id', function () {","    pm.expect(pm.response.text()).to.include(instance['id']);","    });","    pm.test('Body includes value held on name', function () {","    pm.expect(pm.response.text()).to.include(instance['name']);","    });","}"],"type":"text/javascript"}}],"request":{"method":"POST","header":[{"key":"Accept","value":"application/json"},{"key":"Content-Type","value":"application/json"},{"key":"run_async","value":true}],"body":{"mode":"raw","raw":"{\n  \"name\": \"qdahqxjdxn\"\n}"},"url":{"raw":"{{Resource_Activation}}resource","host":["{{Resource_Activation}}resource"]},"description":"This operation creates a Resource"},"response":[]},{"name":"/Resource","event":[{"listen":"test","script":{"exec":["pm.test(\"Status code is 200\", function () {","    pm.response.to.have.status(200);","});","  ","  ","  ","var jsonData = pm.response.json();","  ","if (Array.isArray(jsonData) && (jsonData.length > 0)) {","    jsonData.forEach(function (instance, index) {","      ","        var requiredAttributes = ['href', 'id', 'href', 'id', 'name'];","      ","        pm.test('Instance has all mandatory attributes', function () { pm.expect(Object.keys(instance)).to.include.members(requiredAttributes) });","      ","      ","      ","        pm.test('Response has href attribute', function() { pm.expect(instance[\"href\"]).to.be.a('string'); });","        pm.test('Response has id attribute', function() { pm.expect(instance[\"id\"]).to.be.a('string'); });","        pm.test('Response has href attribute', function() { pm.expect(instance[\"href\"]).to.be.a('string'); });","        pm.test('Response has id attribute', function() { pm.expect(instance[\"id\"]).to.be.a('string'); });","        pm.test('Response has name attribute', function() { pm.expect(instance[\"name\"]).to.be.a('string'); });","      ","        pm.test('Body includes value held on href', function () {","            pm.expect(pm.response.text()).to.include(instance['href']);","        });","        pm.test('Body includes value held on id', function () {","            pm.expect(pm.response.text()).to.include(instance['id']);","        });","        pm.test('Body includes value held on href', function () {","            pm.expect(pm.response.text()).to.include(instance['href']);","        });","        pm.test('Body includes value held on id', function () {","            pm.expect(pm.response.text()).to.include(instance['id']);","        });","        pm.test('Body includes value held on name', function () {","            pm.expect(pm.response.text()).to.include(instance['name']);","        });","        // Individualized tests","        if (instance.id == pm.globals.get(\"IDRE01\")) {","            pm.test('href is ' + pm.globals.get(\"HREFRE01\"), function() {pm.expect(instance['href']) == pm.globals.get('HREFRE01');});","            pm.test('id is ' + pm.globals.get(\"IDRE01\"), function() {pm.expect(instance['id']) == pm.globals.get('IDRE01');});","            pm.test('name is ' + pm.globals.get(\"NAMERE01\"), function() {pm.expect(instance['name']) == pm.globals.get('NAMERE01');});","        }","        if (instance.id == pm.globals.get(\"IDRE02\")) {","            pm.test('href is ' + pm.globals.get(\"HREFRE02\"), function() {pm.expect(instance['href']) == pm.globals.get('HREFRE02');});","            pm.test('id is ' + pm.globals.get(\"IDRE02\"), function() {pm.expect(instance['id']) == pm.globals.get('IDRE02');});","            pm.test('name is ' + pm.globals.get(\"NAMERE02\"), function() {pm.expect(instance['name']) == pm.globals.get('NAMERE02');});","        }  ","    });","  }","  else {","    var instance = pm.response.json();","    var requiredAttributes = ['href', 'id', 'href', 'id', 'name'];","      ","        pm.test('Instance has all mandatory attributes', function () { pm.expect(Object.keys(instance)).to.include.members(requiredAttributes) });","      ","      ","      ","        pm.test('Response has href attribute', function() { pm.expect(instance[\"href\"]).to.be.a('string'); });","        pm.test('Response has id attribute', function() { pm.expect(instance[\"id\"]).to.be.a('string'); });","        pm.test('Response has href attribute', function() { pm.expect(instance[\"href\"]).to.be.a('string'); });","        pm.test('Response has id attribute', function() { pm.expect(instance[\"id\"]).to.be.a('string'); });","        pm.test('Response has name attribute', function() { pm.expect(instance[\"name\"]).to.be.a('string'); });","      ","        pm.test('Body includes value held on href', function () {","            pm.expect(pm.response.text()).to.include(instance['href']);","        });","        pm.test('Body includes value held on id', function () {","            pm.expect(pm.response.text()).to.include(instance['id']);","        });","        pm.test('Body includes value held on href', function () {","            pm.expect(pm.response.text()).to.include(instance['href']);","        });","        pm.test('Body includes value held on id', function () {","            pm.expect(pm.response.text()).to.include(instance['id']);","        });","        pm.test('Body includes value held on name', function () {","            pm.expect(pm.response.text()).to.include(instance['name']);","        });","        // Individualized tests","        if (instance.id == pm.globals.get(\"IDRE01\")) {","            pm.test('href is ' + pm.globals.get(\"HREFRE01\"), function() {pm.expect(instance['href']) == pm.globals.get('HREFRE01');});","            pm.test('id is ' + pm.globals.get(\"IDRE01\"), function() {pm.expect(instance['id']) == pm.globals.get('IDRE01');});","            pm.test('name is ' + pm.globals.get(\"NAMERE01\"), function() {pm.expect(instance['name']) == pm.globals.get('NAMERE01');});","        }","        if (instance.id == pm.globals.get(\"IDRE02\")) {","            pm.test('href is ' + pm.globals.get(\"HREFRE02\"), function() {pm.expect(instance['href']) == pm.globals.get('HREFRE02');});","            pm.test('id is ' + pm.globals.get(\"IDRE02\"), function() {pm.expect(instance['id']) == pm.globals.get('IDRE02');});","            pm.test('name is ' + pm.globals.get(\"NAMERE02\"), function() {pm.expect(instance['name']) == pm.globals.get('NAMERE02');});","        }","   ","  }","  ","  "],"type":"text/javascript"}}],"request":{"method":"GET","header":[{"key":"Accept","value":"application/json"},{"key":"Content-Type","value":"application/json"},{"key":"run_async","value":true}],"url":{"raw":"{{Resource_Activation}}resource","host":["{{Resource_Activation}}resource"]},"description":"This operation search for the created Resource"},"response":[]},{"name":"/Resource/{{IDRE01}}","event":[{"listen":"test","script":{"exec":["pm.test(\"Status code is 200\", function () {","    pm.response.to.have.status(200);","});","  ","  ","  ","var jsonData = pm.response.json();","  ","if (Array.isArray(jsonData) && (jsonData.length > 0)) {","    jsonData.forEach(function (instance, index) {","      ","        var requiredAttributes = ['href', 'id', 'href', 'id', 'name'];","      ","        pm.test('Instance has all mandatory attributes', function () { pm.expect(Object.keys(instance)).to.include.members(requiredAttributes) });","      ","      ","      ","        pm.test('Response has href attribute', function() { pm.expect(instance[\"href\"]).to.be.a('string'); });","        pm.test('Response has id attribute', function() { pm.expect(instance[\"id\"]).to.be.a('string'); });","        pm.test('Response has href attribute', function() { pm.expect(instance[\"href\"]).to.be.a('string'); });","        pm.test('Response has id attribute', function() { pm.expect(instance[\"id\"]).to.be.a('string'); });","        pm.test('Response has name attribute', function() { pm.expect(instance[\"name\"]).to.be.a('string'); });","      ","        pm.test('Body includes value held on href', function () {","            pm.expect(pm.response.text()).to.include(instance['href']);","        });","        pm.test('Body includes value held on id', function () {","            pm.expect(pm.response.text()).to.include(instance['id']);","        });","        pm.test('Body includes value held on href', function () {","            pm.expect(pm.response.text()).to.include(instance['href']);","        });","        pm.test('Body includes value held on id', function () {","            pm.expect(pm.response.text()).to.include(instance['id']);","        });","        pm.test('Body includes value held on name', function () {","            pm.expect(pm.response.text()).to.include(instance['name']);","        });","        // Individualized tests","        if (instance.id == pm.globals.get(\"IDRE01\")) {","            pm.test('href is ' + pm.globals.get(\"HREFRE01\"), function() {pm.expect(instance['href']) == pm.globals.get('HREFRE01');});","            pm.test('id is ' + pm.globals.get(\"IDRE01\"), function() {pm.expect(instance['id']) == pm.globals.get('IDRE01');});","            pm.test('name is ' + pm.globals.get(\"NAMERE01\"), function() {pm.expect(instance['name']) == pm.globals.get('NAMERE01');});","        }","        if (instance.id == pm.globals.get(\"IDRE02\")) {","            pm.test('IDRE02 not expected on this test', function () {","                console.log(\"Non expected resource, may happen if there is a collision on attributes\")","            });","        }","          ","    });","  }","  else {","    var instance = pm.response.json();","    var requiredAttributes = ['href', 'id', 'href', 'id', 'name'];","      ","        pm.test('Instance has all mandatory attributes', function () { pm.expect(Object.keys(instance)).to.include.members(requiredAttributes) });","      ","      ","      ","        pm.test('Response has href attribute', function() { pm.expect(instance[\"href\"]).to.be.a('string'); });","        pm.test('Response has id attribute', function() { pm.expect(instance[\"id\"]).to.be.a('string'); });","        pm.test('Response has href attribute', function() { pm.expect(instance[\"href\"]).to.be.a('string'); });","        pm.test('Response has id attribute', function() { pm.expect(instance[\"id\"]).to.be.a('string'); });","        pm.test('Response has name attribute', function() { pm.expect(instance[\"name\"]).to.be.a('string'); });","      ","        pm.test('Body includes value held on href', function () {","            pm.expect(pm.response.text()).to.include(instance['href']);","        });","        pm.test('Body includes value held on id', function () {","            pm.expect(pm.response.text()).to.include(instance['id']);","        });","        pm.test('Body includes value held on href', function () {","            pm.expect(pm.response.text()).to.include(instance['href']);","        });","        pm.test('Body includes value held on id', function () {","            pm.expect(pm.response.text()).to.include(instance['id']);","        });","        pm.test('Body includes value held on name', function () {","            pm.expect(pm.response.text()).to.include(instance['name']);","        });","        // Individualized tests","        if (instance.id == pm.globals.get(\"IDRE01\")) {","            pm.test('href is ' + pm.globals.get(\"HREFRE01\"), function() {pm.expect(instance['href']) == pm.globals.get('HREFRE01');});","            pm.test('id is ' + pm.globals.get(\"IDRE01\"), function() {pm.expect(instance['id']) == pm.globals.get('IDRE01');});","            pm.test('name is ' + pm.globals.get(\"NAMERE01\"), function() {pm.expect(instance['name']) == pm.globals.get('NAMERE01');});","        }","        if (instance.id == pm.globals.get(\"IDRE02\")) {","            pm.test('IDRE02 not expected on this test', function () {","                console.log(\"Non expected resource, may happen if there is a collision on attributes\")","            });","        }","","        ","   ","}","  ","  "],"type":"text/javascript"}}],"request":{"method":"GET","header":[{"key":"Accept","value":"application/json"},{"key":"Content-Type","value":"application/json"},{"key":"run_async","value":true}],"url":{"raw":"{{Resource_Activation}}resource/{{IDRE01}}","host":["{{Resource_Activation}}resource"],"path":["{{IDRE01}}"]},"description":"This operation search for one of the created Resource"},"response":[]}]},{"name":"N2","item":[{"name":"/Resource?fields=id","event":[{"listen":"test","script":{"exec":["pm.test(\"Status code is 200\", function () {","    pm.response.to.have.status(200);","});","var jsonData = pm.response.json();","  ","if (Array.isArray(jsonData) && (jsonData.length > 0)) {","    jsonData.forEach(function (instance, index) {","      ","        var requiredAttributes = ['id','href', 'id'];","      ","        pm.test('Instance must have id, href and filtered attribute', function () { pm.expect(Object.keys(instance)).to.include.members(requiredAttributes)});","        pm.test('Instance has only id, href and filtered attribute', function () { pm.expect(requiredAttributes).to.include.members(Object.keys(instance))});","    });","","    ","}","else { ","  ","    pm.test('Array expected as response', function (){pm.expect.fail()});","  ","","}"],"type":"text/javascript"}}],"request":{"method":"GET","header":[{"key":"Accept","value":"application/json"},{"key":"Content-Type","value":"application/json"},{"key":"run_async","value":true}],"url":{"raw":"{{Resource_Activation}}resource?fields=id","host":["{{Resource_Activation}}resource"],"query":[{"key":"fields","value":"id"}]},"description":"This operation filter a Resource"},"response":[]},{"name":"/Resource?id={{IDRE01}}","event":[{"listen":"test","script":{"exec":["pm.test(\"Status code is 200\", function () {","    pm.response.to.have.status(200);","});","  ","  ","  ","var jsonData = pm.response.json();","  ","if (Array.isArray(jsonData) && (jsonData.length > 0)) {","    jsonData.forEach(function (instance, index) {","      ","        var requiredAttributes = ['id', 'href', 'id',];","      ","        pm.test('Instance has id, href and filtered attribute', function () { pm.expect(Object.keys(instance)).to.include.members(requiredAttributes) });","","      ","      ","        pm.test('Response has href attribute', function() { pm.expect(instance[\"href\"]).to.be.a('string'); });","        pm.test('Response has id attribute', function() { pm.expect(instance[\"id\"]).to.be.a('string'); });","        pm.test('Response has href attribute', function() { pm.expect(instance[\"href\"]).to.be.a('string'); });","        pm.test('Response has id attribute', function() { pm.expect(instance[\"id\"]).to.be.a('string'); });","        pm.test('Response has name attribute', function() { pm.expect(instance[\"name\"]).to.be.a('string'); });","      ","        pm.test('Body includes value held on href', function () {","            pm.expect(pm.response.text()).to.include(instance['href']);","        });","        pm.test('Body includes value held on id', function () {","            pm.expect(pm.response.text()).to.include(instance['id']);","        });","        pm.test('Body includes value held on href', function () {","            pm.expect(pm.response.text()).to.include(instance['href']);","        });","        pm.test('Body includes value held on id', function () {","            pm.expect(pm.response.text()).to.include(instance['id']);","        });","        pm.test('Body includes value held on name', function () {","            pm.expect(pm.response.text()).to.include(instance['name']);","        });","        // Individualized tests","        if (instance.id == pm.globals.get(\"IDRE01\")) {","            pm.test('href is ' + pm.globals.get(\"HREFRE01\"), function() {pm.expect(instance['href']) == pm.globals.get('HREFRE01');});","            pm.test('id is ' + pm.globals.get(\"IDRE01\"), function() {pm.expect(instance['id']) == pm.globals.get('IDRE01');});","            pm.test('name is ' + pm.globals.get(\"NAMERE01\"), function() {pm.expect(instance['name']) == pm.globals.get('NAMERE01');});","        }","        if (instance.id == pm.globals.get(\"IDRE02\")) {","            pm.test('IDRE02 not expected on this test', function () {","                console.log(\"Non expected resource, may happen if there is a collision on attributes\")","            });","        }","          ","    });","  }","  else {","    var instance = pm.response.json();","    var requiredAttributes = ['href', 'id', 'href', 'id', 'name'];","      ","        pm.test('Instance has all mandatory attributes', function () { pm.expect(Object.keys(instance)).to.include.members(requiredAttributes) });","      ","      ","      ","        pm.test('Response has href attribute', function() { pm.expect(instance[\"href\"]).to.be.a('string'); });","        pm.test('Response has id attribute', function() { pm.expect(instance[\"id\"]).to.be.a('string'); });","        pm.test('Response has href attribute', function() { pm.expect(instance[\"href\"]).to.be.a('string'); });","        pm.test('Response has id attribute', function() { pm.expect(instance[\"id\"]).to.be.a('string'); });","        pm.test('Response has name attribute', function() { pm.expect(instance[\"name\"]).to.be.a('string'); });","      ","        pm.test('Body includes value held on href', function () {","            pm.expect(pm.response.text()).to.include(instance['href']);","        });","        pm.test('Body includes value held on id', function () {","            pm.expect(pm.response.text()).to.include(instance['id']);","        });","        pm.test('Body includes value held on href', function () {","            pm.expect(pm.response.text()).to.include(instance['href']);","        });","        pm.test('Body includes value held on id', function () {","            pm.expect(pm.response.text()).to.include(instance['id']);","        });","        pm.test('Body includes value held on name', function () {","            pm.expect(pm.response.text()).to.include(instance['name']);","        });","        // Individualized tests","        if (instance.id == pm.globals.get(\"IDRE01\")) {","            pm.test('href is ' + pm.globals.get(\"HREFRE01\"), function() {pm.expect(instance['href']) == pm.globals.get('HREFRE01');});","            pm.test('id is ' + pm.globals.get(\"IDRE01\"), function() {pm.expect(instance['id']) == pm.globals.get('IDRE01');});","            pm.test('name is ' + pm.globals.get(\"NAMERE01\"), function() {pm.expect(instance['name']) == pm.globals.get('NAMERE01');});","        }","        if (instance.id == pm.globals.get(\"IDRE02\")) {","            pm.test('IDRE02 not expected on this test', function () {","                console.log(\"Non expected resource, may happen if there is a collision on attributes\")","            });","        }","","        ","   ","}","  ","  "],"type":"text/javascript"}}],"request":{"method":"GET","header":[{"key":"Accept","value":"application/json"},{"key":"Content-Type","value":"application/json"},{"key":"run_async","value":true}],"url":{"raw":"{{Resource_Activation}}resource?id={{IDRE01}}","host":["{{Resource_Activation}}resource"],"query":[{"key":"id","value":"{{IDRE01}}"}]},"description":"This operation filter a Resource"},"response":[]},{"name":"/Resource?fields=href","event":[{"listen":"test","script":{"exec":[""],"type":"text/javascript"}}],"request":{"method":"GET","header":[{"key":"Accept","value":"application/json"},{"key":"Content-Type","value":"application/json"},{"key":"run_async","value":true}],"url":{"raw":"{{Resource_Activation}}resource?fields=href","host":["{{Resource_Activation}}resource"],"query":[{"key":"fields","value":"href"}]},"description":"This operation filter a Resource"},"response":[]},{"name":"/Resource?fields=id","event":[{"listen":"test","script":{"exec":["pm.test(\"Status code is 200\", function () {","    pm.response.to.have.status(200);","});","var jsonData = pm.response.json();","  ","if (Array.isArray(jsonData) && (jsonData.length > 0)) {","    jsonData.forEach(function (instance, index) {","      ","        var requiredAttributes = ['id','href', 'id'];","      ","        pm.test('Instance must have id, href and filtered attribute', function () { pm.expect(Object.keys(instance)).to.include.members(requiredAttributes)});","        pm.test('Instance has only id, href and filtered attribute', function () { pm.expect(requiredAttributes).to.include.members(Object.keys(instance))});","    });","","    ","}","else { ","  ","    pm.test('Array expected as response', function (){pm.expect.fail()});","  ","","}"],"type":"text/javascript"}}],"request":{"method":"GET","header":[{"key":"Accept","value":"application/json"},{"key":"Content-Type","value":"application/json"},{"key":"run_async","value":true}],"url":{"raw":"{{Resource_Activation}}resource?fields=id","host":["{{Resource_Activation}}resource"],"query":[{"key":"fields","value":"id"}]},"description":"This operation filter a Resource"},"response":[]},{"name":"/Resource?fields=name","event":[{"listen":"test","script":{"exec":["pm.test(\"Status code is 200\", function () {","    pm.response.to.have.status(200);","});","var jsonData = pm.response.json();","  ","if (Array.isArray(jsonData) && (jsonData.length > 0)) {","    jsonData.forEach(function (instance, index) {","      ","        var requiredAttributes = ['id','href', 'name'];","      ","        pm.test('Instance must have id, href and filtered attribute', function () { pm.expect(Object.keys(instance)).to.include.members(requiredAttributes)});","    });","","    ","}","else { ","  ","    pm.test('Array expected as response', function (){pm.expect.fail()});","  ","","}"],"type":"text/javascript"}}],"request":{"method":"GET","header":[{"key":"Accept","value":"application/json"},{"key":"Content-Type","value":"application/json"},{"key":"run_async","value":true}],"url":{"raw":"{{Resource_Activation}}resource?fields=name","host":["{{Resource_Activation}}resource"],"query":[{"key":"fields","value":"name"}]},"description":"This operation filter a Resource"},"response":[]},{"name":"/Resource?name={{NAMERE01}}","event":[{"listen":"test","script":{"exec":["pm.test(\"Status code is 200\", function () {","    pm.response.to.have.status(200);","});","  ","  ","  ","var jsonData = pm.response.json();","  ","if (Array.isArray(jsonData) && (jsonData.length > 0)) {","    jsonData.forEach(function (instance, index) {","      ","        var requiredAttributes = ['name', 'href', 'id', 'href', 'id', 'name'];","      ","        pm.test('Instance has href, id and filtered attributes', function () { pm.expect(Object.keys(instance)).to.include.members(requiredAttributes) });","      ","      ","        pm.test('Response has href attribute', function() { pm.expect(instance[\"href\"]).to.be.a('string'); });","        pm.test('Response has id attribute', function() { pm.expect(instance[\"id\"]).to.be.a('string'); });","        pm.test('Response has href attribute', function() { pm.expect(instance[\"href\"]).to.be.a('string'); });","        pm.test('Response has id attribute', function() { pm.expect(instance[\"id\"]).to.be.a('string'); });","        pm.test('Response has name attribute', function() { pm.expect(instance[\"name\"]).to.be.a('string'); });","      ","        pm.test('Body includes value held on href', function () {","            pm.expect(pm.response.text()).to.include(instance['href']);","        });","        pm.test('Body includes value held on id', function () {","            pm.expect(pm.response.text()).to.include(instance['id']);","        });","        pm.test('Body includes value held on href', function () {","            pm.expect(pm.response.text()).to.include(instance['href']);","        });","        pm.test('Body includes value held on id', function () {","            pm.expect(pm.response.text()).to.include(instance['id']);","        });","        pm.test('Body includes value held on name', function () {","            pm.expect(pm.response.text()).to.include(instance['name']);","        });","        // Individualized tests","        if (instance.id == pm.globals.get(\"IDRE01\")) {","            pm.test('href is ' + pm.globals.get(\"HREFRE01\"), function() {pm.expect(instance['href']) == pm.globals.get('HREFRE01');});","            pm.test('id is ' + pm.globals.get(\"IDRE01\"), function() {pm.expect(instance['id']) == pm.globals.get('IDRE01');});","            pm.test('name is ' + pm.globals.get(\"NAMERE01\"), function() {pm.expect(instance['name']) == pm.globals.get('NAMERE01');});","        }","        if (instance.id == pm.globals.get(\"IDRE02\")) {","            pm.test('IDRE02 not expected on this test', function () {","                console.log(\"Non expected resource, may happen if there is a collision on attributes\")","            });","        }","          ","    });","  }","  else {","    var instance = pm.response.json();","    var requiredAttributes = ['href', 'id', 'href', 'id', 'name'];","      ","        pm.test('Instance has all mandatory attributes', function () { pm.expect(Object.keys(instance)).to.include.members(requiredAttributes) });","      ","      ","      ","        pm.test('Response has href attribute', function() { pm.expect(instance[\"href\"]).to.be.a('string'); });","        pm.test('Response has id attribute', function() { pm.expect(instance[\"id\"]).to.be.a('string'); });","        pm.test('Response has href attribute', function() { pm.expect(instance[\"href\"]).to.be.a('string'); });","        pm.test('Response has id attribute', function() { pm.expect(instance[\"id\"]).to.be.a('string'); });","        pm.test('Response has name attribute', function() { pm.expect(instance[\"name\"]).to.be.a('string'); });","      ","        pm.test('Body includes value held on href', function () {","            pm.expect(pm.response.text()).to.include(instance['href']);","        });","        pm.test('Body includes value held on id', function () {","            pm.expect(pm.response.text()).to.include(instance['id']);","        });","        pm.test('Body includes value held on href', function () {","            pm.expect(pm.response.text()).to.include(instance['href']);","        });","        pm.test('Body includes value held on id', function () {","            pm.expect(pm.response.text()).to.include(instance['id']);","        });","        pm.test('Body includes value held on name', function () {","            pm.expect(pm.response.text()).to.include(instance['name']);","        });","        // Individualized tests","        if (instance.id == pm.globals.get(\"IDRE01\")) {","            pm.test('href is ' + pm.globals.get(\"HREFRE01\"), function() {pm.expect(instance['href']) == pm.globals.get('HREFRE01');});","            pm.test('id is ' + pm.globals.get(\"IDRE01\"), function() {pm.expect(instance['id']) == pm.globals.get('IDRE01');});","            pm.test('name is ' + pm.globals.get(\"NAMERE01\"), function() {pm.expect(instance['name']) == pm.globals.get('NAMERE01');});","        }","        if (instance.id == pm.globals.get(\"IDRE02\")) {","            pm.test('IDRE02 not expected on this test', function () {","                console.log(\"Non expected resource, may happen if there is a collision on attributes\")","            });","        }","","        ","   ","}","  ","  "],"type":"text/javascript"}}],"request":{"method":"GET","header":[{"key":"Accept","value":"application/json"},{"key":"Content-Type","value":"application/json"},{"key":"run_async","value":true}],"url":{"raw":"{{Resource_Activation}}resource?name={{NAMERE01}}","host":["{{Resource_Activation}}resource"],"query":[{"key":"name","value":"{{NAMERE01}}"}]},"description":"This operation filter a Resource"},"response":[]},{"name":"/Resource/{{IDREO01}}","event":[{"listen":"test","script":{"exec":["pm.test(\"Successful PATCH request\", function () {","    pm.response.to.have.status(200);","});","","","var instance = pm.response.json();","","pm.test(\"Response contains value from attribute name\", function () {","    pm.expect(instance.name).to.eql('patched text');","});",""],"type":"text/javascript"}}],"request":{"method":"PATCH","header":[{"key":"Accept","value":"application/json"},{"key":"Content-Type","value":"application/json"},{"key":"run_async","value":true}],"body":{"mode":"raw","raw":"{\n  \"name\": \"patched text\"\n}","options":{"raw":{"language":"json"}}},"url":{"raw":"{{Resource_Activation}}resource/{{IDRE01}}","host":["{{Resource_Activation}}resource"],"path":["{{IDRE01}}"]}},"response":[]},{"name":"/Resource/{{IDRE01}}patched","event":[{"listen":"test","script":{"exec":["var jsonData = pm.response.json();","","pm.test(\"Status code is 200\", function () {","    pm.response.to.have.status(200);","});","  ","pm.test(\"Response contains value from attribute name\", function () {","    pm.expect(jsonData.name).to.eql('patched text');","});",""],"type":"text/javascript"}}],"request":{"method":"GET","header":[{"key":"Accept","value":"application/json"},{"key":"Content-Type","value":"application/json"},{"key":"run_async","value":true}],"url":{"raw":"{{Resource_Activation}}resource/{{IDRE01}}","host":["{{Resource_Activation}}resource"],"path":["{{IDRE01}}"]},"description":"This operation search for one of the created Resource"},"response":[]}]},{"name":"E1","item":[{"name":"/Resource/404ID","event":[{"listen":"test","script":{"exec":["pm.test(\"Status code is 404\", function () {","    pm.response.to.have.status(404);","});","","postman.setNextRequest(null)"],"type":"text/javascript"}}],"request":{"method":"GET","header":[{"key":"Accept","value":"application/json"},{"key":"Content-Type","value":"application/json"},{"key":"run_async","value":true}],"url":{"raw":"{{Resource_Activation}}resource/a4cf92d7-6152-446c-af3a-0050c0821d8b","host":["{{Resource_Activation}}resource"],"path":["a4cf92d7-6152-446c-af3a-0050c0821d8b"]},"description":"This operation search for one of the created Resource"},"response":[]}]},{"name":"N1","item":[{"name":"/Monitor","event":[{"listen":"test","script":{"exec":["","","var instance = pm.response.json();","","if (Array.isArray(instance)) { ","  ","    pm.test('Array not expected as response', function (){pm.expect.fail()});","    postman.setNextRequest(\"null\");","","}","else {","  if (pm.response.code == 200){","    if (instance['state'] == \"Completed\"){","      pm.globals.set('monitor_tries', 0)","      var requiredAttributes = ['href', 'id', 'state'];","","      pm.test('Instance has all mandatory attributes', function () { pm.expect(Object.keys(instance)).to.include.members(requiredAttributes) });","      pm.test('Response has href attribute', function() { pm.expect(instance[\"href\"]).to.be.a('string'); });","      pm.test('Response has id attribute', function() { pm.expect(instance[\"id\"]).to.be.a('string'); });","      pm.test('Response has state attribute', function() { pm.expect(instance[\"state\"]).to.be.a('string'); });","      postman.setNextRequest(\"/Resource202\");","    }","    else{","      postman.setNextRequest(\"/Monitor\");","      setTimeout(function(){}, [5000]);","      if (pm.globals.get('monitor_tries')){","        if (pm.globals.get('monitor_tries') <= 36){","          pm.globals.set(\"monitor_tries\", pm.globals.get('monitor_tries') + 1);","        }","        else {","              pm.test('Monitor did not resolve after 3 minutes, aborting test', function (){pm.expect.fail()});","              postman.setNextRequest(null);","        }","      }","      else{","        pm.globals.set('monitor_tries', 1)","      }","    }","  }","","}","","","",""],"type":"text/javascript"}}],"request":{"method":"GET","header":[{"key":"Accept","value":"application/json"},{"key":"Content-Type","value":"application/json"},{"key":"run_async","value":true}],"url":{"raw":"{{Resource_Activation}}Monitor/{{MONITOR_ID}}","host":["{{Resource_Activation}}Monitor"],"path":["{{MONITOR_ID}}"]}},"response":[]},{"name":"/Resource202","event":[{"listen":"test","script":{"exec":["pm.test(\"Status code is 200\", function () {","    pm.response.to.have.status(200);","});","","","","var jsonData = pm.response.json();","","if (Array.isArray(jsonData) && (jsonData.length > 0)) {","    jsonData.forEach(function (instance, index) {","","        var requiredAttributes = ['href', 'id', 'name'];","","        pm.test('Instance has all mandatory attributes', function () { pm.expect(Object.keys(instance)).to.include.members(requiredAttributes) });","","","","        pm.test('Response has href attribute', function () { pm.expect(instance[\"href\"]).to.be.a('string'); });","        pm.test('Response has id attribute', function () { pm.expect(instance[\"id\"]).to.be.a('string'); });","","        pm.globals.set('HREFRE01', instance['href']);","        pm.globals.set('IDRE01', instance['id']);","        pm.globals.set('NAMERE01', instance['name']);","","","        pm.test('Body includes value held on href', function () {","            pm.expect(pm.response.text()).to.include(instance['href']);","        });","        pm.test('Body includes value held on id', function () {","            pm.expect(pm.response.text()).to.include(instance['id']);","        });","        // Individualized tests","        if (instance.id == pm.globals.get(\"IDRE01\")) {","            pm.test('href is ' + pm.globals.get(\"HREFRE01\"), function () { pm.expect(instance['href']) == pm.globals.get('HREFRE01'); });","            pm.test('id is ' + pm.globals.get(\"IDRE01\"), function () { pm.expect(instance['id']) == pm.globals.get('IDRE01'); });","           ","        }","      ","        ","    });","    postman.setNextRequest(\"/Resource/{{IDRE01}}\");","}","else {","    var instance = pm.response.json();","    var requiredAttributes = ['href', 'id', 'name'];","","    pm.test('Instance has all mandatory attributes', function () { pm.expect(Object.keys(instance)).to.include.members(requiredAttributes) });","","","","    pm.test('Response has href attribute', function () { pm.expect(instance[\"href\"]).to.be.a('string'); });","    pm.test('Response has id attribute', function () { pm.expect(instance[\"id\"]).to.be.a('string'); });","    pm.test('Response has serviceDate attribute', function () { pm.expect(instance[\"serviceDate\"]).to.be.a('string'); });","","    pm.globals.set('HREFRE01', instance['href']);","    pm.globals.set('IDRE01', instance['id']);","","    pm.test('Body includes value held on href', function () {","        pm.expect(pm.response.text()).to.include(instance['href']);","    });","    pm.test('Body includes value held on id', function () {","        pm.expect(pm.response.text()).to.include(instance['id']);","    });","    pm.test('Body includes value held on serviceDate', function () {","        pm.expect(pm.response.text()).to.include(instance['serviceDate']);","    });","    // Individualized tests","    if (instance.id == pm.globals.get(\"IDRE01\")) {","        pm.test('href is ' + pm.globals.get(\"HREFRE01\"), function () { pm.expect(instance['href']) == pm.globals.get('HREFRE01'); });","        pm.test('id is ' + pm.globals.get(\"IDRE01\"), function () { pm.expect(instance['id']) == pm.globals.get('IDRE01'); });","    }","    if (instance.id == pm.globals.get(\"IDRE02\")) {","        pm.test('href is ' + pm.globals.get(\"HREFRE02\"), function () { pm.expect(instance['href']) == pm.globals.get('HREFRE02'); });","        pm.test('id is ' + pm.globals.get(\"IDRE02\"), function () { pm.expect(instance['id']) == pm.globals.get('IDRE02'); });","    }","    postman.setNextRequest(\"/Resource/{{IDRE01}}\");","}","",""],"type":"text/javascript"}}],"request":{"method":"GET","header":[{"key":"Accept","value":"application/json"},{"key":"Content-Type","value":"application/json"},{"key":"run_async","value":true}],"url":{"raw":"{{Resource_Activation}}resource","host":["{{Resource_Activation}}resource"]},"description":"This operation search for the created Service"},"response":[]}]}]}