{
    "$schema": "http://json-schema.org/schema#",
    "type": "object",
    "properties": {
        "relatedServiceSpecification": {
            "type": "array",
            "items": {
                "type": "object",
                "properties": {
                    "id": {
                        "type": "string"
                    },
                    "@referredType": {
                        "type": "string"
                    }
                },
                "required": [
                    "@referredType",
                    "id"
                ]
            }
        },
        "name": {
            "type": "string"
        }
    },
    "required": [
        "name",
        "relatedServiceSpecification"
    ]
}