{
    "$schema": "http://json-schema.org/schema#",
    "type": "object",
    "properties": {
        "relatedService": {
            "type": "object",
            "properties": {
                "id": {
                    "type": "string"
                }
            },
            "required": [
                "id"
            ]
        },
        "testSpecification": {
            "type": "object",
            "properties": {
                "id": {
                    "type": "string"
                },
                "@referredType": {
                    "type": "string"
                }
            },
            "required": [
                "@referredType",
                "id"
            ]
        },
        "name": {
            "type": "string"
        }
    },
    "required": [
        "name",
        "relatedService",
        "testSpecification"
    ]
}