{
    "$schema": "http://json-schema.org/schema#",
    "type": "object",
    "properties": {
        "aiContract": {
            "type": "object",
            "properties": {
                "id": {
                    "type": "string"
                }
            },
            "required": ["id"]
        },
        "violation": {
            "type": "object",
            "properties": {
                "referenceValue": {
                    "type": "string"
                },
                "operator": {
                    "type": "string"
                },
                "actualValue": {
                    "type": "string"
                },
                "consequence": {
                    "type": "string"
                }
            },
            "required": ["actualValue", "consequence", "operator", "referenceValue"]
        }
    },
    "required": ["aiContract", "violation"]
}
