{"$schema": "http://json-schema.org/schema#", "type": "object", "properties": {"state": {"type": "string"}, "software": {"type": "array", "items": {"type": "object", "properties": {"href": {"type": "string"}, "id": {"type": "string"}, "softwareVersion": {"type": "string"}, "@type": {"type": "string"}, "@referredType": {"type": "string"}}, "required": ["@referredType", "@type", "href", "id", "softwareVersion"]}}, "aiModelSpecification": {"type": "object", "properties": {"@type": {"type": "string"}, "id": {"type": "string"}, "href": {"type": "string"}, "name": {"type": "string"}, "version": {"type": "string"}}, "required": ["@type", "href", "id", "name", "version"]}}, "required": ["aiModelSpecification", "software", "state"]}
