{"$schema": "http://json-schema.org/schema#", "type": "object", "properties": {"alarmRaisedTime": {"type": "string"}, "alarmType": {"type": "string"}, "alarmedObject": {"type": "object", "properties": {"id": {"type": "string"}, "href": {"type": "string"}}, "required": ["href", "id"]}, "perceivedSeverity": {"type": "string"}, "probableCause": {"type": "string"}, "sourceSystemId": {"type": "string"}, "state": {"type": "string"}}, "required": ["alarmRaisedTime", "alarmType", "alarmedObject", "perceivedSeverity", "probableCause", "sourceSystemId", "state"]}
