{
    "$schema": "http://json-schema.org/schema#",
    "type": "object",
    "properties": {
        "processFlowSpecification": {
            "type": "string"
        },
        "processFlowSpecificationRef": {
            "type": "object",
            "properties": {
                "id": {
                    "type": "number"
                }
            }
        }
    },
    "oneOf": [
        {
            "required": [
                "processFlowSpecification"
            ]
        },
        {
            "required": [
                "processFlowSpecificationRef"
            ]
        }
    ]
}