{"info":{"_postman_id":"533495bd-f31d-47c2-80ff-9cdb964c9a10","name":"CTK-Service_Problem-4.0.0","schema":"https://schema.getpostman.com/json/collection/v2.1.0/collection.json"},"item":[{"name":"N1","item":[{"name":"/ServiceProblem","event":[{"listen":"test","script":{"exec":["var jsonData = pm.response.json();","","if (Array.isArray(jsonData)) { ","  ","    pm.test('Array not expected as response', function (){pm.expect.fail()});","  ","","}","","pm.test(\"Status code is 201\", function () {","  pm.response.to.have.status(201);","});","","var instance = pm.response.json();","var requiredAttributes = ['category', 'creationDate', 'description', 'href', 'id', 'lastUpdate', 'originatorParty', 'priority', 'reason', 'status'];","","pm.test('Instance has all mandatory attributes', function () { pm.expect(Object.keys(instance)).to.include.members(requiredAttributes) });","","","","pm.test('Response has category attribute', function() { pm.expect(instance[\"category\"]).to.be.a('string'); });","pm.test('Response has creationDate attribute', function() { pm.expect(instance[\"creationDate\"]).to.be.a('string'); });","pm.test('Response has description attribute', function() { pm.expect(instance[\"description\"]).to.be.a('string'); });","pm.test('Response has href attribute', function() { pm.expect(instance[\"href\"]).to.be.a('string'); });","pm.test('Response has id attribute', function() { pm.expect(instance[\"id\"]).to.be.a('string'); });","pm.test('Response has lastUpdate attribute', function() { pm.expect(instance[\"lastUpdate\"]).to.be.a('string'); });","pm.test('Response has priority attribute', function() { pm.expect(instance[\"priority\"]).to.be.a('number'); });","pm.test('Response has reason attribute', function() { pm.expect(instance[\"reason\"]).to.be.a('string'); });","","pm.globals.set('CATEGORYSP01', instance['category']);","pm.globals.set('CREATIONDATESP01', instance['creationDate']);","pm.globals.set('DESCRIPTIONSP01', instance['description']);","pm.globals.set('HREFSP01', instance['href']);","pm.globals.set('IDSP01', instance['id']);","pm.globals.set('LASTUPDATESP01', instance['lastUpdate']);","pm.globals.set('PRIORITYSP01', instance['priority']);","pm.globals.set('REASONSP01', instance['reason']);","","pm.test('Body includes value held on category', function () {","  pm.expect(pm.response.text()).to.include(instance['category']);","});","pm.test('Body includes value held on creationDate', function () {","  pm.expect(pm.response.text()).to.include(instance['creationDate']);","});","pm.test('Body includes value held on description', function () {","  pm.expect(pm.response.text()).to.include(instance['description']);","});","pm.test('Body includes value held on href', function () {","  pm.expect(pm.response.text()).to.include(instance['href']);","});","pm.test('Body includes value held on id', function () {","  pm.expect(pm.response.text()).to.include(instance['id']);","});","pm.test('Body includes value held on lastUpdate', function () {","  pm.expect(pm.response.text()).to.include(instance['lastUpdate']);","});","pm.test('Body includes value held on priority', function () {","  pm.expect(pm.response.text()).to.include(instance['priority']);","});","pm.test('Body includes value held on reason', function () {","  pm.expect(pm.response.text()).to.include(instance['reason']);","});",""],"type":"text/javascript"}}],"request":{"method":"POST","header":[{"key":"Accept","value":"application/json"},{"key":"Content-Type","value":"application/json"}],"body":{"mode":"raw","raw":"{\n  \"category\": \"serviceProvider.declared\",\n  \"description\": \"Internet connection error\",\n  \"originatorParty\": {\n    \"id\": \"NP1\",\n    \"@referredType\": \"Organization\"\n  },\n  \"priority\": 1,\n  \"reason\": \"unknown\"\n}"},"url":{"raw":"{{Service_Problem}}serviceProblem","host":["{{Service_Problem}}serviceProblem"]},"description":"This operation creates a ServiceProblem"},"response":[]},{"name":"/ServiceProblem","event":[{"listen":"test","script":{"exec":["pm.test(\"Status code is 200\", function () {","    pm.response.to.have.status(200);","});","  ","  ","  ","var jsonData = pm.response.json();","  ","if (Array.isArray(jsonData) && (jsonData.length > 0)) {","    jsonData.forEach(function (instance, index) {","      ","        var requiredAttributes = ['category', 'creationDate', 'description', 'href', 'id', 'lastUpdate', 'originatorParty', 'priority', 'reason', 'status'];","      ","        pm.test('Instance has all mandatory attributes', function () { pm.expect(Object.keys(instance)).to.include.members(requiredAttributes) });","      ","      ","      ","        pm.test('Response has category attribute', function() { pm.expect(instance[\"category\"]).to.be.a('string'); });","        pm.test('Response has creationDate attribute', function() { pm.expect(instance[\"creationDate\"]).to.be.a('string'); });","        pm.test('Response has description attribute', function() { pm.expect(instance[\"description\"]).to.be.a('string'); });","        pm.test('Response has href attribute', function() { pm.expect(instance[\"href\"]).to.be.a('string'); });","        pm.test('Response has id attribute', function() { pm.expect(instance[\"id\"]).to.be.a('string'); });","        pm.test('Response has lastUpdate attribute', function() { pm.expect(instance[\"lastUpdate\"]).to.be.a('string'); });","        pm.test('Response has priority attribute', function() { pm.expect(instance[\"priority\"]).to.be.a('number'); });","        pm.test('Response has reason attribute', function() { pm.expect(instance[\"reason\"]).to.be.a('string'); });","      ","        pm.test('Body includes value held on category', function () {","            pm.expect(pm.response.text()).to.include(instance['category']);","        });","        pm.test('Body includes value held on creationDate', function () {","            pm.expect(pm.response.text()).to.include(instance['creationDate']);","        });","        pm.test('Body includes value held on description', function () {","            pm.expect(pm.response.text()).to.include(instance['description']);","        });","        pm.test('Body includes value held on href', function () {","            pm.expect(pm.response.text()).to.include(instance['href']);","        });","        pm.test('Body includes value held on id', function () {","            pm.expect(pm.response.text()).to.include(instance['id']);","        });","        pm.test('Body includes value held on lastUpdate', function () {","            pm.expect(pm.response.text()).to.include(instance['lastUpdate']);","        });","        pm.test('Body includes value held on priority', function () {","            pm.expect(pm.response.text()).to.include(instance['priority']);","        });","        pm.test('Body includes value held on reason', function () {","            pm.expect(pm.response.text()).to.include(instance['reason']);","        });","        // Individualized tests","        if (instance.id == pm.globals.get(\"IDSP01\")) {","            pm.test('category is ' + pm.globals.get(\"CATEGORYSP01\"), function() {pm.expect(instance['category']) == pm.globals.get('CATEGORYSP01');});","            pm.test('creationDate is ' + pm.globals.get(\"CREATIONDATESP01\"), function() {pm.expect(instance['creationDate']) == pm.globals.get('CREATIONDATESP01');});","            pm.test('description is ' + pm.globals.get(\"DESCRIPTIONSP01\"), function() {pm.expect(instance['description']) == pm.globals.get('DESCRIPTIONSP01');});","            pm.test('href is ' + pm.globals.get(\"HREFSP01\"), function() {pm.expect(instance['href']) == pm.globals.get('HREFSP01');});","            pm.test('id is ' + pm.globals.get(\"IDSP01\"), function() {pm.expect(instance['id']) == pm.globals.get('IDSP01');});","            pm.test('lastUpdate is ' + pm.globals.get(\"LASTUPDATESP01\"), function() {pm.expect(instance['lastUpdate']) == pm.globals.get('LASTUPDATESP01');});","            pm.test('priority is ' + pm.globals.get(\"PRIORITYSP01\"), function() {pm.expect(instance['priority']) == pm.globals.get('PRIORITYSP01');});","            pm.test('reason is ' + pm.globals.get(\"REASONSP01\"), function() {pm.expect(instance['reason']) == pm.globals.get('REASONSP01');});","        }","        if (instance.id == pm.globals.get(\"IDSP02\")) {","            pm.test('category is ' + pm.globals.get(\"CATEGORYSP02\"), function() {pm.expect(instance['category']) == pm.globals.get('CATEGORYSP02');});","            pm.test('creationDate is ' + pm.globals.get(\"CREATIONDATESP02\"), function() {pm.expect(instance['creationDate']) == pm.globals.get('CREATIONDATESP02');});","            pm.test('description is ' + pm.globals.get(\"DESCRIPTIONSP02\"), function() {pm.expect(instance['description']) == pm.globals.get('DESCRIPTIONSP02');});","            pm.test('href is ' + pm.globals.get(\"HREFSP02\"), function() {pm.expect(instance['href']) == pm.globals.get('HREFSP02');});","            pm.test('id is ' + pm.globals.get(\"IDSP02\"), function() {pm.expect(instance['id']) == pm.globals.get('IDSP02');});","            pm.test('lastUpdate is ' + pm.globals.get(\"LASTUPDATESP02\"), function() {pm.expect(instance['lastUpdate']) == pm.globals.get('LASTUPDATESP02');});","            pm.test('priority is ' + pm.globals.get(\"PRIORITYSP02\"), function() {pm.expect(instance['priority']) == pm.globals.get('PRIORITYSP02');});","            pm.test('reason is ' + pm.globals.get(\"REASONSP02\"), function() {pm.expect(instance['reason']) == pm.globals.get('REASONSP02');});","        }  ","    });","  }","  else {","    var instance = pm.response.json();","    var requiredAttributes = ['category', 'creationDate', 'description', 'href', 'id', 'lastUpdate', 'originatorParty', 'priority', 'reason', 'status'];","      ","        pm.test('Instance has all mandatory attributes', function () { pm.expect(Object.keys(instance)).to.include.members(requiredAttributes) });","      ","      ","      ","        pm.test('Response has category attribute', function() { pm.expect(instance[\"category\"]).to.be.a('string'); });","        pm.test('Response has creationDate attribute', function() { pm.expect(instance[\"creationDate\"]).to.be.a('string'); });","        pm.test('Response has description attribute', function() { pm.expect(instance[\"description\"]).to.be.a('string'); });","        pm.test('Response has href attribute', function() { pm.expect(instance[\"href\"]).to.be.a('string'); });","        pm.test('Response has id attribute', function() { pm.expect(instance[\"id\"]).to.be.a('string'); });","        pm.test('Response has lastUpdate attribute', function() { pm.expect(instance[\"lastUpdate\"]).to.be.a('string'); });","        pm.test('Response has priority attribute', function() { pm.expect(instance[\"priority\"]).to.be.a('integer'); });","        pm.test('Response has reason attribute', function() { pm.expect(instance[\"reason\"]).to.be.a('string'); });","      ","        pm.test('Body includes value held on category', function () {","            pm.expect(pm.response.text()).to.include(instance['category']);","        });","        pm.test('Body includes value held on creationDate', function () {","            pm.expect(pm.response.text()).to.include(instance['creationDate']);","        });","        pm.test('Body includes value held on description', function () {","            pm.expect(pm.response.text()).to.include(instance['description']);","        });","        pm.test('Body includes value held on href', function () {","            pm.expect(pm.response.text()).to.include(instance['href']);","        });","        pm.test('Body includes value held on id', function () {","            pm.expect(pm.response.text()).to.include(instance['id']);","        });","        pm.test('Body includes value held on lastUpdate', function () {","            pm.expect(pm.response.text()).to.include(instance['lastUpdate']);","        });","        pm.test('Body includes value held on priority', function () {","            pm.expect(pm.response.text()).to.include(instance['priority']);","        });","        pm.test('Body includes value held on reason', function () {","            pm.expect(pm.response.text()).to.include(instance['reason']);","        });","        // Individualized tests","        if (instance.id == pm.globals.get(\"IDSP01\")) {","            pm.test('category is ' + pm.globals.get(\"CATEGORYSP01\"), function() {pm.expect(instance['category']) == pm.globals.get('CATEGORYSP01');});","            pm.test('creationDate is ' + pm.globals.get(\"CREATIONDATESP01\"), function() {pm.expect(instance['creationDate']) == pm.globals.get('CREATIONDATESP01');});","            pm.test('description is ' + pm.globals.get(\"DESCRIPTIONSP01\"), function() {pm.expect(instance['description']) == pm.globals.get('DESCRIPTIONSP01');});","            pm.test('href is ' + pm.globals.get(\"HREFSP01\"), function() {pm.expect(instance['href']) == pm.globals.get('HREFSP01');});","            pm.test('id is ' + pm.globals.get(\"IDSP01\"), function() {pm.expect(instance['id']) == pm.globals.get('IDSP01');});","            pm.test('lastUpdate is ' + pm.globals.get(\"LASTUPDATESP01\"), function() {pm.expect(instance['lastUpdate']) == pm.globals.get('LASTUPDATESP01');});","            pm.test('priority is ' + pm.globals.get(\"PRIORITYSP01\"), function() {pm.expect(instance['priority']) == pm.globals.get('PRIORITYSP01');});","            pm.test('reason is ' + pm.globals.get(\"REASONSP01\"), function() {pm.expect(instance['reason']) == pm.globals.get('REASONSP01');});","        }","        if (instance.id == pm.globals.get(\"IDSP02\")) {","            pm.test('category is ' + pm.globals.get(\"CATEGORYSP02\"), function() {pm.expect(instance['category']) == pm.globals.get('CATEGORYSP02');});","            pm.test('creationDate is ' + pm.globals.get(\"CREATIONDATESP02\"), function() {pm.expect(instance['creationDate']) == pm.globals.get('CREATIONDATESP02');});","            pm.test('description is ' + pm.globals.get(\"DESCRIPTIONSP02\"), function() {pm.expect(instance['description']) == pm.globals.get('DESCRIPTIONSP02');});","            pm.test('href is ' + pm.globals.get(\"HREFSP02\"), function() {pm.expect(instance['href']) == pm.globals.get('HREFSP02');});","            pm.test('id is ' + pm.globals.get(\"IDSP02\"), function() {pm.expect(instance['id']) == pm.globals.get('IDSP02');});","            pm.test('lastUpdate is ' + pm.globals.get(\"LASTUPDATESP02\"), function() {pm.expect(instance['lastUpdate']) == pm.globals.get('LASTUPDATESP02');});","            pm.test('priority is ' + pm.globals.get(\"PRIORITYSP02\"), function() {pm.expect(instance['priority']) == pm.globals.get('PRIORITYSP02');});","            pm.test('reason is ' + pm.globals.get(\"REASONSP02\"), function() {pm.expect(instance['reason']) == pm.globals.get('REASONSP02');});","        }","   ","  }","  ","  "],"type":"text/javascript"}}],"request":{"method":"GET","header":[{"key":"Accept","value":"application/json"},{"key":"Content-Type","value":"application/json"}],"url":{"raw":"{{Service_Problem}}serviceProblem","host":["{{Service_Problem}}serviceProblem"]},"description":"This operation search for the created ServiceProblem"},"response":[]},{"name":"/ServiceProblem/{{IDSP01}}","event":[{"listen":"test","script":{"exec":["pm.test(\"Status code is 200\", function () {","    pm.response.to.have.status(200);","});","  ","  ","  ","var jsonData = pm.response.json();","  ","if (Array.isArray(jsonData) && (jsonData.length > 0)) {","    jsonData.forEach(function (instance, index) {","      ","        var requiredAttributes = ['category', 'creationDate', 'description', 'href', 'id', 'lastUpdate', 'originatorParty', 'priority', 'reason', 'status'];","      ","        pm.test('Instance has all mandatory attributes', function () { pm.expect(Object.keys(instance)).to.include.members(requiredAttributes) });","      ","      ","      ","        pm.test('Response has category attribute', function() { pm.expect(instance[\"category\"]).to.be.a('string'); });","        pm.test('Response has creationDate attribute', function() { pm.expect(instance[\"creationDate\"]).to.be.a('string'); });","        pm.test('Response has description attribute', function() { pm.expect(instance[\"description\"]).to.be.a('string'); });","        pm.test('Response has href attribute', function() { pm.expect(instance[\"href\"]).to.be.a('string'); });","        pm.test('Response has id attribute', function() { pm.expect(instance[\"id\"]).to.be.a('string'); });","        pm.test('Response has lastUpdate attribute', function() { pm.expect(instance[\"lastUpdate\"]).to.be.a('string'); });","        pm.test('Response has priority attribute', function() { pm.expect(instance[\"priority\"]).to.be.a('number'); });","        pm.test('Response has reason attribute', function() { pm.expect(instance[\"reason\"]).to.be.a('string'); });","      ","        pm.test('Body includes value held on category', function () {","            pm.expect(pm.response.text()).to.include(instance['category']);","        });","        pm.test('Body includes value held on creationDate', function () {","            pm.expect(pm.response.text()).to.include(instance['creationDate']);","        });","        pm.test('Body includes value held on description', function () {","            pm.expect(pm.response.text()).to.include(instance['description']);","        });","        pm.test('Body includes value held on href', function () {","            pm.expect(pm.response.text()).to.include(instance['href']);","        });","        pm.test('Body includes value held on id', function () {","            pm.expect(pm.response.text()).to.include(instance['id']);","        });","        pm.test('Body includes value held on lastUpdate', function () {","            pm.expect(pm.response.text()).to.include(instance['lastUpdate']);","        });","        pm.test('Body includes value held on priority', function () {","            pm.expect(pm.response.text()).to.include(instance['priority']);","        });","        pm.test('Body includes value held on reason', function () {","            pm.expect(pm.response.text()).to.include(instance['reason']);","        });","        // Individualized tests","        if (instance.id == pm.globals.get(\"IDSP01\")) {","            pm.test('category is ' + pm.globals.get(\"CATEGORYSP01\"), function() {pm.expect(instance['category']) == pm.globals.get('CATEGORYSP01');});","            pm.test('creationDate is ' + pm.globals.get(\"CREATIONDATESP01\"), function() {pm.expect(instance['creationDate']) == pm.globals.get('CREATIONDATESP01');});","            pm.test('description is ' + pm.globals.get(\"DESCRIPTIONSP01\"), function() {pm.expect(instance['description']) == pm.globals.get('DESCRIPTIONSP01');});","            pm.test('href is ' + pm.globals.get(\"HREFSP01\"), function() {pm.expect(instance['href']) == pm.globals.get('HREFSP01');});","            pm.test('id is ' + pm.globals.get(\"IDSP01\"), function() {pm.expect(instance['id']) == pm.globals.get('IDSP01');});","            pm.test('lastUpdate is ' + pm.globals.get(\"LASTUPDATESP01\"), function() {pm.expect(instance['lastUpdate']) == pm.globals.get('LASTUPDATESP01');});","            pm.test('priority is ' + pm.globals.get(\"PRIORITYSP01\"), function() {pm.expect(instance['priority']) == pm.globals.get('PRIORITYSP01');});","            pm.test('reason is ' + pm.globals.get(\"REASONSP01\"), function() {pm.expect(instance['reason']) == pm.globals.get('REASONSP01');});","        }","        if (instance.id == pm.globals.get(\"IDSP02\")) {","            pm.test('IDSP02 not expected on this test', function () {","                console.log(\"Non expected resource, may happen if there is a collision on attributes\")","            });","        }","          ","    });","  }","  else {","    var instance = pm.response.json();","    var requiredAttributes = ['category', 'creationDate', 'description', 'href', 'id', 'lastUpdate', 'originatorParty', 'priority', 'reason', 'status'];","      ","        pm.test('Instance has all mandatory attributes', function () { pm.expect(Object.keys(instance)).to.include.members(requiredAttributes) });","      ","      ","      ","        pm.test('Response has category attribute', function() { pm.expect(instance[\"category\"]).to.be.a('string'); });","        pm.test('Response has creationDate attribute', function() { pm.expect(instance[\"creationDate\"]).to.be.a('string'); });","        pm.test('Response has description attribute', function() { pm.expect(instance[\"description\"]).to.be.a('string'); });","        pm.test('Response has href attribute', function() { pm.expect(instance[\"href\"]).to.be.a('string'); });","        pm.test('Response has id attribute', function() { pm.expect(instance[\"id\"]).to.be.a('string'); });","        pm.test('Response has lastUpdate attribute', function() { pm.expect(instance[\"lastUpdate\"]).to.be.a('string'); });","        pm.test('Response has priority attribute', function() { pm.expect(instance[\"priority\"]).to.be.a('number'); });","        pm.test('Response has reason attribute', function() { pm.expect(instance[\"reason\"]).to.be.a('string'); });","      ","        pm.test('Body includes value held on category', function () {","            pm.expect(pm.response.text()).to.include(instance['category']);","        });","        pm.test('Body includes value held on creationDate', function () {","            pm.expect(pm.response.text()).to.include(instance['creationDate']);","        });","        pm.test('Body includes value held on description', function () {","            pm.expect(pm.response.text()).to.include(instance['description']);","        });","        pm.test('Body includes value held on href', function () {","            pm.expect(pm.response.text()).to.include(instance['href']);","        });","        pm.test('Body includes value held on id', function () {","            pm.expect(pm.response.text()).to.include(instance['id']);","        });","        pm.test('Body includes value held on lastUpdate', function () {","            pm.expect(pm.response.text()).to.include(instance['lastUpdate']);","        });","        pm.test('Body includes value held on priority', function () {","            pm.expect(pm.response.text()).to.include(instance['priority']);","        });","        pm.test('Body includes value held on reason', function () {","            pm.expect(pm.response.text()).to.include(instance['reason']);","        });","        // Individualized tests","        if (instance.id == pm.globals.get(\"IDSP01\")) {","            pm.test('category is ' + pm.globals.get(\"CATEGORYSP01\"), function() {pm.expect(instance['category']) == pm.globals.get('CATEGORYSP01');});","            pm.test('creationDate is ' + pm.globals.get(\"CREATIONDATESP01\"), function() {pm.expect(instance['creationDate']) == pm.globals.get('CREATIONDATESP01');});","            pm.test('description is ' + pm.globals.get(\"DESCRIPTIONSP01\"), function() {pm.expect(instance['description']) == pm.globals.get('DESCRIPTIONSP01');});","            pm.test('href is ' + pm.globals.get(\"HREFSP01\"), function() {pm.expect(instance['href']) == pm.globals.get('HREFSP01');});","            pm.test('id is ' + pm.globals.get(\"IDSP01\"), function() {pm.expect(instance['id']) == pm.globals.get('IDSP01');});","            pm.test('lastUpdate is ' + pm.globals.get(\"LASTUPDATESP01\"), function() {pm.expect(instance['lastUpdate']) == pm.globals.get('LASTUPDATESP01');});","            pm.test('priority is ' + pm.globals.get(\"PRIORITYSP01\"), function() {pm.expect(instance['priority']) == pm.globals.get('PRIORITYSP01');});","            pm.test('reason is ' + pm.globals.get(\"REASONSP01\"), function() {pm.expect(instance['reason']) == pm.globals.get('REASONSP01');});","        }","        if (instance.id == pm.globals.get(\"IDSP02\")) {","            pm.test('IDSP02 not expected on this test', function () {","                console.log(\"Non expected resource, may happen if there is a collision on attributes\")","            });","        }","","        ","   ","}","  ","  "],"type":"text/javascript"}}],"request":{"method":"GET","header":[{"key":"Accept","value":"application/json"},{"key":"Content-Type","value":"application/json"}],"url":{"raw":"{{Service_Problem}}serviceProblem/{{IDSP01}}","host":["{{Service_Problem}}serviceProblem"],"path":["{{IDSP01}}"]},"description":"This operation search for one of the created ServiceProblem"},"response":[]}]},{"name":"N2","item":[{"name":"/ServiceProblem?fields=category","event":[{"listen":"test","script":{"exec":[""],"type":"text/javascript"}}],"request":{"method":"GET","header":[{"key":"Accept","value":"application/json"},{"key":"Content-Type","value":"application/json"}],"url":{"raw":"{{Service_Problem}}serviceProblem?fields=category","host":["{{Service_Problem}}serviceProblem"],"query":[{"key":"fields","value":"category"}]},"description":"This operation filter a ServiceProblem"},"response":[]},{"name":"/ServiceProblem?category={{CATEGORYSP01}}","event":[{"listen":"test","script":{"exec":["pm.test(\"Status code is 200\", function () {","    pm.response.to.have.status(200);","});","  ","  ","  ","var jsonData = pm.response.json();","  ","if (Array.isArray(jsonData) && (jsonData.length > 0)) {","    jsonData.forEach(function (instance, index) {","      ","        var requiredAttributes = ['category', 'creationDate', 'description', 'href', 'id', 'lastUpdate', 'originatorParty', 'priority', 'reason', 'status'];","      ","        pm.test('Instance has all mandatory attributes', function () { pm.expect(Object.keys(instance)).to.include.members(requiredAttributes) });","      ","      ","      ","        pm.test('Response has category attribute', function() { pm.expect(instance[\"category\"]).to.be.a('string'); });","        pm.test('Response has creationDate attribute', function() { pm.expect(instance[\"creationDate\"]).to.be.a('string'); });","        pm.test('Response has description attribute', function() { pm.expect(instance[\"description\"]).to.be.a('string'); });","        pm.test('Response has href attribute', function() { pm.expect(instance[\"href\"]).to.be.a('string'); });","        pm.test('Response has id attribute', function() { pm.expect(instance[\"id\"]).to.be.a('string'); });","        pm.test('Response has lastUpdate attribute', function() { pm.expect(instance[\"lastUpdate\"]).to.be.a('string'); });","        pm.test('Response has priority attribute', function() { pm.expect(instance[\"priority\"]).to.be.a('number'); });","        pm.test('Response has reason attribute', function() { pm.expect(instance[\"reason\"]).to.be.a('string'); });","      ","        pm.test('Body includes value held on category', function () {","            pm.expect(pm.response.text()).to.include(instance['category']);","        });","        pm.test('Body includes value held on creationDate', function () {","            pm.expect(pm.response.text()).to.include(instance['creationDate']);","        });","        pm.test('Body includes value held on description', function () {","            pm.expect(pm.response.text()).to.include(instance['description']);","        });","        pm.test('Body includes value held on href', function () {","            pm.expect(pm.response.text()).to.include(instance['href']);","        });","        pm.test('Body includes value held on id', function () {","            pm.expect(pm.response.text()).to.include(instance['id']);","        });","        pm.test('Body includes value held on lastUpdate', function () {","            pm.expect(pm.response.text()).to.include(instance['lastUpdate']);","        });","        pm.test('Body includes value held on priority', function () {","            pm.expect(pm.response.text()).to.include(instance['priority']);","        });","        pm.test('Body includes value held on reason', function () {","            pm.expect(pm.response.text()).to.include(instance['reason']);","        });","        // Individualized tests","        if (instance.id == pm.globals.get(\"IDSP01\")) {","            pm.test('category is ' + pm.globals.get(\"CATEGORYSP01\"), function() {pm.expect(instance['category']) == pm.globals.get('CATEGORYSP01');});","            pm.test('creationDate is ' + pm.globals.get(\"CREATIONDATESP01\"), function() {pm.expect(instance['creationDate']) == pm.globals.get('CREATIONDATESP01');});","            pm.test('description is ' + pm.globals.get(\"DESCRIPTIONSP01\"), function() {pm.expect(instance['description']) == pm.globals.get('DESCRIPTIONSP01');});","            pm.test('href is ' + pm.globals.get(\"HREFSP01\"), function() {pm.expect(instance['href']) == pm.globals.get('HREFSP01');});","            pm.test('id is ' + pm.globals.get(\"IDSP01\"), function() {pm.expect(instance['id']) == pm.globals.get('IDSP01');});","            pm.test('lastUpdate is ' + pm.globals.get(\"LASTUPDATESP01\"), function() {pm.expect(instance['lastUpdate']) == pm.globals.get('LASTUPDATESP01');});","            pm.test('priority is ' + pm.globals.get(\"PRIORITYSP01\"), function() {pm.expect(instance['priority']) == pm.globals.get('PRIORITYSP01');});","            pm.test('reason is ' + pm.globals.get(\"REASONSP01\"), function() {pm.expect(instance['reason']) == pm.globals.get('REASONSP01');});","        }","        if (instance.id == pm.globals.get(\"IDSP02\")) {","            pm.test('IDSP02 not expected on this test', function () {","                console.log(\"Non expected resource, may happen if there is a collision on attributes\")","            });","        }","          ","    });","  }","  else {","    var instance = pm.response.json();","    var requiredAttributes = ['category', 'creationDate', 'description', 'href', 'id', 'lastUpdate', 'originatorParty', 'priority', 'reason', 'status'];","      ","        pm.test('Instance has all mandatory attributes', function () { pm.expect(Object.keys(instance)).to.include.members(requiredAttributes) });","      ","      ","      ","        pm.test('Response has category attribute', function() { pm.expect(instance[\"category\"]).to.be.a('string'); });","        pm.test('Response has creationDate attribute', function() { pm.expect(instance[\"creationDate\"]).to.be.a('string'); });","        pm.test('Response has description attribute', function() { pm.expect(instance[\"description\"]).to.be.a('string'); });","        pm.test('Response has href attribute', function() { pm.expect(instance[\"href\"]).to.be.a('string'); });","        pm.test('Response has id attribute', function() { pm.expect(instance[\"id\"]).to.be.a('string'); });","        pm.test('Response has lastUpdate attribute', function() { pm.expect(instance[\"lastUpdate\"]).to.be.a('string'); });","        pm.test('Response has priority attribute', function() { pm.expect(instance[\"priority\"]).to.be.a('integer'); });","        pm.test('Response has reason attribute', function() { pm.expect(instance[\"reason\"]).to.be.a('string'); });","      ","        pm.test('Body includes value held on category', function () {","            pm.expect(pm.response.text()).to.include(instance['category']);","        });","        pm.test('Body includes value held on creationDate', function () {","            pm.expect(pm.response.text()).to.include(instance['creationDate']);","        });","        pm.test('Body includes value held on description', function () {","            pm.expect(pm.response.text()).to.include(instance['description']);","        });","        pm.test('Body includes value held on href', function () {","            pm.expect(pm.response.text()).to.include(instance['href']);","        });","        pm.test('Body includes value held on id', function () {","            pm.expect(pm.response.text()).to.include(instance['id']);","        });","        pm.test('Body includes value held on lastUpdate', function () {","            pm.expect(pm.response.text()).to.include(instance['lastUpdate']);","        });","        pm.test('Body includes value held on priority', function () {","            pm.expect(pm.response.text()).to.include(instance['priority']);","        });","        pm.test('Body includes value held on reason', function () {","            pm.expect(pm.response.text()).to.include(instance['reason']);","        });","        // Individualized tests","        if (instance.id == pm.globals.get(\"IDSP01\")) {","            pm.test('category is ' + pm.globals.get(\"CATEGORYSP01\"), function() {pm.expect(instance['category']) == pm.globals.get('CATEGORYSP01');});","            pm.test('creationDate is ' + pm.globals.get(\"CREATIONDATESP01\"), function() {pm.expect(instance['creationDate']) == pm.globals.get('CREATIONDATESP01');});","            pm.test('description is ' + pm.globals.get(\"DESCRIPTIONSP01\"), function() {pm.expect(instance['description']) == pm.globals.get('DESCRIPTIONSP01');});","            pm.test('href is ' + pm.globals.get(\"HREFSP01\"), function() {pm.expect(instance['href']) == pm.globals.get('HREFSP01');});","            pm.test('id is ' + pm.globals.get(\"IDSP01\"), function() {pm.expect(instance['id']) == pm.globals.get('IDSP01');});","            pm.test('lastUpdate is ' + pm.globals.get(\"LASTUPDATESP01\"), function() {pm.expect(instance['lastUpdate']) == pm.globals.get('LASTUPDATESP01');});","            pm.test('priority is ' + pm.globals.get(\"PRIORITYSP01\"), function() {pm.expect(instance['priority']) == pm.globals.get('PRIORITYSP01');});","            pm.test('reason is ' + pm.globals.get(\"REASONSP01\"), function() {pm.expect(instance['reason']) == pm.globals.get('REASONSP01');});","        }","        if (instance.id == pm.globals.get(\"IDSP02\")) {","            pm.test('IDSP02 not expected on this test', function () {","                console.log(\"Non expected resource, may happen if there is a collision on attributes\")","            });","        }","","        ","   ","}","  ","  "],"type":"text/javascript"}}],"request":{"method":"GET","header":[{"key":"Accept","value":"application/json"},{"key":"Content-Type","value":"application/json"}],"url":{"raw":"{{Service_Problem}}serviceProblem?category={{CATEGORYSP01}}","host":["{{Service_Problem}}serviceProblem"],"query":[{"key":"category","value":"{{CATEGORYSP01}}"}]},"description":"This operation filter a ServiceProblem"},"response":[]},{"name":"/ServiceProblem?fields=creationDate","event":[{"listen":"test","script":{"exec":[""],"type":"text/javascript"}}],"request":{"method":"GET","header":[{"key":"Accept","value":"application/json"},{"key":"Content-Type","value":"application/json"}],"url":{"raw":"{{Service_Problem}}serviceProblem?fields=creationDate","host":["{{Service_Problem}}serviceProblem"],"query":[{"key":"fields","value":"creationDate"}]},"description":"This operation filter a ServiceProblem"},"response":[]},{"name":"/ServiceProblem?creationDate={{CREATIONDATESP01}}","event":[{"listen":"test","script":{"exec":["pm.test(\"Status code is 200\", function () {","    pm.response.to.have.status(200);","});","  ","  ","  ","var jsonData = pm.response.json();","  ","if (Array.isArray(jsonData) && (jsonData.length > 0)) {","    jsonData.forEach(function (instance, index) {","      ","        var requiredAttributes = ['category', 'creationDate', 'description', 'href', 'id', 'lastUpdate', 'originatorParty', 'priority', 'reason', 'status'];","      ","        pm.test('Instance has all mandatory attributes', function () { pm.expect(Object.keys(instance)).to.include.members(requiredAttributes) });","      ","      ","      ","        pm.test('Response has category attribute', function() { pm.expect(instance[\"category\"]).to.be.a('string'); });","        pm.test('Response has creationDate attribute', function() { pm.expect(instance[\"creationDate\"]).to.be.a('string'); });","        pm.test('Response has description attribute', function() { pm.expect(instance[\"description\"]).to.be.a('string'); });","        pm.test('Response has href attribute', function() { pm.expect(instance[\"href\"]).to.be.a('string'); });","        pm.test('Response has id attribute', function() { pm.expect(instance[\"id\"]).to.be.a('string'); });","        pm.test('Response has lastUpdate attribute', function() { pm.expect(instance[\"lastUpdate\"]).to.be.a('string'); });","        pm.test('Response has priority attribute', function() { pm.expect(instance[\"priority\"]).to.be.a('number'); });","        pm.test('Response has reason attribute', function() { pm.expect(instance[\"reason\"]).to.be.a('string'); });","      ","        pm.test('Body includes value held on category', function () {","            pm.expect(pm.response.text()).to.include(instance['category']);","        });","        pm.test('Body includes value held on creationDate', function () {","            pm.expect(pm.response.text()).to.include(instance['creationDate']);","        });","        pm.test('Body includes value held on description', function () {","            pm.expect(pm.response.text()).to.include(instance['description']);","        });","        pm.test('Body includes value held on href', function () {","            pm.expect(pm.response.text()).to.include(instance['href']);","        });","        pm.test('Body includes value held on id', function () {","            pm.expect(pm.response.text()).to.include(instance['id']);","        });","        pm.test('Body includes value held on lastUpdate', function () {","            pm.expect(pm.response.text()).to.include(instance['lastUpdate']);","        });","        pm.test('Body includes value held on priority', function () {","            pm.expect(pm.response.text()).to.include(instance['priority']);","        });","        pm.test('Body includes value held on reason', function () {","            pm.expect(pm.response.text()).to.include(instance['reason']);","        });","        // Individualized tests","        if (instance.id == pm.globals.get(\"IDSP01\")) {","            pm.test('category is ' + pm.globals.get(\"CATEGORYSP01\"), function() {pm.expect(instance['category']) == pm.globals.get('CATEGORYSP01');});","            pm.test('creationDate is ' + pm.globals.get(\"CREATIONDATESP01\"), function() {pm.expect(instance['creationDate']) == pm.globals.get('CREATIONDATESP01');});","            pm.test('description is ' + pm.globals.get(\"DESCRIPTIONSP01\"), function() {pm.expect(instance['description']) == pm.globals.get('DESCRIPTIONSP01');});","            pm.test('href is ' + pm.globals.get(\"HREFSP01\"), function() {pm.expect(instance['href']) == pm.globals.get('HREFSP01');});","            pm.test('id is ' + pm.globals.get(\"IDSP01\"), function() {pm.expect(instance['id']) == pm.globals.get('IDSP01');});","            pm.test('lastUpdate is ' + pm.globals.get(\"LASTUPDATESP01\"), function() {pm.expect(instance['lastUpdate']) == pm.globals.get('LASTUPDATESP01');});","            pm.test('priority is ' + pm.globals.get(\"PRIORITYSP01\"), function() {pm.expect(instance['priority']) == pm.globals.get('PRIORITYSP01');});","            pm.test('reason is ' + pm.globals.get(\"REASONSP01\"), function() {pm.expect(instance['reason']) == pm.globals.get('REASONSP01');});","        }","        if (instance.id == pm.globals.get(\"IDSP02\")) {","            pm.test('IDSP02 not expected on this test', function () {","                console.log(\"Non expected resource, may happen if there is a collision on attributes\")","            });","        }","          ","    });","  }","  else {","    var instance = pm.response.json();","    var requiredAttributes = ['category', 'creationDate', 'description', 'href', 'id', 'lastUpdate', 'originatorParty', 'priority', 'reason', 'status'];","      ","        pm.test('Instance has all mandatory attributes', function () { pm.expect(Object.keys(instance)).to.include.members(requiredAttributes) });","      ","      ","      ","        pm.test('Response has category attribute', function() { pm.expect(instance[\"category\"]).to.be.a('string'); });","        pm.test('Response has creationDate attribute', function() { pm.expect(instance[\"creationDate\"]).to.be.a('string'); });","        pm.test('Response has description attribute', function() { pm.expect(instance[\"description\"]).to.be.a('string'); });","        pm.test('Response has href attribute', function() { pm.expect(instance[\"href\"]).to.be.a('string'); });","        pm.test('Response has id attribute', function() { pm.expect(instance[\"id\"]).to.be.a('string'); });","        pm.test('Response has lastUpdate attribute', function() { pm.expect(instance[\"lastUpdate\"]).to.be.a('string'); });","        pm.test('Response has priority attribute', function() { pm.expect(instance[\"priority\"]).to.be.a('integer'); });","        pm.test('Response has reason attribute', function() { pm.expect(instance[\"reason\"]).to.be.a('string'); });","      ","        pm.test('Body includes value held on category', function () {","            pm.expect(pm.response.text()).to.include(instance['category']);","        });","        pm.test('Body includes value held on creationDate', function () {","            pm.expect(pm.response.text()).to.include(instance['creationDate']);","        });","        pm.test('Body includes value held on description', function () {","            pm.expect(pm.response.text()).to.include(instance['description']);","        });","        pm.test('Body includes value held on href', function () {","            pm.expect(pm.response.text()).to.include(instance['href']);","        });","        pm.test('Body includes value held on id', function () {","            pm.expect(pm.response.text()).to.include(instance['id']);","        });","        pm.test('Body includes value held on lastUpdate', function () {","            pm.expect(pm.response.text()).to.include(instance['lastUpdate']);","        });","        pm.test('Body includes value held on priority', function () {","            pm.expect(pm.response.text()).to.include(instance['priority']);","        });","        pm.test('Body includes value held on reason', function () {","            pm.expect(pm.response.text()).to.include(instance['reason']);","        });","        // Individualized tests","        if (instance.id == pm.globals.get(\"IDSP01\")) {","            pm.test('category is ' + pm.globals.get(\"CATEGORYSP01\"), function() {pm.expect(instance['category']) == pm.globals.get('CATEGORYSP01');});","            pm.test('creationDate is ' + pm.globals.get(\"CREATIONDATESP01\"), function() {pm.expect(instance['creationDate']) == pm.globals.get('CREATIONDATESP01');});","            pm.test('description is ' + pm.globals.get(\"DESCRIPTIONSP01\"), function() {pm.expect(instance['description']) == pm.globals.get('DESCRIPTIONSP01');});","            pm.test('href is ' + pm.globals.get(\"HREFSP01\"), function() {pm.expect(instance['href']) == pm.globals.get('HREFSP01');});","            pm.test('id is ' + pm.globals.get(\"IDSP01\"), function() {pm.expect(instance['id']) == pm.globals.get('IDSP01');});","            pm.test('lastUpdate is ' + pm.globals.get(\"LASTUPDATESP01\"), function() {pm.expect(instance['lastUpdate']) == pm.globals.get('LASTUPDATESP01');});","            pm.test('priority is ' + pm.globals.get(\"PRIORITYSP01\"), function() {pm.expect(instance['priority']) == pm.globals.get('PRIORITYSP01');});","            pm.test('reason is ' + pm.globals.get(\"REASONSP01\"), function() {pm.expect(instance['reason']) == pm.globals.get('REASONSP01');});","        }","        if (instance.id == pm.globals.get(\"IDSP02\")) {","            pm.test('IDSP02 not expected on this test', function () {","                console.log(\"Non expected resource, may happen if there is a collision on attributes\")","            });","        }","","        ","   ","}","  ","  "],"type":"text/javascript"}}],"request":{"method":"GET","header":[{"key":"Accept","value":"application/json"},{"key":"Content-Type","value":"application/json"}],"url":{"raw":"{{Service_Problem}}serviceProblem?creationDate={{CREATIONDATESP01}}","host":["{{Service_Problem}}serviceProblem"],"query":[{"key":"creationDate","value":"{{CREATIONDATESP01}}"}]},"description":"This operation filter a ServiceProblem"},"response":[]},{"name":"/ServiceProblem?fields=description","event":[{"listen":"test","script":{"exec":[""],"type":"text/javascript"}}],"request":{"method":"GET","header":[{"key":"Accept","value":"application/json"},{"key":"Content-Type","value":"application/json"}],"url":{"raw":"{{Service_Problem}}serviceProblem?fields=description","host":["{{Service_Problem}}serviceProblem"],"query":[{"key":"fields","value":"description"}]},"description":"This operation filter a ServiceProblem"},"response":[]},{"name":"/ServiceProblem?description={{DESCRIPTIONSP01}}","event":[{"listen":"test","script":{"exec":["pm.test(\"Status code is 200\", function () {","    pm.response.to.have.status(200);","});","  ","  ","  ","var jsonData = pm.response.json();","  ","if (Array.isArray(jsonData) && (jsonData.length > 0)) {","    jsonData.forEach(function (instance, index) {","      ","        var requiredAttributes = ['category', 'creationDate', 'description', 'href', 'id', 'lastUpdate', 'originatorParty', 'priority', 'reason', 'status'];","      ","        pm.test('Instance has all mandatory attributes', function () { pm.expect(Object.keys(instance)).to.include.members(requiredAttributes) });","      ","      ","      ","        pm.test('Response has category attribute', function() { pm.expect(instance[\"category\"]).to.be.a('string'); });","        pm.test('Response has creationDate attribute', function() { pm.expect(instance[\"creationDate\"]).to.be.a('string'); });","        pm.test('Response has description attribute', function() { pm.expect(instance[\"description\"]).to.be.a('string'); });","        pm.test('Response has href attribute', function() { pm.expect(instance[\"href\"]).to.be.a('string'); });","        pm.test('Response has id attribute', function() { pm.expect(instance[\"id\"]).to.be.a('string'); });","        pm.test('Response has lastUpdate attribute', function() { pm.expect(instance[\"lastUpdate\"]).to.be.a('string'); });","        pm.test('Response has priority attribute', function() { pm.expect(instance[\"priority\"]).to.be.a('number'); });","        pm.test('Response has reason attribute', function() { pm.expect(instance[\"reason\"]).to.be.a('string'); });","      ","        pm.test('Body includes value held on category', function () {","            pm.expect(pm.response.text()).to.include(instance['category']);","        });","        pm.test('Body includes value held on creationDate', function () {","            pm.expect(pm.response.text()).to.include(instance['creationDate']);","        });","        pm.test('Body includes value held on description', function () {","            pm.expect(pm.response.text()).to.include(instance['description']);","        });","        pm.test('Body includes value held on href', function () {","            pm.expect(pm.response.text()).to.include(instance['href']);","        });","        pm.test('Body includes value held on id', function () {","            pm.expect(pm.response.text()).to.include(instance['id']);","        });","        pm.test('Body includes value held on lastUpdate', function () {","            pm.expect(pm.response.text()).to.include(instance['lastUpdate']);","        });","        pm.test('Body includes value held on priority', function () {","            pm.expect(pm.response.text()).to.include(instance['priority']);","        });","        pm.test('Body includes value held on reason', function () {","            pm.expect(pm.response.text()).to.include(instance['reason']);","        });","        // Individualized tests","        if (instance.id == pm.globals.get(\"IDSP01\")) {","            pm.test('category is ' + pm.globals.get(\"CATEGORYSP01\"), function() {pm.expect(instance['category']) == pm.globals.get('CATEGORYSP01');});","            pm.test('creationDate is ' + pm.globals.get(\"CREATIONDATESP01\"), function() {pm.expect(instance['creationDate']) == pm.globals.get('CREATIONDATESP01');});","            pm.test('description is ' + pm.globals.get(\"DESCRIPTIONSP01\"), function() {pm.expect(instance['description']) == pm.globals.get('DESCRIPTIONSP01');});","            pm.test('href is ' + pm.globals.get(\"HREFSP01\"), function() {pm.expect(instance['href']) == pm.globals.get('HREFSP01');});","            pm.test('id is ' + pm.globals.get(\"IDSP01\"), function() {pm.expect(instance['id']) == pm.globals.get('IDSP01');});","            pm.test('lastUpdate is ' + pm.globals.get(\"LASTUPDATESP01\"), function() {pm.expect(instance['lastUpdate']) == pm.globals.get('LASTUPDATESP01');});","            pm.test('priority is ' + pm.globals.get(\"PRIORITYSP01\"), function() {pm.expect(instance['priority']) == pm.globals.get('PRIORITYSP01');});","            pm.test('reason is ' + pm.globals.get(\"REASONSP01\"), function() {pm.expect(instance['reason']) == pm.globals.get('REASONSP01');});","        }","        if (instance.id == pm.globals.get(\"IDSP02\")) {","            pm.test('IDSP02 not expected on this test', function () {","                console.log(\"Non expected resource, may happen if there is a collision on attributes\")","            });","        }","          ","    });","  }","  else {","    var instance = pm.response.json();","    var requiredAttributes = ['category', 'creationDate', 'description', 'href', 'id', 'lastUpdate', 'originatorParty', 'priority', 'reason', 'status'];","      ","        pm.test('Instance has all mandatory attributes', function () { pm.expect(Object.keys(instance)).to.include.members(requiredAttributes) });","      ","      ","      ","        pm.test('Response has category attribute', function() { pm.expect(instance[\"category\"]).to.be.a('string'); });","        pm.test('Response has creationDate attribute', function() { pm.expect(instance[\"creationDate\"]).to.be.a('string'); });","        pm.test('Response has description attribute', function() { pm.expect(instance[\"description\"]).to.be.a('string'); });","        pm.test('Response has href attribute', function() { pm.expect(instance[\"href\"]).to.be.a('string'); });","        pm.test('Response has id attribute', function() { pm.expect(instance[\"id\"]).to.be.a('string'); });","        pm.test('Response has lastUpdate attribute', function() { pm.expect(instance[\"lastUpdate\"]).to.be.a('string'); });","        pm.test('Response has priority attribute', function() { pm.expect(instance[\"priority\"]).to.be.a('integer'); });","        pm.test('Response has reason attribute', function() { pm.expect(instance[\"reason\"]).to.be.a('string'); });","      ","        pm.test('Body includes value held on category', function () {","            pm.expect(pm.response.text()).to.include(instance['category']);","        });","        pm.test('Body includes value held on creationDate', function () {","            pm.expect(pm.response.text()).to.include(instance['creationDate']);","        });","        pm.test('Body includes value held on description', function () {","            pm.expect(pm.response.text()).to.include(instance['description']);","        });","        pm.test('Body includes value held on href', function () {","            pm.expect(pm.response.text()).to.include(instance['href']);","        });","        pm.test('Body includes value held on id', function () {","            pm.expect(pm.response.text()).to.include(instance['id']);","        });","        pm.test('Body includes value held on lastUpdate', function () {","            pm.expect(pm.response.text()).to.include(instance['lastUpdate']);","        });","        pm.test('Body includes value held on priority', function () {","            pm.expect(pm.response.text()).to.include(instance['priority']);","        });","        pm.test('Body includes value held on reason', function () {","            pm.expect(pm.response.text()).to.include(instance['reason']);","        });","        // Individualized tests","        if (instance.id == pm.globals.get(\"IDSP01\")) {","            pm.test('category is ' + pm.globals.get(\"CATEGORYSP01\"), function() {pm.expect(instance['category']) == pm.globals.get('CATEGORYSP01');});","            pm.test('creationDate is ' + pm.globals.get(\"CREATIONDATESP01\"), function() {pm.expect(instance['creationDate']) == pm.globals.get('CREATIONDATESP01');});","            pm.test('description is ' + pm.globals.get(\"DESCRIPTIONSP01\"), function() {pm.expect(instance['description']) == pm.globals.get('DESCRIPTIONSP01');});","            pm.test('href is ' + pm.globals.get(\"HREFSP01\"), function() {pm.expect(instance['href']) == pm.globals.get('HREFSP01');});","            pm.test('id is ' + pm.globals.get(\"IDSP01\"), function() {pm.expect(instance['id']) == pm.globals.get('IDSP01');});","            pm.test('lastUpdate is ' + pm.globals.get(\"LASTUPDATESP01\"), function() {pm.expect(instance['lastUpdate']) == pm.globals.get('LASTUPDATESP01');});","            pm.test('priority is ' + pm.globals.get(\"PRIORITYSP01\"), function() {pm.expect(instance['priority']) == pm.globals.get('PRIORITYSP01');});","            pm.test('reason is ' + pm.globals.get(\"REASONSP01\"), function() {pm.expect(instance['reason']) == pm.globals.get('REASONSP01');});","        }","        if (instance.id == pm.globals.get(\"IDSP02\")) {","            pm.test('IDSP02 not expected on this test', function () {","                console.log(\"Non expected resource, may happen if there is a collision on attributes\")","            });","        }","","        ","   ","}","  ","  "],"type":"text/javascript"}}],"request":{"method":"GET","header":[{"key":"Accept","value":"application/json"},{"key":"Content-Type","value":"application/json"}],"url":{"raw":"{{Service_Problem}}serviceProblem?description={{DESCRIPTIONSP01}}","host":["{{Service_Problem}}serviceProblem"],"query":[{"key":"description","value":"{{DESCRIPTIONSP01}}"}]},"description":"This operation filter a ServiceProblem"},"response":[]},{"name":"/ServiceProblem?fields=id","event":[{"listen":"test","script":{"exec":[""],"type":"text/javascript"}}],"request":{"method":"GET","header":[{"key":"Accept","value":"application/json"},{"key":"Content-Type","value":"application/json"}],"url":{"raw":"{{Service_Problem}}serviceProblem?fields=id","host":["{{Service_Problem}}serviceProblem"],"query":[{"key":"fields","value":"id"}]},"description":"This operation filter a ServiceProblem"},"response":[]},{"name":"/ServiceProblem?id={{IDSP01}}","event":[{"listen":"test","script":{"exec":["pm.test(\"Status code is 200\", function () {","    pm.response.to.have.status(200);","});","  ","  ","  ","var jsonData = pm.response.json();","  ","if (Array.isArray(jsonData) && (jsonData.length > 0)) {","    jsonData.forEach(function (instance, index) {","      ","        var requiredAttributes = ['category', 'creationDate', 'description', 'href', 'id', 'lastUpdate', 'originatorParty', 'priority', 'reason', 'status'];","      ","        pm.test('Instance has all mandatory attributes', function () { pm.expect(Object.keys(instance)).to.include.members(requiredAttributes) });","      ","      ","      ","        pm.test('Response has category attribute', function() { pm.expect(instance[\"category\"]).to.be.a('string'); });","        pm.test('Response has creationDate attribute', function() { pm.expect(instance[\"creationDate\"]).to.be.a('string'); });","        pm.test('Response has description attribute', function() { pm.expect(instance[\"description\"]).to.be.a('string'); });","        pm.test('Response has href attribute', function() { pm.expect(instance[\"href\"]).to.be.a('string'); });","        pm.test('Response has id attribute', function() { pm.expect(instance[\"id\"]).to.be.a('string'); });","        pm.test('Response has lastUpdate attribute', function() { pm.expect(instance[\"lastUpdate\"]).to.be.a('string'); });","        pm.test('Response has priority attribute', function() { pm.expect(instance[\"priority\"]).to.be.a('number'); });","        pm.test('Response has reason attribute', function() { pm.expect(instance[\"reason\"]).to.be.a('string'); });","      ","        pm.test('Body includes value held on category', function () {","            pm.expect(pm.response.text()).to.include(instance['category']);","        });","        pm.test('Body includes value held on creationDate', function () {","            pm.expect(pm.response.text()).to.include(instance['creationDate']);","        });","        pm.test('Body includes value held on description', function () {","            pm.expect(pm.response.text()).to.include(instance['description']);","        });","        pm.test('Body includes value held on href', function () {","            pm.expect(pm.response.text()).to.include(instance['href']);","        });","        pm.test('Body includes value held on id', function () {","            pm.expect(pm.response.text()).to.include(instance['id']);","        });","        pm.test('Body includes value held on lastUpdate', function () {","            pm.expect(pm.response.text()).to.include(instance['lastUpdate']);","        });","        pm.test('Body includes value held on priority', function () {","            pm.expect(pm.response.text()).to.include(instance['priority']);","        });","        pm.test('Body includes value held on reason', function () {","            pm.expect(pm.response.text()).to.include(instance['reason']);","        });","        // Individualized tests","        if (instance.id == pm.globals.get(\"IDSP01\")) {","            pm.test('category is ' + pm.globals.get(\"CATEGORYSP01\"), function() {pm.expect(instance['category']) == pm.globals.get('CATEGORYSP01');});","            pm.test('creationDate is ' + pm.globals.get(\"CREATIONDATESP01\"), function() {pm.expect(instance['creationDate']) == pm.globals.get('CREATIONDATESP01');});","            pm.test('description is ' + pm.globals.get(\"DESCRIPTIONSP01\"), function() {pm.expect(instance['description']) == pm.globals.get('DESCRIPTIONSP01');});","            pm.test('href is ' + pm.globals.get(\"HREFSP01\"), function() {pm.expect(instance['href']) == pm.globals.get('HREFSP01');});","            pm.test('id is ' + pm.globals.get(\"IDSP01\"), function() {pm.expect(instance['id']) == pm.globals.get('IDSP01');});","            pm.test('lastUpdate is ' + pm.globals.get(\"LASTUPDATESP01\"), function() {pm.expect(instance['lastUpdate']) == pm.globals.get('LASTUPDATESP01');});","            pm.test('priority is ' + pm.globals.get(\"PRIORITYSP01\"), function() {pm.expect(instance['priority']) == pm.globals.get('PRIORITYSP01');});","            pm.test('reason is ' + pm.globals.get(\"REASONSP01\"), function() {pm.expect(instance['reason']) == pm.globals.get('REASONSP01');});","        }","        if (instance.id == pm.globals.get(\"IDSP02\")) {","            pm.test('IDSP02 not expected on this test', function () {","                console.log(\"Non expected resource, may happen if there is a collision on attributes\")","            });","        }","          ","    });","  }","  else {","    var instance = pm.response.json();","    var requiredAttributes = ['category', 'creationDate', 'description', 'href', 'id', 'lastUpdate', 'originatorParty', 'priority', 'reason', 'status'];","      ","        pm.test('Instance has all mandatory attributes', function () { pm.expect(Object.keys(instance)).to.include.members(requiredAttributes) });","      ","      ","      ","        pm.test('Response has category attribute', function() { pm.expect(instance[\"category\"]).to.be.a('string'); });","        pm.test('Response has creationDate attribute', function() { pm.expect(instance[\"creationDate\"]).to.be.a('string'); });","        pm.test('Response has description attribute', function() { pm.expect(instance[\"description\"]).to.be.a('string'); });","        pm.test('Response has href attribute', function() { pm.expect(instance[\"href\"]).to.be.a('string'); });","        pm.test('Response has id attribute', function() { pm.expect(instance[\"id\"]).to.be.a('string'); });","        pm.test('Response has lastUpdate attribute', function() { pm.expect(instance[\"lastUpdate\"]).to.be.a('string'); });","        pm.test('Response has priority attribute', function() { pm.expect(instance[\"priority\"]).to.be.a('integer'); });","        pm.test('Response has reason attribute', function() { pm.expect(instance[\"reason\"]).to.be.a('string'); });","      ","        pm.test('Body includes value held on category', function () {","            pm.expect(pm.response.text()).to.include(instance['category']);","        });","        pm.test('Body includes value held on creationDate', function () {","            pm.expect(pm.response.text()).to.include(instance['creationDate']);","        });","        pm.test('Body includes value held on description', function () {","            pm.expect(pm.response.text()).to.include(instance['description']);","        });","        pm.test('Body includes value held on href', function () {","            pm.expect(pm.response.text()).to.include(instance['href']);","        });","        pm.test('Body includes value held on id', function () {","            pm.expect(pm.response.text()).to.include(instance['id']);","        });","        pm.test('Body includes value held on lastUpdate', function () {","            pm.expect(pm.response.text()).to.include(instance['lastUpdate']);","        });","        pm.test('Body includes value held on priority', function () {","            pm.expect(pm.response.text()).to.include(instance['priority']);","        });","        pm.test('Body includes value held on reason', function () {","            pm.expect(pm.response.text()).to.include(instance['reason']);","        });","        // Individualized tests","        if (instance.id == pm.globals.get(\"IDSP01\")) {","            pm.test('category is ' + pm.globals.get(\"CATEGORYSP01\"), function() {pm.expect(instance['category']) == pm.globals.get('CATEGORYSP01');});","            pm.test('creationDate is ' + pm.globals.get(\"CREATIONDATESP01\"), function() {pm.expect(instance['creationDate']) == pm.globals.get('CREATIONDATESP01');});","            pm.test('description is ' + pm.globals.get(\"DESCRIPTIONSP01\"), function() {pm.expect(instance['description']) == pm.globals.get('DESCRIPTIONSP01');});","            pm.test('href is ' + pm.globals.get(\"HREFSP01\"), function() {pm.expect(instance['href']) == pm.globals.get('HREFSP01');});","            pm.test('id is ' + pm.globals.get(\"IDSP01\"), function() {pm.expect(instance['id']) == pm.globals.get('IDSP01');});","            pm.test('lastUpdate is ' + pm.globals.get(\"LASTUPDATESP01\"), function() {pm.expect(instance['lastUpdate']) == pm.globals.get('LASTUPDATESP01');});","            pm.test('priority is ' + pm.globals.get(\"PRIORITYSP01\"), function() {pm.expect(instance['priority']) == pm.globals.get('PRIORITYSP01');});","            pm.test('reason is ' + pm.globals.get(\"REASONSP01\"), function() {pm.expect(instance['reason']) == pm.globals.get('REASONSP01');});","        }","        if (instance.id == pm.globals.get(\"IDSP02\")) {","            pm.test('IDSP02 not expected on this test', function () {","                console.log(\"Non expected resource, may happen if there is a collision on attributes\")","            });","        }","","        ","   ","}","  ","  "],"type":"text/javascript"}}],"request":{"method":"GET","header":[{"key":"Accept","value":"application/json"},{"key":"Content-Type","value":"application/json"}],"url":{"raw":"{{Service_Problem}}serviceProblem?id={{IDSP01}}","host":["{{Service_Problem}}serviceProblem"],"query":[{"key":"id","value":"{{IDSP01}}"}]},"description":"This operation filter a ServiceProblem"},"response":[]},{"name":"/ServiceProblem?fields=lastUpdate","event":[{"listen":"test","script":{"exec":[""],"type":"text/javascript"}}],"request":{"method":"GET","header":[{"key":"Accept","value":"application/json"},{"key":"Content-Type","value":"application/json"}],"url":{"raw":"{{Service_Problem}}serviceProblem?fields=lastUpdate","host":["{{Service_Problem}}serviceProblem"],"query":[{"key":"fields","value":"lastUpdate"}]},"description":"This operation filter a ServiceProblem"},"response":[]},{"name":"/ServiceProblem?lastUpdate={{LASTUPDATESP01}}","event":[{"listen":"test","script":{"exec":["pm.test(\"Status code is 200\", function () {","    pm.response.to.have.status(200);","});","  ","  ","  ","var jsonData = pm.response.json();","  ","if (Array.isArray(jsonData) && (jsonData.length > 0)) {","    jsonData.forEach(function (instance, index) {","      ","        var requiredAttributes = ['category', 'creationDate', 'description', 'href', 'id', 'lastUpdate', 'originatorParty', 'priority', 'reason', 'status'];","      ","        pm.test('Instance has all mandatory attributes', function () { pm.expect(Object.keys(instance)).to.include.members(requiredAttributes) });","      ","      ","      ","        pm.test('Response has category attribute', function() { pm.expect(instance[\"category\"]).to.be.a('string'); });","        pm.test('Response has creationDate attribute', function() { pm.expect(instance[\"creationDate\"]).to.be.a('string'); });","        pm.test('Response has description attribute', function() { pm.expect(instance[\"description\"]).to.be.a('string'); });","        pm.test('Response has href attribute', function() { pm.expect(instance[\"href\"]).to.be.a('string'); });","        pm.test('Response has id attribute', function() { pm.expect(instance[\"id\"]).to.be.a('string'); });","        pm.test('Response has lastUpdate attribute', function() { pm.expect(instance[\"lastUpdate\"]).to.be.a('string'); });","        pm.test('Response has priority attribute', function() { pm.expect(instance[\"priority\"]).to.be.a('number'); });","        pm.test('Response has reason attribute', function() { pm.expect(instance[\"reason\"]).to.be.a('string'); });","      ","        pm.test('Body includes value held on category', function () {","            pm.expect(pm.response.text()).to.include(instance['category']);","        });","        pm.test('Body includes value held on creationDate', function () {","            pm.expect(pm.response.text()).to.include(instance['creationDate']);","        });","        pm.test('Body includes value held on description', function () {","            pm.expect(pm.response.text()).to.include(instance['description']);","        });","        pm.test('Body includes value held on href', function () {","            pm.expect(pm.response.text()).to.include(instance['href']);","        });","        pm.test('Body includes value held on id', function () {","            pm.expect(pm.response.text()).to.include(instance['id']);","        });","        pm.test('Body includes value held on lastUpdate', function () {","            pm.expect(pm.response.text()).to.include(instance['lastUpdate']);","        });","        pm.test('Body includes value held on priority', function () {","            pm.expect(pm.response.text()).to.include(instance['priority']);","        });","        pm.test('Body includes value held on reason', function () {","            pm.expect(pm.response.text()).to.include(instance['reason']);","        });","        // Individualized tests","        if (instance.id == pm.globals.get(\"IDSP01\")) {","            pm.test('category is ' + pm.globals.get(\"CATEGORYSP01\"), function() {pm.expect(instance['category']) == pm.globals.get('CATEGORYSP01');});","            pm.test('creationDate is ' + pm.globals.get(\"CREATIONDATESP01\"), function() {pm.expect(instance['creationDate']) == pm.globals.get('CREATIONDATESP01');});","            pm.test('description is ' + pm.globals.get(\"DESCRIPTIONSP01\"), function() {pm.expect(instance['description']) == pm.globals.get('DESCRIPTIONSP01');});","            pm.test('href is ' + pm.globals.get(\"HREFSP01\"), function() {pm.expect(instance['href']) == pm.globals.get('HREFSP01');});","            pm.test('id is ' + pm.globals.get(\"IDSP01\"), function() {pm.expect(instance['id']) == pm.globals.get('IDSP01');});","            pm.test('lastUpdate is ' + pm.globals.get(\"LASTUPDATESP01\"), function() {pm.expect(instance['lastUpdate']) == pm.globals.get('LASTUPDATESP01');});","            pm.test('priority is ' + pm.globals.get(\"PRIORITYSP01\"), function() {pm.expect(instance['priority']) == pm.globals.get('PRIORITYSP01');});","            pm.test('reason is ' + pm.globals.get(\"REASONSP01\"), function() {pm.expect(instance['reason']) == pm.globals.get('REASONSP01');});","        }","        if (instance.id == pm.globals.get(\"IDSP02\")) {","            pm.test('IDSP02 not expected on this test', function () {","                console.log(\"Non expected resource, may happen if there is a collision on attributes\")","            });","        }","          ","    });","  }","  else {","    var instance = pm.response.json();","    var requiredAttributes = ['category', 'creationDate', 'description', 'href', 'id', 'lastUpdate', 'originatorParty', 'priority', 'reason', 'status'];","      ","        pm.test('Instance has all mandatory attributes', function () { pm.expect(Object.keys(instance)).to.include.members(requiredAttributes) });","      ","      ","      ","        pm.test('Response has category attribute', function() { pm.expect(instance[\"category\"]).to.be.a('string'); });","        pm.test('Response has creationDate attribute', function() { pm.expect(instance[\"creationDate\"]).to.be.a('string'); });","        pm.test('Response has description attribute', function() { pm.expect(instance[\"description\"]).to.be.a('string'); });","        pm.test('Response has href attribute', function() { pm.expect(instance[\"href\"]).to.be.a('string'); });","        pm.test('Response has id attribute', function() { pm.expect(instance[\"id\"]).to.be.a('string'); });","        pm.test('Response has lastUpdate attribute', function() { pm.expect(instance[\"lastUpdate\"]).to.be.a('string'); });","        pm.test('Response has priority attribute', function() { pm.expect(instance[\"priority\"]).to.be.a('integer'); });","        pm.test('Response has reason attribute', function() { pm.expect(instance[\"reason\"]).to.be.a('string'); });","      ","        pm.test('Body includes value held on category', function () {","            pm.expect(pm.response.text()).to.include(instance['category']);","        });","        pm.test('Body includes value held on creationDate', function () {","            pm.expect(pm.response.text()).to.include(instance['creationDate']);","        });","        pm.test('Body includes value held on description', function () {","            pm.expect(pm.response.text()).to.include(instance['description']);","        });","        pm.test('Body includes value held on href', function () {","            pm.expect(pm.response.text()).to.include(instance['href']);","        });","        pm.test('Body includes value held on id', function () {","            pm.expect(pm.response.text()).to.include(instance['id']);","        });","        pm.test('Body includes value held on lastUpdate', function () {","            pm.expect(pm.response.text()).to.include(instance['lastUpdate']);","        });","        pm.test('Body includes value held on priority', function () {","            pm.expect(pm.response.text()).to.include(instance['priority']);","        });","        pm.test('Body includes value held on reason', function () {","            pm.expect(pm.response.text()).to.include(instance['reason']);","        });","        // Individualized tests","        if (instance.id == pm.globals.get(\"IDSP01\")) {","            pm.test('category is ' + pm.globals.get(\"CATEGORYSP01\"), function() {pm.expect(instance['category']) == pm.globals.get('CATEGORYSP01');});","            pm.test('creationDate is ' + pm.globals.get(\"CREATIONDATESP01\"), function() {pm.expect(instance['creationDate']) == pm.globals.get('CREATIONDATESP01');});","            pm.test('description is ' + pm.globals.get(\"DESCRIPTIONSP01\"), function() {pm.expect(instance['description']) == pm.globals.get('DESCRIPTIONSP01');});","            pm.test('href is ' + pm.globals.get(\"HREFSP01\"), function() {pm.expect(instance['href']) == pm.globals.get('HREFSP01');});","            pm.test('id is ' + pm.globals.get(\"IDSP01\"), function() {pm.expect(instance['id']) == pm.globals.get('IDSP01');});","            pm.test('lastUpdate is ' + pm.globals.get(\"LASTUPDATESP01\"), function() {pm.expect(instance['lastUpdate']) == pm.globals.get('LASTUPDATESP01');});","            pm.test('priority is ' + pm.globals.get(\"PRIORITYSP01\"), function() {pm.expect(instance['priority']) == pm.globals.get('PRIORITYSP01');});","            pm.test('reason is ' + pm.globals.get(\"REASONSP01\"), function() {pm.expect(instance['reason']) == pm.globals.get('REASONSP01');});","        }","        if (instance.id == pm.globals.get(\"IDSP02\")) {","            pm.test('IDSP02 not expected on this test', function () {","                console.log(\"Non expected resource, may happen if there is a collision on attributes\")","            });","        }","","        ","   ","}","  ","  "],"type":"text/javascript"}}],"request":{"method":"GET","header":[{"key":"Accept","value":"application/json"},{"key":"Content-Type","value":"application/json"}],"url":{"raw":"{{Service_Problem}}serviceProblem?lastUpdate={{LASTUPDATESP01}}","host":["{{Service_Problem}}serviceProblem"],"query":[{"key":"lastUpdate","value":"{{LASTUPDATESP01}}"}]},"description":"This operation filter a ServiceProblem"},"response":[]},{"name":"/ServiceProblem?fields=priority","event":[{"listen":"test","script":{"exec":[""],"type":"text/javascript"}}],"request":{"method":"GET","header":[{"key":"Accept","value":"application/json"},{"key":"Content-Type","value":"application/json"}],"url":{"raw":"{{Service_Problem}}serviceProblem?fields=priority","host":["{{Service_Problem}}serviceProblem"],"query":[{"key":"fields","value":"priority"}]},"description":"This operation filter a ServiceProblem"},"response":[]},{"name":"/ServiceProblem?priority={{PRIORITYSP01}}","event":[{"listen":"test","script":{"exec":["pm.test(\"Status code is 200\", function () {","    pm.response.to.have.status(200);","});","  ","  ","  ","var jsonData = pm.response.json();","  ","if (Array.isArray(jsonData) && (jsonData.length > 0)) {","    jsonData.forEach(function (instance, index) {","      ","        var requiredAttributes = ['category', 'creationDate', 'description', 'href', 'id', 'lastUpdate', 'originatorParty', 'priority', 'reason', 'status'];","      ","        pm.test('Instance has all mandatory attributes', function () { pm.expect(Object.keys(instance)).to.include.members(requiredAttributes) });","      ","      ","      ","        pm.test('Response has category attribute', function() { pm.expect(instance[\"category\"]).to.be.a('string'); });","        pm.test('Response has creationDate attribute', function() { pm.expect(instance[\"creationDate\"]).to.be.a('string'); });","        pm.test('Response has description attribute', function() { pm.expect(instance[\"description\"]).to.be.a('string'); });","        pm.test('Response has href attribute', function() { pm.expect(instance[\"href\"]).to.be.a('string'); });","        pm.test('Response has id attribute', function() { pm.expect(instance[\"id\"]).to.be.a('string'); });","        pm.test('Response has lastUpdate attribute', function() { pm.expect(instance[\"lastUpdate\"]).to.be.a('string'); });","        pm.test('Response has priority attribute', function() { pm.expect(instance[\"priority\"]).to.be.a('number'); });","        pm.test('Response has reason attribute', function() { pm.expect(instance[\"reason\"]).to.be.a('string'); });","      ","        pm.test('Body includes value held on category', function () {","            pm.expect(pm.response.text()).to.include(instance['category']);","        });","        pm.test('Body includes value held on creationDate', function () {","            pm.expect(pm.response.text()).to.include(instance['creationDate']);","        });","        pm.test('Body includes value held on description', function () {","            pm.expect(pm.response.text()).to.include(instance['description']);","        });","        pm.test('Body includes value held on href', function () {","            pm.expect(pm.response.text()).to.include(instance['href']);","        });","        pm.test('Body includes value held on id', function () {","            pm.expect(pm.response.text()).to.include(instance['id']);","        });","        pm.test('Body includes value held on lastUpdate', function () {","            pm.expect(pm.response.text()).to.include(instance['lastUpdate']);","        });","        pm.test('Body includes value held on priority', function () {","            pm.expect(pm.response.text()).to.include(instance['priority']);","        });","        pm.test('Body includes value held on reason', function () {","            pm.expect(pm.response.text()).to.include(instance['reason']);","        });","        // Individualized tests","        if (instance.id == pm.globals.get(\"IDSP01\")) {","            pm.test('category is ' + pm.globals.get(\"CATEGORYSP01\"), function() {pm.expect(instance['category']) == pm.globals.get('CATEGORYSP01');});","            pm.test('creationDate is ' + pm.globals.get(\"CREATIONDATESP01\"), function() {pm.expect(instance['creationDate']) == pm.globals.get('CREATIONDATESP01');});","            pm.test('description is ' + pm.globals.get(\"DESCRIPTIONSP01\"), function() {pm.expect(instance['description']) == pm.globals.get('DESCRIPTIONSP01');});","            pm.test('href is ' + pm.globals.get(\"HREFSP01\"), function() {pm.expect(instance['href']) == pm.globals.get('HREFSP01');});","            pm.test('id is ' + pm.globals.get(\"IDSP01\"), function() {pm.expect(instance['id']) == pm.globals.get('IDSP01');});","            pm.test('lastUpdate is ' + pm.globals.get(\"LASTUPDATESP01\"), function() {pm.expect(instance['lastUpdate']) == pm.globals.get('LASTUPDATESP01');});","            pm.test('priority is ' + pm.globals.get(\"PRIORITYSP01\"), function() {pm.expect(instance['priority']) == pm.globals.get('PRIORITYSP01');});","            pm.test('reason is ' + pm.globals.get(\"REASONSP01\"), function() {pm.expect(instance['reason']) == pm.globals.get('REASONSP01');});","        }","        if (instance.id == pm.globals.get(\"IDSP02\")) {","            pm.test('IDSP02 not expected on this test', function () {","                console.log(\"Non expected resource, may happen if there is a collision on attributes\")","            });","        }","          ","    });","  }","  else {","    var instance = pm.response.json();","    var requiredAttributes = ['category', 'creationDate', 'description', 'href', 'id', 'lastUpdate', 'originatorParty', 'priority', 'reason', 'status'];","      ","        pm.test('Instance has all mandatory attributes', function () { pm.expect(Object.keys(instance)).to.include.members(requiredAttributes) });","      ","      ","      ","        pm.test('Response has category attribute', function() { pm.expect(instance[\"category\"]).to.be.a('string'); });","        pm.test('Response has creationDate attribute', function() { pm.expect(instance[\"creationDate\"]).to.be.a('string'); });","        pm.test('Response has description attribute', function() { pm.expect(instance[\"description\"]).to.be.a('string'); });","        pm.test('Response has href attribute', function() { pm.expect(instance[\"href\"]).to.be.a('string'); });","        pm.test('Response has id attribute', function() { pm.expect(instance[\"id\"]).to.be.a('string'); });","        pm.test('Response has lastUpdate attribute', function() { pm.expect(instance[\"lastUpdate\"]).to.be.a('string'); });","        pm.test('Response has priority attribute', function() { pm.expect(instance[\"priority\"]).to.be.a('integer'); });","        pm.test('Response has reason attribute', function() { pm.expect(instance[\"reason\"]).to.be.a('string'); });","      ","        pm.test('Body includes value held on category', function () {","            pm.expect(pm.response.text()).to.include(instance['category']);","        });","        pm.test('Body includes value held on creationDate', function () {","            pm.expect(pm.response.text()).to.include(instance['creationDate']);","        });","        pm.test('Body includes value held on description', function () {","            pm.expect(pm.response.text()).to.include(instance['description']);","        });","        pm.test('Body includes value held on href', function () {","            pm.expect(pm.response.text()).to.include(instance['href']);","        });","        pm.test('Body includes value held on id', function () {","            pm.expect(pm.response.text()).to.include(instance['id']);","        });","        pm.test('Body includes value held on lastUpdate', function () {","            pm.expect(pm.response.text()).to.include(instance['lastUpdate']);","        });","        pm.test('Body includes value held on priority', function () {","            pm.expect(pm.response.text()).to.include(instance['priority']);","        });","        pm.test('Body includes value held on reason', function () {","            pm.expect(pm.response.text()).to.include(instance['reason']);","        });","        // Individualized tests","        if (instance.id == pm.globals.get(\"IDSP01\")) {","            pm.test('category is ' + pm.globals.get(\"CATEGORYSP01\"), function() {pm.expect(instance['category']) == pm.globals.get('CATEGORYSP01');});","            pm.test('creationDate is ' + pm.globals.get(\"CREATIONDATESP01\"), function() {pm.expect(instance['creationDate']) == pm.globals.get('CREATIONDATESP01');});","            pm.test('description is ' + pm.globals.get(\"DESCRIPTIONSP01\"), function() {pm.expect(instance['description']) == pm.globals.get('DESCRIPTIONSP01');});","            pm.test('href is ' + pm.globals.get(\"HREFSP01\"), function() {pm.expect(instance['href']) == pm.globals.get('HREFSP01');});","            pm.test('id is ' + pm.globals.get(\"IDSP01\"), function() {pm.expect(instance['id']) == pm.globals.get('IDSP01');});","            pm.test('lastUpdate is ' + pm.globals.get(\"LASTUPDATESP01\"), function() {pm.expect(instance['lastUpdate']) == pm.globals.get('LASTUPDATESP01');});","            pm.test('priority is ' + pm.globals.get(\"PRIORITYSP01\"), function() {pm.expect(instance['priority']) == pm.globals.get('PRIORITYSP01');});","            pm.test('reason is ' + pm.globals.get(\"REASONSP01\"), function() {pm.expect(instance['reason']) == pm.globals.get('REASONSP01');});","        }","        if (instance.id == pm.globals.get(\"IDSP02\")) {","            pm.test('IDSP02 not expected on this test', function () {","                console.log(\"Non expected resource, may happen if there is a collision on attributes\")","            });","        }","","        ","   ","}","  ","  "],"type":"text/javascript"}}],"request":{"method":"GET","header":[{"key":"Accept","value":"application/json"},{"key":"Content-Type","value":"application/json"}],"url":{"raw":"{{Service_Problem}}serviceProblem?priority={{PRIORITYSP01}}","host":["{{Service_Problem}}serviceProblem"],"query":[{"key":"priority","value":"{{PRIORITYSP01}}"}]},"description":"This operation filter a ServiceProblem"},"response":[]},{"name":"/ServiceProblem?fields=reason","event":[{"listen":"test","script":{"exec":[""],"type":"text/javascript"}}],"request":{"method":"GET","header":[{"key":"Accept","value":"application/json"},{"key":"Content-Type","value":"application/json"}],"url":{"raw":"{{Service_Problem}}serviceProblem?fields=reason","host":["{{Service_Problem}}serviceProblem"],"query":[{"key":"fields","value":"reason"}]},"description":"This operation filter a ServiceProblem"},"response":[]},{"name":"/ServiceProblem?reason={{REASONSP01}}","event":[{"listen":"test","script":{"exec":["pm.test(\"Status code is 200\", function () {","    pm.response.to.have.status(200);","});","  ","  ","  ","var jsonData = pm.response.json();","  ","if (Array.isArray(jsonData) && (jsonData.length > 0)) {","    jsonData.forEach(function (instance, index) {","      ","        var requiredAttributes = ['category', 'creationDate', 'description', 'href', 'id', 'lastUpdate', 'originatorParty', 'priority', 'reason', 'status'];","      ","        pm.test('Instance has all mandatory attributes', function () { pm.expect(Object.keys(instance)).to.include.members(requiredAttributes) });","      ","      ","      ","        pm.test('Response has category attribute', function() { pm.expect(instance[\"category\"]).to.be.a('string'); });","        pm.test('Response has creationDate attribute', function() { pm.expect(instance[\"creationDate\"]).to.be.a('string'); });","        pm.test('Response has description attribute', function() { pm.expect(instance[\"description\"]).to.be.a('string'); });","        pm.test('Response has href attribute', function() { pm.expect(instance[\"href\"]).to.be.a('string'); });","        pm.test('Response has id attribute', function() { pm.expect(instance[\"id\"]).to.be.a('string'); });","        pm.test('Response has lastUpdate attribute', function() { pm.expect(instance[\"lastUpdate\"]).to.be.a('string'); });","        pm.test('Response has priority attribute', function() { pm.expect(instance[\"priority\"]).to.be.a('number'); });","        pm.test('Response has reason attribute', function() { pm.expect(instance[\"reason\"]).to.be.a('string'); });","      ","        pm.test('Body includes value held on category', function () {","            pm.expect(pm.response.text()).to.include(instance['category']);","        });","        pm.test('Body includes value held on creationDate', function () {","            pm.expect(pm.response.text()).to.include(instance['creationDate']);","        });","        pm.test('Body includes value held on description', function () {","            pm.expect(pm.response.text()).to.include(instance['description']);","        });","        pm.test('Body includes value held on href', function () {","            pm.expect(pm.response.text()).to.include(instance['href']);","        });","        pm.test('Body includes value held on id', function () {","            pm.expect(pm.response.text()).to.include(instance['id']);","        });","        pm.test('Body includes value held on lastUpdate', function () {","            pm.expect(pm.response.text()).to.include(instance['lastUpdate']);","        });","        pm.test('Body includes value held on priority', function () {","            pm.expect(pm.response.text()).to.include(instance['priority']);","        });","        pm.test('Body includes value held on reason', function () {","            pm.expect(pm.response.text()).to.include(instance['reason']);","        });","        // Individualized tests","        if (instance.id == pm.globals.get(\"IDSP01\")) {","            pm.test('category is ' + pm.globals.get(\"CATEGORYSP01\"), function() {pm.expect(instance['category']) == pm.globals.get('CATEGORYSP01');});","            pm.test('creationDate is ' + pm.globals.get(\"CREATIONDATESP01\"), function() {pm.expect(instance['creationDate']) == pm.globals.get('CREATIONDATESP01');});","            pm.test('description is ' + pm.globals.get(\"DESCRIPTIONSP01\"), function() {pm.expect(instance['description']) == pm.globals.get('DESCRIPTIONSP01');});","            pm.test('href is ' + pm.globals.get(\"HREFSP01\"), function() {pm.expect(instance['href']) == pm.globals.get('HREFSP01');});","            pm.test('id is ' + pm.globals.get(\"IDSP01\"), function() {pm.expect(instance['id']) == pm.globals.get('IDSP01');});","            pm.test('lastUpdate is ' + pm.globals.get(\"LASTUPDATESP01\"), function() {pm.expect(instance['lastUpdate']) == pm.globals.get('LASTUPDATESP01');});","            pm.test('priority is ' + pm.globals.get(\"PRIORITYSP01\"), function() {pm.expect(instance['priority']) == pm.globals.get('PRIORITYSP01');});","            pm.test('reason is ' + pm.globals.get(\"REASONSP01\"), function() {pm.expect(instance['reason']) == pm.globals.get('REASONSP01');});","        }","        if (instance.id == pm.globals.get(\"IDSP02\")) {","            pm.test('IDSP02 not expected on this test', function () {","                console.log(\"Non expected resource, may happen if there is a collision on attributes\")","            });","        }","          ","    });","  }","  else {","    var instance = pm.response.json();","    var requiredAttributes = ['category', 'creationDate', 'description', 'href', 'id', 'lastUpdate', 'originatorParty', 'priority', 'reason', 'status'];","      ","        pm.test('Instance has all mandatory attributes', function () { pm.expect(Object.keys(instance)).to.include.members(requiredAttributes) });","      ","      ","      ","        pm.test('Response has category attribute', function() { pm.expect(instance[\"category\"]).to.be.a('string'); });","        pm.test('Response has creationDate attribute', function() { pm.expect(instance[\"creationDate\"]).to.be.a('string'); });","        pm.test('Response has description attribute', function() { pm.expect(instance[\"description\"]).to.be.a('string'); });","        pm.test('Response has href attribute', function() { pm.expect(instance[\"href\"]).to.be.a('string'); });","        pm.test('Response has id attribute', function() { pm.expect(instance[\"id\"]).to.be.a('string'); });","        pm.test('Response has lastUpdate attribute', function() { pm.expect(instance[\"lastUpdate\"]).to.be.a('string'); });","        pm.test('Response has priority attribute', function() { pm.expect(instance[\"priority\"]).to.be.a('integer'); });","        pm.test('Response has reason attribute', function() { pm.expect(instance[\"reason\"]).to.be.a('string'); });","      ","        pm.test('Body includes value held on category', function () {","            pm.expect(pm.response.text()).to.include(instance['category']);","        });","        pm.test('Body includes value held on creationDate', function () {","            pm.expect(pm.response.text()).to.include(instance['creationDate']);","        });","        pm.test('Body includes value held on description', function () {","            pm.expect(pm.response.text()).to.include(instance['description']);","        });","        pm.test('Body includes value held on href', function () {","            pm.expect(pm.response.text()).to.include(instance['href']);","        });","        pm.test('Body includes value held on id', function () {","            pm.expect(pm.response.text()).to.include(instance['id']);","        });","        pm.test('Body includes value held on lastUpdate', function () {","            pm.expect(pm.response.text()).to.include(instance['lastUpdate']);","        });","        pm.test('Body includes value held on priority', function () {","            pm.expect(pm.response.text()).to.include(instance['priority']);","        });","        pm.test('Body includes value held on reason', function () {","            pm.expect(pm.response.text()).to.include(instance['reason']);","        });","        // Individualized tests","        if (instance.id == pm.globals.get(\"IDSP01\")) {","            pm.test('category is ' + pm.globals.get(\"CATEGORYSP01\"), function() {pm.expect(instance['category']) == pm.globals.get('CATEGORYSP01');});","            pm.test('creationDate is ' + pm.globals.get(\"CREATIONDATESP01\"), function() {pm.expect(instance['creationDate']) == pm.globals.get('CREATIONDATESP01');});","            pm.test('description is ' + pm.globals.get(\"DESCRIPTIONSP01\"), function() {pm.expect(instance['description']) == pm.globals.get('DESCRIPTIONSP01');});","            pm.test('href is ' + pm.globals.get(\"HREFSP01\"), function() {pm.expect(instance['href']) == pm.globals.get('HREFSP01');});","            pm.test('id is ' + pm.globals.get(\"IDSP01\"), function() {pm.expect(instance['id']) == pm.globals.get('IDSP01');});","            pm.test('lastUpdate is ' + pm.globals.get(\"LASTUPDATESP01\"), function() {pm.expect(instance['lastUpdate']) == pm.globals.get('LASTUPDATESP01');});","            pm.test('priority is ' + pm.globals.get(\"PRIORITYSP01\"), function() {pm.expect(instance['priority']) == pm.globals.get('PRIORITYSP01');});","            pm.test('reason is ' + pm.globals.get(\"REASONSP01\"), function() {pm.expect(instance['reason']) == pm.globals.get('REASONSP01');});","        }","        if (instance.id == pm.globals.get(\"IDSP02\")) {","            pm.test('IDSP02 not expected on this test', function () {","                console.log(\"Non expected resource, may happen if there is a collision on attributes\")","            });","        }","","        ","   ","}","  ","  "],"type":"text/javascript"}}],"request":{"method":"GET","header":[{"key":"Accept","value":"application/json"},{"key":"Content-Type","value":"application/json"}],"url":{"raw":"{{Service_Problem}}serviceProblem?reason={{REASONSP01}}","host":["{{Service_Problem}}serviceProblem"],"query":[{"key":"reason","value":"{{REASONSP01}}"}]},"description":"This operation filter a ServiceProblem"},"response":[]}]},{"name":"E1","item":[{"name":"/ServiceProblem/404ID","event":[{"listen":"test","script":{"exec":["pm.test(\"Status code is 404\", function () {","    pm.response.to.have.status(404);","});","",""],"type":"text/javascript"}}],"request":{"method":"GET","header":[{"key":"Accept","value":"application/json"},{"key":"Content-Type","value":"application/json"}],"url":{"raw":"{{Service_Problem}}ServiceProblem/39b37e9e-b1ab-437b-8020-db1d23778f6b","host":["{{Service_Problem}}ServiceProblem"],"path":["39b37e9e-b1ab-437b-8020-db1d23778f6b"]},"description":"This operation search for one of the created ServiceProblem"},"response":[]}]}]}