{
  "$schema": "http://json-schema.org/schema#",
  "type": "object",
  "properties": {
    "orderItem": {
      "type": "array",
      "items": {
        "type": "object",
        "properties": {
          "action": {
            "type": "string"
          },
          "resource": {
            "type": "object"
          },
          "id": {
            "type": "string"
          }
        },
        "required": [
          "action",
          "id",
          "resource"
        ]
      }
    }
  },
  "required": [
    "orderItem"
  ]
}
