{"info":{"_postman_id":"5ac54607-5acd-41f8-9387-aa2030771591","name":"CTK-Incident-4.0.1","schema":"https://schema.getpostman.com/json/collection/v2.1.0/collection.json"},"item":[{"name":"N1","item":[{"name":"/Incident","event":[{"listen":"test","script":{"id":"edf48644-2244-46ce-960e-b791f294597f","exec":["var jsonData = pm.response.json();","","if (Array.isArray(jsonData)) { ","  ","    pm.test('Array not expected as response', function (){pm.expect.fail()});","  ","","}","","pm.test(\"Status code is 201\", function () {","  pm.response.to.have.status(201);","});","","var instance = pm.response.json();","var requiredAttributes = ['ackState', 'category', 'domain', 'href', 'id', 'name', 'occurTime', 'priority', 'sourceObject', 'state'];","","pm.test('Instance has all mandatory attributes', function () { pm.expect(Object.keys(instance)).to.include.members(requiredAttributes) });","","","","pm.test('Response has category attribute', function() { pm.expect(instance[\"category\"]).to.be.a('string'); });","pm.test('Response has domain attribute', function() { pm.expect(instance[\"domain\"]).to.be.a('string'); });","pm.test('Response has href attribute', function() { pm.expect(instance[\"href\"]).to.be.a('string'); });","pm.test('Response has id attribute', function() { pm.expect(instance[\"id\"]).to.be.a('string'); });","pm.test('Response has name attribute', function() { pm.expect(instance[\"name\"]).to.be.a('string'); });","pm.test('Response has occurTime attribute', function() { pm.expect(instance[\"occurTime\"]).to.be.a('string'); });","pm.test('Response has sourceObject attribute', function() { pm.expect(instance[\"sourceObject\"]).to.be.a('array'); });","","pm.globals.set('CATEGORYIN01', instance['category']);","pm.globals.set('DOMAININ01', instance['domain']);","pm.globals.set('HREFIN01', instance['href']);","pm.globals.set('IDIN01', instance['id']);","pm.globals.set('NAMEIN01', instance['name']);","pm.globals.set('OCCURTIMEIN01', instance['occurTime']);","","pm.test('Body includes value held on category', function () {","  pm.expect(pm.response.text()).to.include(instance['category']);","});","pm.test('Body includes value held on domain', function () {","  pm.expect(pm.response.text()).to.include(instance['domain']);","});","pm.test('Body includes value held on href', function () {","  pm.expect(pm.response.text()).to.include(instance['href']);","});","pm.test('Body includes value held on id', function () {","  pm.expect(pm.response.text()).to.include(instance['id']);","});","pm.test('Body includes value held on name', function () {","  pm.expect(pm.response.text()).to.include(instance['name']);","});","pm.test('Body includes value held on occurTime', function () {","  pm.expect(pm.response.text()).to.include(instance['occurTime']);","});",""],"type":"text/javascript"}}],"request":{"method":"POST","header":[{"key":"Accept","value":"application/json"},{"key":"Content-Type","value":"application/json"}],"body":{"mode":"raw","raw":"{\n  \"ackState\": \"acknowledged\",\n  \"category\": \"Antenna feeder system failure\",\n  \"domain\": \"RAN\",\n  \"name\": \"Antenna circuit abnormality\",\n  \"occurTime\": \"2022-03-10T04:01:12Z\",\n  \"priority\": \"low\",\n  \"sourceObject\": {\n    \"id\": \"12345678\",\n    \"href\": \"/resourceInventoryManagement/v4/resource/12345678\"\n  },\n  \"state\": \"raised\"\n}"},"url":"{{Incident}}incident","description":"This operation creates a Incident"},"response":[]},{"name":"/Incident","event":[{"listen":"test","script":{"id":"e2576090-afe0-435e-a09d-5fdba8a1ef78","exec":["pm.test(\"Status code is 200\", function () {","    pm.response.to.have.status(200);","});","  ","  ","  ","var jsonData = pm.response.json();","  ","if (Array.isArray(jsonData) && (jsonData.length > 0)) {","    jsonData.forEach(function (instance, index) {","      ","        var requiredAttributes = ['ackState', 'category', 'domain', 'href', 'id', 'name', 'occurTime', 'priority', 'sourceObject', 'state'];","      ","        pm.test('Instance has all mandatory attributes', function () { pm.expect(Object.keys(instance)).to.include.members(requiredAttributes) });","      ","      ","      ","        pm.test('Response has category attribute', function() { pm.expect(instance[\"category\"]).to.be.a('string'); });","        pm.test('Response has domain attribute', function() { pm.expect(instance[\"domain\"]).to.be.a('string'); });","        pm.test('Response has href attribute', function() { pm.expect(instance[\"href\"]).to.be.a('string'); });","        pm.test('Response has id attribute', function() { pm.expect(instance[\"id\"]).to.be.a('string'); });","        pm.test('Response has name attribute', function() { pm.expect(instance[\"name\"]).to.be.a('string'); });","        pm.test('Response has occurTime attribute', function() { pm.expect(instance[\"occurTime\"]).to.be.a('string'); });","        pm.test('Response has sourceObject attribute', function() { pm.expect(instance[\"sourceObject\"]).to.be.a('array'); });","      ","        pm.test('Body includes value held on category', function () {","            pm.expect(pm.response.text()).to.include(instance['category']);","        });","        pm.test('Body includes value held on domain', function () {","            pm.expect(pm.response.text()).to.include(instance['domain']);","        });","        pm.test('Body includes value held on href', function () {","            pm.expect(pm.response.text()).to.include(instance['href']);","        });","        pm.test('Body includes value held on id', function () {","            pm.expect(pm.response.text()).to.include(instance['id']);","        });","        pm.test('Body includes value held on name', function () {","            pm.expect(pm.response.text()).to.include(instance['name']);","        });","        pm.test('Body includes value held on occurTime', function () {","            pm.expect(pm.response.text()).to.include(instance['occurTime']);","        });","        // Individualized tests","        if (instance.id == pm.globals.get(\"IDIN01\")) {","            pm.test('category is ' + pm.globals.get(\"CATEGORYIN01\"), function() {pm.expect(instance['category']) == pm.globals.get('CATEGORYIN01');});","            pm.test('domain is ' + pm.globals.get(\"DOMAININ01\"), function() {pm.expect(instance['domain']) == pm.globals.get('DOMAININ01');});","            pm.test('href is ' + pm.globals.get(\"HREFIN01\"), function() {pm.expect(instance['href']) == pm.globals.get('HREFIN01');});","            pm.test('id is ' + pm.globals.get(\"IDIN01\"), function() {pm.expect(instance['id']) == pm.globals.get('IDIN01');});","            pm.test('name is ' + pm.globals.get(\"NAMEIN01\"), function() {pm.expect(instance['name']) == pm.globals.get('NAMEIN01');});","            pm.test('occurTime is ' + pm.globals.get(\"OCCURTIMEIN01\"), function() {pm.expect(instance['occurTime']) == pm.globals.get('OCCURTIMEIN01');});","        }","        if (instance.id == pm.globals.get(\"IDIN02\")) {","            pm.test('category is ' + pm.globals.get(\"CATEGORYIN02\"), function() {pm.expect(instance['category']) == pm.globals.get('CATEGORYIN02');});","            pm.test('domain is ' + pm.globals.get(\"DOMAININ02\"), function() {pm.expect(instance['domain']) == pm.globals.get('DOMAININ02');});","            pm.test('href is ' + pm.globals.get(\"HREFIN02\"), function() {pm.expect(instance['href']) == pm.globals.get('HREFIN02');});","            pm.test('id is ' + pm.globals.get(\"IDIN02\"), function() {pm.expect(instance['id']) == pm.globals.get('IDIN02');});","            pm.test('name is ' + pm.globals.get(\"NAMEIN02\"), function() {pm.expect(instance['name']) == pm.globals.get('NAMEIN02');});","            pm.test('occurTime is ' + pm.globals.get(\"OCCURTIMEIN02\"), function() {pm.expect(instance['occurTime']) == pm.globals.get('OCCURTIMEIN02');});","        }  ","    });","  }","  else {","    var instance = pm.response.json();","    var requiredAttributes = ['ackState', 'category', 'domain', 'href', 'id', 'name', 'occurTime', 'priority', 'sourceObject', 'state'];","      ","        pm.test('Instance has all mandatory attributes', function () { pm.expect(Object.keys(instance)).to.include.members(requiredAttributes) });","      ","      ","      ","        pm.test('Response has category attribute', function() { pm.expect(instance[\"category\"]).to.be.a('string'); });","        pm.test('Response has domain attribute', function() { pm.expect(instance[\"domain\"]).to.be.a('string'); });","        pm.test('Response has href attribute', function() { pm.expect(instance[\"href\"]).to.be.a('string'); });","        pm.test('Response has id attribute', function() { pm.expect(instance[\"id\"]).to.be.a('string'); });","        pm.test('Response has name attribute', function() { pm.expect(instance[\"name\"]).to.be.a('string'); });","        pm.test('Response has occurTime attribute', function() { pm.expect(instance[\"occurTime\"]).to.be.a('string'); });","        pm.test('Response has sourceObject attribute', function() { pm.expect(instance[\"sourceObject\"]).to.be.a('array'); });","      ","        pm.test('Body includes value held on category', function () {","            pm.expect(pm.response.text()).to.include(instance['category']);","        });","        pm.test('Body includes value held on domain', function () {","            pm.expect(pm.response.text()).to.include(instance['domain']);","        });","        pm.test('Body includes value held on href', function () {","            pm.expect(pm.response.text()).to.include(instance['href']);","        });","        pm.test('Body includes value held on id', function () {","            pm.expect(pm.response.text()).to.include(instance['id']);","        });","        pm.test('Body includes value held on name', function () {","            pm.expect(pm.response.text()).to.include(instance['name']);","        });","        pm.test('Body includes value held on occurTime', function () {","            pm.expect(pm.response.text()).to.include(instance['occurTime']);","        });","        // Individualized tests","        if (instance.id == pm.globals.get(\"IDIN01\")) {","            pm.test('category is ' + pm.globals.get(\"CATEGORYIN01\"), function() {pm.expect(instance['category']) == pm.globals.get('CATEGORYIN01');});","            pm.test('domain is ' + pm.globals.get(\"DOMAININ01\"), function() {pm.expect(instance['domain']) == pm.globals.get('DOMAININ01');});","            pm.test('href is ' + pm.globals.get(\"HREFIN01\"), function() {pm.expect(instance['href']) == pm.globals.get('HREFIN01');});","            pm.test('id is ' + pm.globals.get(\"IDIN01\"), function() {pm.expect(instance['id']) == pm.globals.get('IDIN01');});","            pm.test('name is ' + pm.globals.get(\"NAMEIN01\"), function() {pm.expect(instance['name']) == pm.globals.get('NAMEIN01');});","            pm.test('occurTime is ' + pm.globals.get(\"OCCURTIMEIN01\"), function() {pm.expect(instance['occurTime']) == pm.globals.get('OCCURTIMEIN01');});","        }","        if (instance.id == pm.globals.get(\"IDIN02\")) {","            pm.test('category is ' + pm.globals.get(\"CATEGORYIN02\"), function() {pm.expect(instance['category']) == pm.globals.get('CATEGORYIN02');});","            pm.test('domain is ' + pm.globals.get(\"DOMAININ02\"), function() {pm.expect(instance['domain']) == pm.globals.get('DOMAININ02');});","            pm.test('href is ' + pm.globals.get(\"HREFIN02\"), function() {pm.expect(instance['href']) == pm.globals.get('HREFIN02');});","            pm.test('id is ' + pm.globals.get(\"IDIN02\"), function() {pm.expect(instance['id']) == pm.globals.get('IDIN02');});","            pm.test('name is ' + pm.globals.get(\"NAMEIN02\"), function() {pm.expect(instance['name']) == pm.globals.get('NAMEIN02');});","            pm.test('occurTime is ' + pm.globals.get(\"OCCURTIMEIN02\"), function() {pm.expect(instance['occurTime']) == pm.globals.get('OCCURTIMEIN02');});","        }","   ","  }","  ","  "],"type":"text/javascript"}}],"request":{"method":"GET","header":[{"key":"Accept","value":"application/json"},{"key":"Content-Type","value":"application/json"}],"body":{"mode":"raw","raw":""},"url":"{{Incident}}incident","description":"This operation search for the created Incident"},"response":[]},{"name":"/Incident/{{IDIN01}}","event":[{"listen":"test","script":{"id":"07e4f121-679e-4eb6-a69a-2823b0dbc121","exec":["pm.test(\"Status code is 200\", function () {","    pm.response.to.have.status(200);","});","  ","  ","  ","var jsonData = pm.response.json();","  ","if (Array.isArray(jsonData) && (jsonData.length > 0)) {","    jsonData.forEach(function (instance, index) {","      ","        var requiredAttributes = ['ackState', 'category', 'domain', 'href', 'id', 'name', 'occurTime', 'priority', 'sourceObject', 'state'];","      ","        pm.test('Instance has all mandatory attributes', function () { pm.expect(Object.keys(instance)).to.include.members(requiredAttributes) });","      ","      ","      ","        pm.test('Response has category attribute', function() { pm.expect(instance[\"category\"]).to.be.a('string'); });","        pm.test('Response has domain attribute', function() { pm.expect(instance[\"domain\"]).to.be.a('string'); });","        pm.test('Response has href attribute', function() { pm.expect(instance[\"href\"]).to.be.a('string'); });","        pm.test('Response has id attribute', function() { pm.expect(instance[\"id\"]).to.be.a('string'); });","        pm.test('Response has name attribute', function() { pm.expect(instance[\"name\"]).to.be.a('string'); });","        pm.test('Response has occurTime attribute', function() { pm.expect(instance[\"occurTime\"]).to.be.a('string'); });","        pm.test('Response has sourceObject attribute', function() { pm.expect(instance[\"sourceObject\"]).to.be.a('array'); });","      ","        pm.test('Body includes value held on category', function () {","            pm.expect(pm.response.text()).to.include(instance['category']);","        });","        pm.test('Body includes value held on domain', function () {","            pm.expect(pm.response.text()).to.include(instance['domain']);","        });","        pm.test('Body includes value held on href', function () {","            pm.expect(pm.response.text()).to.include(instance['href']);","        });","        pm.test('Body includes value held on id', function () {","            pm.expect(pm.response.text()).to.include(instance['id']);","        });","        pm.test('Body includes value held on name', function () {","            pm.expect(pm.response.text()).to.include(instance['name']);","        });","        pm.test('Body includes value held on occurTime', function () {","            pm.expect(pm.response.text()).to.include(instance['occurTime']);","        });","        // Individualized tests","        if (instance.id == pm.globals.get(\"IDIN01\")) {","            pm.test('category is ' + pm.globals.get(\"CATEGORYIN01\"), function() {pm.expect(instance['category']) == pm.globals.get('CATEGORYIN01');});","            pm.test('domain is ' + pm.globals.get(\"DOMAININ01\"), function() {pm.expect(instance['domain']) == pm.globals.get('DOMAININ01');});","            pm.test('href is ' + pm.globals.get(\"HREFIN01\"), function() {pm.expect(instance['href']) == pm.globals.get('HREFIN01');});","            pm.test('id is ' + pm.globals.get(\"IDIN01\"), function() {pm.expect(instance['id']) == pm.globals.get('IDIN01');});","            pm.test('name is ' + pm.globals.get(\"NAMEIN01\"), function() {pm.expect(instance['name']) == pm.globals.get('NAMEIN01');});","            pm.test('occurTime is ' + pm.globals.get(\"OCCURTIMEIN01\"), function() {pm.expect(instance['occurTime']) == pm.globals.get('OCCURTIMEIN01');});","        }","        if (instance.id == pm.globals.get(\"IDIN02\")) {","            pm.test('IDIN02 not expected on this test', function () {","                console.log(\"Non expected resource, may happen if there is a collision on attributes\")","            });","        }","          ","    });","  }","  else {","    var instance = pm.response.json();","    var requiredAttributes = ['ackState', 'category', 'domain', 'href', 'id', 'name', 'occurTime', 'priority', 'sourceObject', 'state'];","      ","        pm.test('Instance has all mandatory attributes', function () { pm.expect(Object.keys(instance)).to.include.members(requiredAttributes) });","      ","      ","      ","        pm.test('Response has category attribute', function() { pm.expect(instance[\"category\"]).to.be.a('string'); });","        pm.test('Response has domain attribute', function() { pm.expect(instance[\"domain\"]).to.be.a('string'); });","        pm.test('Response has href attribute', function() { pm.expect(instance[\"href\"]).to.be.a('string'); });","        pm.test('Response has id attribute', function() { pm.expect(instance[\"id\"]).to.be.a('string'); });","        pm.test('Response has name attribute', function() { pm.expect(instance[\"name\"]).to.be.a('string'); });","        pm.test('Response has occurTime attribute', function() { pm.expect(instance[\"occurTime\"]).to.be.a('string'); });","        pm.test('Response has sourceObject attribute', function() { pm.expect(instance[\"sourceObject\"]).to.be.a('array'); });","      ","        pm.test('Body includes value held on category', function () {","            pm.expect(pm.response.text()).to.include(instance['category']);","        });","        pm.test('Body includes value held on domain', function () {","            pm.expect(pm.response.text()).to.include(instance['domain']);","        });","        pm.test('Body includes value held on href', function () {","            pm.expect(pm.response.text()).to.include(instance['href']);","        });","        pm.test('Body includes value held on id', function () {","            pm.expect(pm.response.text()).to.include(instance['id']);","        });","        pm.test('Body includes value held on name', function () {","            pm.expect(pm.response.text()).to.include(instance['name']);","        });","        pm.test('Body includes value held on occurTime', function () {","            pm.expect(pm.response.text()).to.include(instance['occurTime']);","        });","        // Individualized tests","        if (instance.id == pm.globals.get(\"IDIN01\")) {","            pm.test('category is ' + pm.globals.get(\"CATEGORYIN01\"), function() {pm.expect(instance['category']) == pm.globals.get('CATEGORYIN01');});","            pm.test('domain is ' + pm.globals.get(\"DOMAININ01\"), function() {pm.expect(instance['domain']) == pm.globals.get('DOMAININ01');});","            pm.test('href is ' + pm.globals.get(\"HREFIN01\"), function() {pm.expect(instance['href']) == pm.globals.get('HREFIN01');});","            pm.test('id is ' + pm.globals.get(\"IDIN01\"), function() {pm.expect(instance['id']) == pm.globals.get('IDIN01');});","            pm.test('name is ' + pm.globals.get(\"NAMEIN01\"), function() {pm.expect(instance['name']) == pm.globals.get('NAMEIN01');});","            pm.test('occurTime is ' + pm.globals.get(\"OCCURTIMEIN01\"), function() {pm.expect(instance['occurTime']) == pm.globals.get('OCCURTIMEIN01');});","        }","        if (instance.id == pm.globals.get(\"IDIN02\")) {","            pm.test('IDIN02 not expected on this test', function () {","                console.log(\"Non expected resource, may happen if there is a collision on attributes\")","            });","        }","","        ","   ","}","  ","  "],"type":"text/javascript"}}],"request":{"method":"GET","header":[{"key":"Accept","value":"application/json"},{"key":"Content-Type","value":"application/json"}],"body":{"mode":"raw","raw":""},"url":"{{Incident}}incident/{{IDIN01}}","description":"This operation search for one of the created Incident"},"response":[]}],"_postman_isSubFolder":true},{"name":"N2","item":[{"name":"/Incident?fields=category","event":[{"listen":"test","script":{"id":"0278ba80-241f-4bb9-b19c-3fc0f225de7b","exec":[""],"type":"text/javascript"}}],"request":{"method":"GET","header":[{"key":"Accept","value":"application/json"},{"key":"Content-Type","value":"application/json"}],"body":{"mode":"raw","raw":"{\n  \"ackState\": \"acknowledged\",\n  \"category\": \"Antenna feeder system failure\",\n  \"domain\": \"RAN\",\n  \"name\": \"Antenna circuit abnormality\",\n  \"occurTime\": \"2022-03-10T04:01:12Z\",\n  \"priority\": \"low\",\n  \"sourceObject\": {\n    \"id\": \"12345678\",\n    \"href\": \"/resourceInventoryManagement/v4/resource/12345678\"\n  },\n  \"state\": \"raised\"\n}"},"url":"{{Incident}}incident?fields=category","description":"This operation filter a Incident"},"response":[]},{"name":"/Incident?category={{CATEGORYIN01}}","event":[{"listen":"test","script":{"id":"8490ed45-e99d-4657-8d58-7f69e171c8de","exec":["pm.test(\"Status code is 200\", function () {","    pm.response.to.have.status(200);","});","  ","  ","  ","var jsonData = pm.response.json();","  ","if (Array.isArray(jsonData) && (jsonData.length > 0)) {","    jsonData.forEach(function (instance, index) {","      ","        var requiredAttributes = ['ackState', 'category', 'domain', 'href', 'id', 'name', 'occurTime', 'priority', 'sourceObject', 'state'];","      ","        pm.test('Instance has all mandatory attributes', function () { pm.expect(Object.keys(instance)).to.include.members(requiredAttributes) });","      ","      ","      ","        pm.test('Response has category attribute', function() { pm.expect(instance[\"category\"]).to.be.a('string'); });","        pm.test('Response has domain attribute', function() { pm.expect(instance[\"domain\"]).to.be.a('string'); });","        pm.test('Response has href attribute', function() { pm.expect(instance[\"href\"]).to.be.a('string'); });","        pm.test('Response has id attribute', function() { pm.expect(instance[\"id\"]).to.be.a('string'); });","        pm.test('Response has name attribute', function() { pm.expect(instance[\"name\"]).to.be.a('string'); });","        pm.test('Response has occurTime attribute', function() { pm.expect(instance[\"occurTime\"]).to.be.a('string'); });","        pm.test('Response has sourceObject attribute', function() { pm.expect(instance[\"sourceObject\"]).to.be.a('array'); });","      ","        pm.test('Body includes value held on category', function () {","            pm.expect(pm.response.text()).to.include(instance['category']);","        });","        pm.test('Body includes value held on domain', function () {","            pm.expect(pm.response.text()).to.include(instance['domain']);","        });","        pm.test('Body includes value held on href', function () {","            pm.expect(pm.response.text()).to.include(instance['href']);","        });","        pm.test('Body includes value held on id', function () {","            pm.expect(pm.response.text()).to.include(instance['id']);","        });","        pm.test('Body includes value held on name', function () {","            pm.expect(pm.response.text()).to.include(instance['name']);","        });","        pm.test('Body includes value held on occurTime', function () {","            pm.expect(pm.response.text()).to.include(instance['occurTime']);","        });","        // Individualized tests","        if (instance.id == pm.globals.get(\"IDIN01\")) {","            pm.test('category is ' + pm.globals.get(\"CATEGORYIN01\"), function() {pm.expect(instance['category']) == pm.globals.get('CATEGORYIN01');});","            pm.test('domain is ' + pm.globals.get(\"DOMAININ01\"), function() {pm.expect(instance['domain']) == pm.globals.get('DOMAININ01');});","            pm.test('href is ' + pm.globals.get(\"HREFIN01\"), function() {pm.expect(instance['href']) == pm.globals.get('HREFIN01');});","            pm.test('id is ' + pm.globals.get(\"IDIN01\"), function() {pm.expect(instance['id']) == pm.globals.get('IDIN01');});","            pm.test('name is ' + pm.globals.get(\"NAMEIN01\"), function() {pm.expect(instance['name']) == pm.globals.get('NAMEIN01');});","            pm.test('occurTime is ' + pm.globals.get(\"OCCURTIMEIN01\"), function() {pm.expect(instance['occurTime']) == pm.globals.get('OCCURTIMEIN01');});","        }","        if (instance.id == pm.globals.get(\"IDIN02\")) {","            pm.test('IDIN02 not expected on this test', function () {","                console.log(\"Non expected resource, may happen if there is a collision on attributes\")","            });","        }","          ","    });","  }","  else {","    var instance = pm.response.json();","    var requiredAttributes = ['ackState', 'category', 'domain', 'href', 'id', 'name', 'occurTime', 'priority', 'sourceObject', 'state'];","      ","        pm.test('Instance has all mandatory attributes', function () { pm.expect(Object.keys(instance)).to.include.members(requiredAttributes) });","      ","      ","      ","        pm.test('Response has category attribute', function() { pm.expect(instance[\"category\"]).to.be.a('string'); });","        pm.test('Response has domain attribute', function() { pm.expect(instance[\"domain\"]).to.be.a('string'); });","        pm.test('Response has href attribute', function() { pm.expect(instance[\"href\"]).to.be.a('string'); });","        pm.test('Response has id attribute', function() { pm.expect(instance[\"id\"]).to.be.a('string'); });","        pm.test('Response has name attribute', function() { pm.expect(instance[\"name\"]).to.be.a('string'); });","        pm.test('Response has occurTime attribute', function() { pm.expect(instance[\"occurTime\"]).to.be.a('string'); });","        pm.test('Response has sourceObject attribute', function() { pm.expect(instance[\"sourceObject\"]).to.be.a('array'); });","      ","        pm.test('Body includes value held on category', function () {","            pm.expect(pm.response.text()).to.include(instance['category']);","        });","        pm.test('Body includes value held on domain', function () {","            pm.expect(pm.response.text()).to.include(instance['domain']);","        });","        pm.test('Body includes value held on href', function () {","            pm.expect(pm.response.text()).to.include(instance['href']);","        });","        pm.test('Body includes value held on id', function () {","            pm.expect(pm.response.text()).to.include(instance['id']);","        });","        pm.test('Body includes value held on name', function () {","            pm.expect(pm.response.text()).to.include(instance['name']);","        });","        pm.test('Body includes value held on occurTime', function () {","            pm.expect(pm.response.text()).to.include(instance['occurTime']);","        });","        // Individualized tests","        if (instance.id == pm.globals.get(\"IDIN01\")) {","            pm.test('category is ' + pm.globals.get(\"CATEGORYIN01\"), function() {pm.expect(instance['category']) == pm.globals.get('CATEGORYIN01');});","            pm.test('domain is ' + pm.globals.get(\"DOMAININ01\"), function() {pm.expect(instance['domain']) == pm.globals.get('DOMAININ01');});","            pm.test('href is ' + pm.globals.get(\"HREFIN01\"), function() {pm.expect(instance['href']) == pm.globals.get('HREFIN01');});","            pm.test('id is ' + pm.globals.get(\"IDIN01\"), function() {pm.expect(instance['id']) == pm.globals.get('IDIN01');});","            pm.test('name is ' + pm.globals.get(\"NAMEIN01\"), function() {pm.expect(instance['name']) == pm.globals.get('NAMEIN01');});","            pm.test('occurTime is ' + pm.globals.get(\"OCCURTIMEIN01\"), function() {pm.expect(instance['occurTime']) == pm.globals.get('OCCURTIMEIN01');});","        }","        if (instance.id == pm.globals.get(\"IDIN02\")) {","            pm.test('IDIN02 not expected on this test', function () {","                console.log(\"Non expected resource, may happen if there is a collision on attributes\")","            });","        }","","        ","   ","}","  ","  "],"type":"text/javascript"}}],"request":{"method":"GET","header":[{"key":"Accept","value":"application/json"},{"key":"Content-Type","value":"application/json"}],"body":{"mode":"raw","raw":"{\n  \"ackState\": \"acknowledged\",\n  \"category\": \"Antenna feeder system failure\",\n  \"domain\": \"RAN\",\n  \"name\": \"Antenna circuit abnormality\",\n  \"occurTime\": \"2022-03-10T04:01:12Z\",\n  \"priority\": \"low\",\n  \"sourceObject\": {\n    \"id\": \"12345678\",\n    \"href\": \"/resourceInventoryManagement/v4/resource/12345678\"\n  },\n  \"state\": \"raised\"\n}"},"url":"{{Incident}}incident?category={{CATEGORYIN01}}","description":"This operation filter a Incident"},"response":[]},{"name":"/Incident?fields=domain","event":[{"listen":"test","script":{"id":"d3eecda6-a11b-405e-b6ad-b2dd711f52d1","exec":[""],"type":"text/javascript"}}],"request":{"method":"GET","header":[{"key":"Accept","value":"application/json"},{"key":"Content-Type","value":"application/json"}],"body":{"mode":"raw","raw":"{\n  \"ackState\": \"acknowledged\",\n  \"category\": \"Antenna feeder system failure\",\n  \"domain\": \"RAN\",\n  \"name\": \"Antenna circuit abnormality\",\n  \"occurTime\": \"2022-03-10T04:01:12Z\",\n  \"priority\": \"low\",\n  \"sourceObject\": {\n    \"id\": \"12345678\",\n    \"href\": \"/resourceInventoryManagement/v4/resource/12345678\"\n  },\n  \"state\": \"raised\"\n}"},"url":"{{Incident}}incident?fields=domain","description":"This operation filter a Incident"},"response":[]},{"name":"/Incident?domain={{DOMAININ01}}","event":[{"listen":"test","script":{"id":"fab67a4f-cb04-4698-bef9-8fc6dcd8ea73","exec":["pm.test(\"Status code is 200\", function () {","    pm.response.to.have.status(200);","});","  ","  ","  ","var jsonData = pm.response.json();","  ","if (Array.isArray(jsonData) && (jsonData.length > 0)) {","    jsonData.forEach(function (instance, index) {","      ","        var requiredAttributes = ['ackState', 'category', 'domain', 'href', 'id', 'name', 'occurTime', 'priority', 'sourceObject', 'state'];","      ","        pm.test('Instance has all mandatory attributes', function () { pm.expect(Object.keys(instance)).to.include.members(requiredAttributes) });","      ","      ","      ","        pm.test('Response has category attribute', function() { pm.expect(instance[\"category\"]).to.be.a('string'); });","        pm.test('Response has domain attribute', function() { pm.expect(instance[\"domain\"]).to.be.a('string'); });","        pm.test('Response has href attribute', function() { pm.expect(instance[\"href\"]).to.be.a('string'); });","        pm.test('Response has id attribute', function() { pm.expect(instance[\"id\"]).to.be.a('string'); });","        pm.test('Response has name attribute', function() { pm.expect(instance[\"name\"]).to.be.a('string'); });","        pm.test('Response has occurTime attribute', function() { pm.expect(instance[\"occurTime\"]).to.be.a('string'); });","        pm.test('Response has sourceObject attribute', function() { pm.expect(instance[\"sourceObject\"]).to.be.a('array'); });","      ","        pm.test('Body includes value held on category', function () {","            pm.expect(pm.response.text()).to.include(instance['category']);","        });","        pm.test('Body includes value held on domain', function () {","            pm.expect(pm.response.text()).to.include(instance['domain']);","        });","        pm.test('Body includes value held on href', function () {","            pm.expect(pm.response.text()).to.include(instance['href']);","        });","        pm.test('Body includes value held on id', function () {","            pm.expect(pm.response.text()).to.include(instance['id']);","        });","        pm.test('Body includes value held on name', function () {","            pm.expect(pm.response.text()).to.include(instance['name']);","        });","        pm.test('Body includes value held on occurTime', function () {","            pm.expect(pm.response.text()).to.include(instance['occurTime']);","        });","        // Individualized tests","        if (instance.id == pm.globals.get(\"IDIN01\")) {","            pm.test('category is ' + pm.globals.get(\"CATEGORYIN01\"), function() {pm.expect(instance['category']) == pm.globals.get('CATEGORYIN01');});","            pm.test('domain is ' + pm.globals.get(\"DOMAININ01\"), function() {pm.expect(instance['domain']) == pm.globals.get('DOMAININ01');});","            pm.test('href is ' + pm.globals.get(\"HREFIN01\"), function() {pm.expect(instance['href']) == pm.globals.get('HREFIN01');});","            pm.test('id is ' + pm.globals.get(\"IDIN01\"), function() {pm.expect(instance['id']) == pm.globals.get('IDIN01');});","            pm.test('name is ' + pm.globals.get(\"NAMEIN01\"), function() {pm.expect(instance['name']) == pm.globals.get('NAMEIN01');});","            pm.test('occurTime is ' + pm.globals.get(\"OCCURTIMEIN01\"), function() {pm.expect(instance['occurTime']) == pm.globals.get('OCCURTIMEIN01');});","        }","        if (instance.id == pm.globals.get(\"IDIN02\")) {","            pm.test('IDIN02 not expected on this test', function () {","                console.log(\"Non expected resource, may happen if there is a collision on attributes\")","            });","        }","          ","    });","  }","  else {","    var instance = pm.response.json();","    var requiredAttributes = ['ackState', 'category', 'domain', 'href', 'id', 'name', 'occurTime', 'priority', 'sourceObject', 'state'];","      ","        pm.test('Instance has all mandatory attributes', function () { pm.expect(Object.keys(instance)).to.include.members(requiredAttributes) });","      ","      ","      ","        pm.test('Response has category attribute', function() { pm.expect(instance[\"category\"]).to.be.a('string'); });","        pm.test('Response has domain attribute', function() { pm.expect(instance[\"domain\"]).to.be.a('string'); });","        pm.test('Response has href attribute', function() { pm.expect(instance[\"href\"]).to.be.a('string'); });","        pm.test('Response has id attribute', function() { pm.expect(instance[\"id\"]).to.be.a('string'); });","        pm.test('Response has name attribute', function() { pm.expect(instance[\"name\"]).to.be.a('string'); });","        pm.test('Response has occurTime attribute', function() { pm.expect(instance[\"occurTime\"]).to.be.a('string'); });","        pm.test('Response has sourceObject attribute', function() { pm.expect(instance[\"sourceObject\"]).to.be.a('array'); });","      ","        pm.test('Body includes value held on category', function () {","            pm.expect(pm.response.text()).to.include(instance['category']);","        });","        pm.test('Body includes value held on domain', function () {","            pm.expect(pm.response.text()).to.include(instance['domain']);","        });","        pm.test('Body includes value held on href', function () {","            pm.expect(pm.response.text()).to.include(instance['href']);","        });","        pm.test('Body includes value held on id', function () {","            pm.expect(pm.response.text()).to.include(instance['id']);","        });","        pm.test('Body includes value held on name', function () {","            pm.expect(pm.response.text()).to.include(instance['name']);","        });","        pm.test('Body includes value held on occurTime', function () {","            pm.expect(pm.response.text()).to.include(instance['occurTime']);","        });","        // Individualized tests","        if (instance.id == pm.globals.get(\"IDIN01\")) {","            pm.test('category is ' + pm.globals.get(\"CATEGORYIN01\"), function() {pm.expect(instance['category']) == pm.globals.get('CATEGORYIN01');});","            pm.test('domain is ' + pm.globals.get(\"DOMAININ01\"), function() {pm.expect(instance['domain']) == pm.globals.get('DOMAININ01');});","            pm.test('href is ' + pm.globals.get(\"HREFIN01\"), function() {pm.expect(instance['href']) == pm.globals.get('HREFIN01');});","            pm.test('id is ' + pm.globals.get(\"IDIN01\"), function() {pm.expect(instance['id']) == pm.globals.get('IDIN01');});","            pm.test('name is ' + pm.globals.get(\"NAMEIN01\"), function() {pm.expect(instance['name']) == pm.globals.get('NAMEIN01');});","            pm.test('occurTime is ' + pm.globals.get(\"OCCURTIMEIN01\"), function() {pm.expect(instance['occurTime']) == pm.globals.get('OCCURTIMEIN01');});","        }","        if (instance.id == pm.globals.get(\"IDIN02\")) {","            pm.test('IDIN02 not expected on this test', function () {","                console.log(\"Non expected resource, may happen if there is a collision on attributes\")","            });","        }","","        ","   ","}","  ","  "],"type":"text/javascript"}}],"request":{"method":"GET","header":[{"key":"Accept","value":"application/json"},{"key":"Content-Type","value":"application/json"}],"body":{"mode":"raw","raw":"{\n  \"ackState\": \"acknowledged\",\n  \"category\": \"Antenna feeder system failure\",\n  \"domain\": \"RAN\",\n  \"name\": \"Antenna circuit abnormality\",\n  \"occurTime\": \"2022-03-10T04:01:12Z\",\n  \"priority\": \"low\",\n  \"sourceObject\": {\n    \"id\": \"12345678\",\n    \"href\": \"/resourceInventoryManagement/v4/resource/12345678\"\n  },\n  \"state\": \"raised\"\n}"},"url":"{{Incident}}incident?domain={{DOMAININ01}}","description":"This operation filter a Incident"},"response":[]},{"name":"/Incident?fields=id","event":[{"listen":"test","script":{"id":"bc21059d-b980-4f64-a73d-f8b4c0e7db39","exec":[""],"type":"text/javascript"}}],"request":{"method":"GET","header":[{"key":"Accept","value":"application/json"},{"key":"Content-Type","value":"application/json"}],"body":{"mode":"raw","raw":"{\n  \"ackState\": \"acknowledged\",\n  \"category\": \"Antenna feeder system failure\",\n  \"domain\": \"RAN\",\n  \"name\": \"Antenna circuit abnormality\",\n  \"occurTime\": \"2022-03-10T04:01:12Z\",\n  \"priority\": \"low\",\n  \"sourceObject\": {\n    \"id\": \"12345678\",\n    \"href\": \"/resourceInventoryManagement/v4/resource/12345678\"\n  },\n  \"state\": \"raised\"\n}"},"url":"{{Incident}}incident?fields=id","description":"This operation filter a Incident"},"response":[]},{"name":"/Incident?id={{IDIN01}}","event":[{"listen":"test","script":{"id":"0e3a868f-925c-49d9-82dc-c3c5f6bc8817","exec":["pm.test(\"Status code is 200\", function () {","    pm.response.to.have.status(200);","});","  ","  ","  ","var jsonData = pm.response.json();","  ","if (Array.isArray(jsonData) && (jsonData.length > 0)) {","    jsonData.forEach(function (instance, index) {","      ","        var requiredAttributes = ['ackState', 'category', 'domain', 'href', 'id', 'name', 'occurTime', 'priority', 'sourceObject', 'state'];","      ","        pm.test('Instance has all mandatory attributes', function () { pm.expect(Object.keys(instance)).to.include.members(requiredAttributes) });","      ","      ","      ","        pm.test('Response has category attribute', function() { pm.expect(instance[\"category\"]).to.be.a('string'); });","        pm.test('Response has domain attribute', function() { pm.expect(instance[\"domain\"]).to.be.a('string'); });","        pm.test('Response has href attribute', function() { pm.expect(instance[\"href\"]).to.be.a('string'); });","        pm.test('Response has id attribute', function() { pm.expect(instance[\"id\"]).to.be.a('string'); });","        pm.test('Response has name attribute', function() { pm.expect(instance[\"name\"]).to.be.a('string'); });","        pm.test('Response has occurTime attribute', function() { pm.expect(instance[\"occurTime\"]).to.be.a('string'); });","        pm.test('Response has sourceObject attribute', function() { pm.expect(instance[\"sourceObject\"]).to.be.a('array'); });","      ","        pm.test('Body includes value held on category', function () {","            pm.expect(pm.response.text()).to.include(instance['category']);","        });","        pm.test('Body includes value held on domain', function () {","            pm.expect(pm.response.text()).to.include(instance['domain']);","        });","        pm.test('Body includes value held on href', function () {","            pm.expect(pm.response.text()).to.include(instance['href']);","        });","        pm.test('Body includes value held on id', function () {","            pm.expect(pm.response.text()).to.include(instance['id']);","        });","        pm.test('Body includes value held on name', function () {","            pm.expect(pm.response.text()).to.include(instance['name']);","        });","        pm.test('Body includes value held on occurTime', function () {","            pm.expect(pm.response.text()).to.include(instance['occurTime']);","        });","        // Individualized tests","        if (instance.id == pm.globals.get(\"IDIN01\")) {","            pm.test('category is ' + pm.globals.get(\"CATEGORYIN01\"), function() {pm.expect(instance['category']) == pm.globals.get('CATEGORYIN01');});","            pm.test('domain is ' + pm.globals.get(\"DOMAININ01\"), function() {pm.expect(instance['domain']) == pm.globals.get('DOMAININ01');});","            pm.test('href is ' + pm.globals.get(\"HREFIN01\"), function() {pm.expect(instance['href']) == pm.globals.get('HREFIN01');});","            pm.test('id is ' + pm.globals.get(\"IDIN01\"), function() {pm.expect(instance['id']) == pm.globals.get('IDIN01');});","            pm.test('name is ' + pm.globals.get(\"NAMEIN01\"), function() {pm.expect(instance['name']) == pm.globals.get('NAMEIN01');});","            pm.test('occurTime is ' + pm.globals.get(\"OCCURTIMEIN01\"), function() {pm.expect(instance['occurTime']) == pm.globals.get('OCCURTIMEIN01');});","        }","        if (instance.id == pm.globals.get(\"IDIN02\")) {","            pm.test('IDIN02 not expected on this test', function () {","                console.log(\"Non expected resource, may happen if there is a collision on attributes\")","            });","        }","          ","    });","  }","  else {","    var instance = pm.response.json();","    var requiredAttributes = ['ackState', 'category', 'domain', 'href', 'id', 'name', 'occurTime', 'priority', 'sourceObject', 'state'];","      ","        pm.test('Instance has all mandatory attributes', function () { pm.expect(Object.keys(instance)).to.include.members(requiredAttributes) });","      ","      ","      ","        pm.test('Response has category attribute', function() { pm.expect(instance[\"category\"]).to.be.a('string'); });","        pm.test('Response has domain attribute', function() { pm.expect(instance[\"domain\"]).to.be.a('string'); });","        pm.test('Response has href attribute', function() { pm.expect(instance[\"href\"]).to.be.a('string'); });","        pm.test('Response has id attribute', function() { pm.expect(instance[\"id\"]).to.be.a('string'); });","        pm.test('Response has name attribute', function() { pm.expect(instance[\"name\"]).to.be.a('string'); });","        pm.test('Response has occurTime attribute', function() { pm.expect(instance[\"occurTime\"]).to.be.a('string'); });","        pm.test('Response has sourceObject attribute', function() { pm.expect(instance[\"sourceObject\"]).to.be.a('array'); });","      ","        pm.test('Body includes value held on category', function () {","            pm.expect(pm.response.text()).to.include(instance['category']);","        });","        pm.test('Body includes value held on domain', function () {","            pm.expect(pm.response.text()).to.include(instance['domain']);","        });","        pm.test('Body includes value held on href', function () {","            pm.expect(pm.response.text()).to.include(instance['href']);","        });","        pm.test('Body includes value held on id', function () {","            pm.expect(pm.response.text()).to.include(instance['id']);","        });","        pm.test('Body includes value held on name', function () {","            pm.expect(pm.response.text()).to.include(instance['name']);","        });","        pm.test('Body includes value held on occurTime', function () {","            pm.expect(pm.response.text()).to.include(instance['occurTime']);","        });","        // Individualized tests","        if (instance.id == pm.globals.get(\"IDIN01\")) {","            pm.test('category is ' + pm.globals.get(\"CATEGORYIN01\"), function() {pm.expect(instance['category']) == pm.globals.get('CATEGORYIN01');});","            pm.test('domain is ' + pm.globals.get(\"DOMAININ01\"), function() {pm.expect(instance['domain']) == pm.globals.get('DOMAININ01');});","            pm.test('href is ' + pm.globals.get(\"HREFIN01\"), function() {pm.expect(instance['href']) == pm.globals.get('HREFIN01');});","            pm.test('id is ' + pm.globals.get(\"IDIN01\"), function() {pm.expect(instance['id']) == pm.globals.get('IDIN01');});","            pm.test('name is ' + pm.globals.get(\"NAMEIN01\"), function() {pm.expect(instance['name']) == pm.globals.get('NAMEIN01');});","            pm.test('occurTime is ' + pm.globals.get(\"OCCURTIMEIN01\"), function() {pm.expect(instance['occurTime']) == pm.globals.get('OCCURTIMEIN01');});","        }","        if (instance.id == pm.globals.get(\"IDIN02\")) {","            pm.test('IDIN02 not expected on this test', function () {","                console.log(\"Non expected resource, may happen if there is a collision on attributes\")","            });","        }","","        ","   ","}","  ","  "],"type":"text/javascript"}}],"request":{"method":"GET","header":[{"key":"Accept","value":"application/json"},{"key":"Content-Type","value":"application/json"}],"body":{"mode":"raw","raw":"{\n  \"ackState\": \"acknowledged\",\n  \"category\": \"Antenna feeder system failure\",\n  \"domain\": \"RAN\",\n  \"name\": \"Antenna circuit abnormality\",\n  \"occurTime\": \"2022-03-10T04:01:12Z\",\n  \"priority\": \"low\",\n  \"sourceObject\": {\n    \"id\": \"12345678\",\n    \"href\": \"/resourceInventoryManagement/v4/resource/12345678\"\n  },\n  \"state\": \"raised\"\n}"},"url":"{{Incident}}incident?id={{IDIN01}}","description":"This operation filter a Incident"},"response":[]},{"name":"/Incident?fields=name","event":[{"listen":"test","script":{"id":"61d46109-3579-46f4-bfbb-454d3ec06cfd","exec":[""],"type":"text/javascript"}}],"request":{"method":"GET","header":[{"key":"Accept","value":"application/json"},{"key":"Content-Type","value":"application/json"}],"body":{"mode":"raw","raw":"{\n  \"ackState\": \"acknowledged\",\n  \"category\": \"Antenna feeder system failure\",\n  \"domain\": \"RAN\",\n  \"name\": \"Antenna circuit abnormality\",\n  \"occurTime\": \"2022-03-10T04:01:12Z\",\n  \"priority\": \"low\",\n  \"sourceObject\": {\n    \"id\": \"12345678\",\n    \"href\": \"/resourceInventoryManagement/v4/resource/12345678\"\n  },\n  \"state\": \"raised\"\n}"},"url":"{{Incident}}incident?fields=name","description":"This operation filter a Incident"},"response":[]},{"name":"/Incident?name={{NAMEIN01}}","event":[{"listen":"test","script":{"id":"3657939b-7932-4dae-9b29-ea5b9d5864e1","exec":["pm.test(\"Status code is 200\", function () {","    pm.response.to.have.status(200);","});","  ","  ","  ","var jsonData = pm.response.json();","  ","if (Array.isArray(jsonData) && (jsonData.length > 0)) {","    jsonData.forEach(function (instance, index) {","      ","        var requiredAttributes = ['ackState', 'category', 'domain', 'href', 'id', 'name', 'occurTime', 'priority', 'sourceObject', 'state'];","      ","        pm.test('Instance has all mandatory attributes', function () { pm.expect(Object.keys(instance)).to.include.members(requiredAttributes) });","      ","      ","      ","        pm.test('Response has category attribute', function() { pm.expect(instance[\"category\"]).to.be.a('string'); });","        pm.test('Response has domain attribute', function() { pm.expect(instance[\"domain\"]).to.be.a('string'); });","        pm.test('Response has href attribute', function() { pm.expect(instance[\"href\"]).to.be.a('string'); });","        pm.test('Response has id attribute', function() { pm.expect(instance[\"id\"]).to.be.a('string'); });","        pm.test('Response has name attribute', function() { pm.expect(instance[\"name\"]).to.be.a('string'); });","        pm.test('Response has occurTime attribute', function() { pm.expect(instance[\"occurTime\"]).to.be.a('string'); });","        pm.test('Response has sourceObject attribute', function() { pm.expect(instance[\"sourceObject\"]).to.be.a('array'); });","      ","        pm.test('Body includes value held on category', function () {","            pm.expect(pm.response.text()).to.include(instance['category']);","        });","        pm.test('Body includes value held on domain', function () {","            pm.expect(pm.response.text()).to.include(instance['domain']);","        });","        pm.test('Body includes value held on href', function () {","            pm.expect(pm.response.text()).to.include(instance['href']);","        });","        pm.test('Body includes value held on id', function () {","            pm.expect(pm.response.text()).to.include(instance['id']);","        });","        pm.test('Body includes value held on name', function () {","            pm.expect(pm.response.text()).to.include(instance['name']);","        });","        pm.test('Body includes value held on occurTime', function () {","            pm.expect(pm.response.text()).to.include(instance['occurTime']);","        });","        // Individualized tests","        if (instance.id == pm.globals.get(\"IDIN01\")) {","            pm.test('category is ' + pm.globals.get(\"CATEGORYIN01\"), function() {pm.expect(instance['category']) == pm.globals.get('CATEGORYIN01');});","            pm.test('domain is ' + pm.globals.get(\"DOMAININ01\"), function() {pm.expect(instance['domain']) == pm.globals.get('DOMAININ01');});","            pm.test('href is ' + pm.globals.get(\"HREFIN01\"), function() {pm.expect(instance['href']) == pm.globals.get('HREFIN01');});","            pm.test('id is ' + pm.globals.get(\"IDIN01\"), function() {pm.expect(instance['id']) == pm.globals.get('IDIN01');});","            pm.test('name is ' + pm.globals.get(\"NAMEIN01\"), function() {pm.expect(instance['name']) == pm.globals.get('NAMEIN01');});","            pm.test('occurTime is ' + pm.globals.get(\"OCCURTIMEIN01\"), function() {pm.expect(instance['occurTime']) == pm.globals.get('OCCURTIMEIN01');});","        }","        if (instance.id == pm.globals.get(\"IDIN02\")) {","            pm.test('IDIN02 not expected on this test', function () {","                console.log(\"Non expected resource, may happen if there is a collision on attributes\")","            });","        }","          ","    });","  }","  else {","    var instance = pm.response.json();","    var requiredAttributes = ['ackState', 'category', 'domain', 'href', 'id', 'name', 'occurTime', 'priority', 'sourceObject', 'state'];","      ","        pm.test('Instance has all mandatory attributes', function () { pm.expect(Object.keys(instance)).to.include.members(requiredAttributes) });","      ","      ","      ","        pm.test('Response has category attribute', function() { pm.expect(instance[\"category\"]).to.be.a('string'); });","        pm.test('Response has domain attribute', function() { pm.expect(instance[\"domain\"]).to.be.a('string'); });","        pm.test('Response has href attribute', function() { pm.expect(instance[\"href\"]).to.be.a('string'); });","        pm.test('Response has id attribute', function() { pm.expect(instance[\"id\"]).to.be.a('string'); });","        pm.test('Response has name attribute', function() { pm.expect(instance[\"name\"]).to.be.a('string'); });","        pm.test('Response has occurTime attribute', function() { pm.expect(instance[\"occurTime\"]).to.be.a('string'); });","        pm.test('Response has sourceObject attribute', function() { pm.expect(instance[\"sourceObject\"]).to.be.a('array'); });","      ","        pm.test('Body includes value held on category', function () {","            pm.expect(pm.response.text()).to.include(instance['category']);","        });","        pm.test('Body includes value held on domain', function () {","            pm.expect(pm.response.text()).to.include(instance['domain']);","        });","        pm.test('Body includes value held on href', function () {","            pm.expect(pm.response.text()).to.include(instance['href']);","        });","        pm.test('Body includes value held on id', function () {","            pm.expect(pm.response.text()).to.include(instance['id']);","        });","        pm.test('Body includes value held on name', function () {","            pm.expect(pm.response.text()).to.include(instance['name']);","        });","        pm.test('Body includes value held on occurTime', function () {","            pm.expect(pm.response.text()).to.include(instance['occurTime']);","        });","        // Individualized tests","        if (instance.id == pm.globals.get(\"IDIN01\")) {","            pm.test('category is ' + pm.globals.get(\"CATEGORYIN01\"), function() {pm.expect(instance['category']) == pm.globals.get('CATEGORYIN01');});","            pm.test('domain is ' + pm.globals.get(\"DOMAININ01\"), function() {pm.expect(instance['domain']) == pm.globals.get('DOMAININ01');});","            pm.test('href is ' + pm.globals.get(\"HREFIN01\"), function() {pm.expect(instance['href']) == pm.globals.get('HREFIN01');});","            pm.test('id is ' + pm.globals.get(\"IDIN01\"), function() {pm.expect(instance['id']) == pm.globals.get('IDIN01');});","            pm.test('name is ' + pm.globals.get(\"NAMEIN01\"), function() {pm.expect(instance['name']) == pm.globals.get('NAMEIN01');});","            pm.test('occurTime is ' + pm.globals.get(\"OCCURTIMEIN01\"), function() {pm.expect(instance['occurTime']) == pm.globals.get('OCCURTIMEIN01');});","        }","        if (instance.id == pm.globals.get(\"IDIN02\")) {","            pm.test('IDIN02 not expected on this test', function () {","                console.log(\"Non expected resource, may happen if there is a collision on attributes\")","            });","        }","","        ","   ","}","  ","  "],"type":"text/javascript"}}],"request":{"method":"GET","header":[{"key":"Accept","value":"application/json"},{"key":"Content-Type","value":"application/json"}],"body":{"mode":"raw","raw":"{\n  \"ackState\": \"acknowledged\",\n  \"category\": \"Antenna feeder system failure\",\n  \"domain\": \"RAN\",\n  \"name\": \"Antenna circuit abnormality\",\n  \"occurTime\": \"2022-03-10T04:01:12Z\",\n  \"priority\": \"low\",\n  \"sourceObject\": {\n    \"id\": \"12345678\",\n    \"href\": \"/resourceInventoryManagement/v4/resource/12345678\"\n  },\n  \"state\": \"raised\"\n}"},"url":"{{Incident}}incident?name={{NAMEIN01}}","description":"This operation filter a Incident"},"response":[]},{"name":"/Incident?fields=occurTime","event":[{"listen":"test","script":{"id":"f1158dcf-484e-48f0-bcd7-2534eeda80c3","exec":[""],"type":"text/javascript"}}],"request":{"method":"GET","header":[{"key":"Accept","value":"application/json"},{"key":"Content-Type","value":"application/json"}],"body":{"mode":"raw","raw":"{\n  \"ackState\": \"acknowledged\",\n  \"category\": \"Antenna feeder system failure\",\n  \"domain\": \"RAN\",\n  \"name\": \"Antenna circuit abnormality\",\n  \"occurTime\": \"2022-03-10T04:01:12Z\",\n  \"priority\": \"low\",\n  \"sourceObject\": {\n    \"id\": \"12345678\",\n    \"href\": \"/resourceInventoryManagement/v4/resource/12345678\"\n  },\n  \"state\": \"raised\"\n}"},"url":"{{Incident}}incident?fields=occurTime","description":"This operation filter a Incident"},"response":[]}],"_postman_isSubFolder":true},{"name":"E1","item":[{"name":"/Incident/404ID","event":[{"listen":"test","script":{"id":"ed197c0b-a347-48e5-85c9-8615fa28f2f7","exec":["pm.test(\"Status code is 404\", function () {","    pm.response.to.have.status(404);","});","",""],"type":"text/javascript"}}],"request":{"method":"GET","header":[{"key":"Accept","value":"application/json"},{"key":"Content-Type","value":"application/json"}],"body":{"mode":"raw","raw":""},"url":"{{Incident}}Incident/c30a788f-c717-4d30-a563-d6463e4f4271","description":"This operation search for one of the created Incident"},"response":[]}],"_postman_isSubFolder":true},{"name":"N1","item":[{"name":"/DiagnoseIncident","event":[{"listen":"test","script":{"id":"08da1f1e-21e5-498e-a403-2728effb3582","exec":["var jsonData = pm.response.json();","","if (Array.isArray(jsonData)) { ","  ","    pm.test('Array not expected as response', function (){pm.expect.fail()});","  ","","}","","pm.test(\"Status code is 201\", function () {","  pm.response.to.have.status(201);","});","","var instance = pm.response.json();","var requiredAttributes = ['href', 'id', 'incident'];","","pm.test('Instance has all mandatory attributes', function () { pm.expect(Object.keys(instance)).to.include.members(requiredAttributes) });","","","","pm.test('Response has href attribute', function() { pm.expect(instance[\"href\"]).to.be.a('string'); });","pm.test('Response has id attribute', function() { pm.expect(instance[\"id\"]).to.be.a('string'); });","","pm.globals.set('HREFDI01', instance['href']);","pm.globals.set('IDDI01', instance['id']);","","pm.test('Body includes value held on href', function () {","  pm.expect(pm.response.text()).to.include(instance['href']);","});","pm.test('Body includes value held on id', function () {","  pm.expect(pm.response.text()).to.include(instance['id']);","});",""],"type":"text/javascript"}}],"request":{"method":"POST","header":[{"key":"Accept","value":"application/json"},{"key":"Content-Type","value":"application/json"}],"body":{"mode":"raw","raw":"{\n  \"incident\": {\n    \"id\": \"26576876\",\n    \"href\": \"/incidentManagement/v5/incident/26576876\",\n    \"name\": \"IncidentA\"\n  }\n}"},"url":"{{Incident}}diagnoseIncident","description":"This operation creates a DiagnoseIncident"},"response":[]},{"name":"/DiagnoseIncident","event":[{"listen":"test","script":{"id":"4d2a317e-5892-4e90-8122-80c5dd01ea50","exec":["pm.test(\"Status code is 200\", function () {","    pm.response.to.have.status(200);","});","  ","  ","  ","var jsonData = pm.response.json();","  ","if (Array.isArray(jsonData) && (jsonData.length > 0)) {","    jsonData.forEach(function (instance, index) {","      ","        var requiredAttributes = ['href', 'id', 'incident'];","      ","        pm.test('Instance has all mandatory attributes', function () { pm.expect(Object.keys(instance)).to.include.members(requiredAttributes) });","      ","      ","      ","        pm.test('Response has href attribute', function() { pm.expect(instance[\"href\"]).to.be.a('string'); });","        pm.test('Response has id attribute', function() { pm.expect(instance[\"id\"]).to.be.a('string'); });","      ","        pm.test('Body includes value held on href', function () {","            pm.expect(pm.response.text()).to.include(instance['href']);","        });","        pm.test('Body includes value held on id', function () {","            pm.expect(pm.response.text()).to.include(instance['id']);","        });","        // Individualized tests","        if (instance.id == pm.globals.get(\"IDDI01\")) {","            pm.test('href is ' + pm.globals.get(\"HREFDI01\"), function() {pm.expect(instance['href']) == pm.globals.get('HREFDI01');});","            pm.test('id is ' + pm.globals.get(\"IDDI01\"), function() {pm.expect(instance['id']) == pm.globals.get('IDDI01');});","        }","        if (instance.id == pm.globals.get(\"IDDI02\")) {","            pm.test('href is ' + pm.globals.get(\"HREFDI02\"), function() {pm.expect(instance['href']) == pm.globals.get('HREFDI02');});","            pm.test('id is ' + pm.globals.get(\"IDDI02\"), function() {pm.expect(instance['id']) == pm.globals.get('IDDI02');});","        }  ","    });","  }","  else {","    var instance = pm.response.json();","    var requiredAttributes = ['href', 'id', 'incident'];","      ","        pm.test('Instance has all mandatory attributes', function () { pm.expect(Object.keys(instance)).to.include.members(requiredAttributes) });","      ","      ","      ","        pm.test('Response has href attribute', function() { pm.expect(instance[\"href\"]).to.be.a('string'); });","        pm.test('Response has id attribute', function() { pm.expect(instance[\"id\"]).to.be.a('string'); });","      ","        pm.test('Body includes value held on href', function () {","            pm.expect(pm.response.text()).to.include(instance['href']);","        });","        pm.test('Body includes value held on id', function () {","            pm.expect(pm.response.text()).to.include(instance['id']);","        });","        // Individualized tests","        if (instance.id == pm.globals.get(\"IDDI01\")) {","            pm.test('href is ' + pm.globals.get(\"HREFDI01\"), function() {pm.expect(instance['href']) == pm.globals.get('HREFDI01');});","            pm.test('id is ' + pm.globals.get(\"IDDI01\"), function() {pm.expect(instance['id']) == pm.globals.get('IDDI01');});","        }","        if (instance.id == pm.globals.get(\"IDDI02\")) {","            pm.test('href is ' + pm.globals.get(\"HREFDI02\"), function() {pm.expect(instance['href']) == pm.globals.get('HREFDI02');});","            pm.test('id is ' + pm.globals.get(\"IDDI02\"), function() {pm.expect(instance['id']) == pm.globals.get('IDDI02');});","        }","   ","  }","  ","  "],"type":"text/javascript"}}],"request":{"method":"GET","header":[{"key":"Accept","value":"application/json"},{"key":"Content-Type","value":"application/json"}],"body":{"mode":"raw","raw":""},"url":"{{Incident}}diagnoseIncident","description":"This operation search for the created DiagnoseIncident"},"response":[]},{"name":"/DiagnoseIncident/{{IDDI01}}","event":[{"listen":"test","script":{"id":"5e7892d9-d0c9-494f-b168-6b0af6923883","exec":["pm.test(\"Status code is 200\", function () {","    pm.response.to.have.status(200);","});","  ","  ","  ","var jsonData = pm.response.json();","  ","if (Array.isArray(jsonData) && (jsonData.length > 0)) {","    jsonData.forEach(function (instance, index) {","      ","        var requiredAttributes = ['href', 'id', 'incident'];","      ","        pm.test('Instance has all mandatory attributes', function () { pm.expect(Object.keys(instance)).to.include.members(requiredAttributes) });","      ","      ","      ","        pm.test('Response has href attribute', function() { pm.expect(instance[\"href\"]).to.be.a('string'); });","        pm.test('Response has id attribute', function() { pm.expect(instance[\"id\"]).to.be.a('string'); });","      ","        pm.test('Body includes value held on href', function () {","            pm.expect(pm.response.text()).to.include(instance['href']);","        });","        pm.test('Body includes value held on id', function () {","            pm.expect(pm.response.text()).to.include(instance['id']);","        });","        // Individualized tests","        if (instance.id == pm.globals.get(\"IDDI01\")) {","            pm.test('href is ' + pm.globals.get(\"HREFDI01\"), function() {pm.expect(instance['href']) == pm.globals.get('HREFDI01');});","            pm.test('id is ' + pm.globals.get(\"IDDI01\"), function() {pm.expect(instance['id']) == pm.globals.get('IDDI01');});","        }","        if (instance.id == pm.globals.get(\"IDDI02\")) {","            pm.test('IDDI02 not expected on this test', function () {","                console.log(\"Non expected resource, may happen if there is a collision on attributes\")","            });","        }","          ","    });","  }","  else {","    var instance = pm.response.json();","    var requiredAttributes = ['href', 'id', 'incident'];","      ","        pm.test('Instance has all mandatory attributes', function () { pm.expect(Object.keys(instance)).to.include.members(requiredAttributes) });","      ","      ","      ","        pm.test('Response has href attribute', function() { pm.expect(instance[\"href\"]).to.be.a('string'); });","        pm.test('Response has id attribute', function() { pm.expect(instance[\"id\"]).to.be.a('string'); });","      ","        pm.test('Body includes value held on href', function () {","            pm.expect(pm.response.text()).to.include(instance['href']);","        });","        pm.test('Body includes value held on id', function () {","            pm.expect(pm.response.text()).to.include(instance['id']);","        });","        // Individualized tests","        if (instance.id == pm.globals.get(\"IDDI01\")) {","            pm.test('href is ' + pm.globals.get(\"HREFDI01\"), function() {pm.expect(instance['href']) == pm.globals.get('HREFDI01');});","            pm.test('id is ' + pm.globals.get(\"IDDI01\"), function() {pm.expect(instance['id']) == pm.globals.get('IDDI01');});","        }","        if (instance.id == pm.globals.get(\"IDDI02\")) {","            pm.test('IDDI02 not expected on this test', function () {","                console.log(\"Non expected resource, may happen if there is a collision on attributes\")","            });","        }","","        ","   ","}","  ","  "],"type":"text/javascript"}}],"request":{"method":"GET","header":[{"key":"Accept","value":"application/json"},{"key":"Content-Type","value":"application/json"}],"body":{"mode":"raw","raw":""},"url":"{{Incident}}diagnoseIncident/{{IDDI01}}","description":"This operation search for one of the created DiagnoseIncident"},"response":[]}],"_postman_isSubFolder":true},{"name":"N2","item":[{"name":"/DiagnoseIncident?fields=id","event":[{"listen":"test","script":{"id":"42b2dbfb-11d5-454b-b62c-7acdf4394e9b","exec":[""],"type":"text/javascript"}}],"request":{"method":"GET","header":[{"key":"Accept","value":"application/json"},{"key":"Content-Type","value":"application/json"}],"body":{"mode":"raw","raw":"{\n  \"incident\": {\n    \"id\": \"26576876\",\n    \"href\": \"/incidentManagement/v5/incident/26576876\",\n    \"name\": \"IncidentA\"\n  }\n}"},"url":"{{Incident}}diagnoseIncident?fields=id","description":"This operation filter a DiagnoseIncident"},"response":[]},{"name":"/DiagnoseIncident?id={{IDDI01}}","event":[{"listen":"test","script":{"id":"6429356e-d2c9-4661-872d-9e7b9a04990e","exec":["pm.test(\"Status code is 200\", function () {","    pm.response.to.have.status(200);","});","  ","  ","  ","var jsonData = pm.response.json();","  ","if (Array.isArray(jsonData) && (jsonData.length > 0)) {","    jsonData.forEach(function (instance, index) {","      ","        var requiredAttributes = ['href', 'id', 'incident'];","      ","        pm.test('Instance has all mandatory attributes', function () { pm.expect(Object.keys(instance)).to.include.members(requiredAttributes) });","      ","      ","      ","        pm.test('Response has href attribute', function() { pm.expect(instance[\"href\"]).to.be.a('string'); });","        pm.test('Response has id attribute', function() { pm.expect(instance[\"id\"]).to.be.a('string'); });","      ","        pm.test('Body includes value held on href', function () {","            pm.expect(pm.response.text()).to.include(instance['href']);","        });","        pm.test('Body includes value held on id', function () {","            pm.expect(pm.response.text()).to.include(instance['id']);","        });","        // Individualized tests","        if (instance.id == pm.globals.get(\"IDDI01\")) {","            pm.test('href is ' + pm.globals.get(\"HREFDI01\"), function() {pm.expect(instance['href']) == pm.globals.get('HREFDI01');});","            pm.test('id is ' + pm.globals.get(\"IDDI01\"), function() {pm.expect(instance['id']) == pm.globals.get('IDDI01');});","        }","        if (instance.id == pm.globals.get(\"IDDI02\")) {","            pm.test('IDDI02 not expected on this test', function () {","                console.log(\"Non expected resource, may happen if there is a collision on attributes\")","            });","        }","          ","    });","  }","  else {","    var instance = pm.response.json();","    var requiredAttributes = ['href', 'id', 'incident'];","      ","        pm.test('Instance has all mandatory attributes', function () { pm.expect(Object.keys(instance)).to.include.members(requiredAttributes) });","      ","      ","      ","        pm.test('Response has href attribute', function() { pm.expect(instance[\"href\"]).to.be.a('string'); });","        pm.test('Response has id attribute', function() { pm.expect(instance[\"id\"]).to.be.a('string'); });","      ","        pm.test('Body includes value held on href', function () {","            pm.expect(pm.response.text()).to.include(instance['href']);","        });","        pm.test('Body includes value held on id', function () {","            pm.expect(pm.response.text()).to.include(instance['id']);","        });","        // Individualized tests","        if (instance.id == pm.globals.get(\"IDDI01\")) {","            pm.test('href is ' + pm.globals.get(\"HREFDI01\"), function() {pm.expect(instance['href']) == pm.globals.get('HREFDI01');});","            pm.test('id is ' + pm.globals.get(\"IDDI01\"), function() {pm.expect(instance['id']) == pm.globals.get('IDDI01');});","        }","        if (instance.id == pm.globals.get(\"IDDI02\")) {","            pm.test('IDDI02 not expected on this test', function () {","                console.log(\"Non expected resource, may happen if there is a collision on attributes\")","            });","        }","","        ","   ","}","  ","  "],"type":"text/javascript"}}],"request":{"method":"GET","header":[{"key":"Accept","value":"application/json"},{"key":"Content-Type","value":"application/json"}],"body":{"mode":"raw","raw":"{\n  \"incident\": {\n    \"id\": \"26576876\",\n    \"href\": \"/incidentManagement/v5/incident/26576876\",\n    \"name\": \"IncidentA\"\n  }\n}"},"url":"{{Incident}}diagnoseIncident?id={{IDDI01}}","description":"This operation filter a DiagnoseIncident"},"response":[]}],"_postman_isSubFolder":true},{"name":"E1","item":[{"name":"/DiagnoseIncident/404ID","event":[{"listen":"test","script":{"id":"29a11ca6-a009-4596-986d-33fecef6e98b","exec":["pm.test(\"Status code is 404\", function () {","    pm.response.to.have.status(404);","});","",""],"type":"text/javascript"}}],"request":{"method":"GET","header":[{"key":"Accept","value":"application/json"},{"key":"Content-Type","value":"application/json"}],"body":{"mode":"raw","raw":""},"url":"{{Incident}}DiagnoseIncident/f9f3edb8-36f3-4860-8c12-3e7b6fd0a977","description":"This operation search for one of the created DiagnoseIncident"},"response":[]}],"_postman_isSubFolder":true},{"name":"N1","item":[{"name":"/ResolveIncident","event":[{"listen":"test","script":{"id":"50c4c5ce-13e5-4a3f-8f7e-7549ca3909d8","exec":["var jsonData = pm.response.json();","","if (Array.isArray(jsonData)) { ","  ","    pm.test('Array not expected as response', function (){pm.expect.fail()});","  ","","}","","pm.test(\"Status code is 201\", function () {","  pm.response.to.have.status(201);","});","","var instance = pm.response.json();","var requiredAttributes = ['href', 'id', 'incident'];","","pm.test('Instance has all mandatory attributes', function () { pm.expect(Object.keys(instance)).to.include.members(requiredAttributes) });","","","","pm.test('Response has href attribute', function() { pm.expect(instance[\"href\"]).to.be.a('string'); });","pm.test('Response has id attribute', function() { pm.expect(instance[\"id\"]).to.be.a('string'); });","","pm.globals.set('HREFRI01', instance['href']);","pm.globals.set('IDRI01', instance['id']);","","pm.test('Body includes value held on href', function () {","  pm.expect(pm.response.text()).to.include(instance['href']);","});","pm.test('Body includes value held on id', function () {","  pm.expect(pm.response.text()).to.include(instance['id']);","});",""],"type":"text/javascript"}}],"request":{"method":"POST","header":[{"key":"Accept","value":"application/json"},{"key":"Content-Type","value":"application/json"}],"body":{"mode":"raw","raw":"{\n  \"incident\": {\n    \"id\": \"26576876\",\n    \"href\": \"/incidentManagement/v5/incident/26576876\",\n    \"name\": \"IncidentA\"\n  }\n}"},"url":"{{Incident}}resolveIncident","description":"This operation creates a ResolveIncident"},"response":[]},{"name":"/ResolveIncident","event":[{"listen":"test","script":{"id":"d5c6cb4c-4510-4beb-a3d7-389793973f96","exec":["pm.test(\"Status code is 200\", function () {","    pm.response.to.have.status(200);","});","  ","  ","  ","var jsonData = pm.response.json();","  ","if (Array.isArray(jsonData) && (jsonData.length > 0)) {","    jsonData.forEach(function (instance, index) {","      ","        var requiredAttributes = ['href', 'id', 'incident'];","      ","        pm.test('Instance has all mandatory attributes', function () { pm.expect(Object.keys(instance)).to.include.members(requiredAttributes) });","      ","      ","      ","        pm.test('Response has href attribute', function() { pm.expect(instance[\"href\"]).to.be.a('string'); });","        pm.test('Response has id attribute', function() { pm.expect(instance[\"id\"]).to.be.a('string'); });","      ","        pm.test('Body includes value held on href', function () {","            pm.expect(pm.response.text()).to.include(instance['href']);","        });","        pm.test('Body includes value held on id', function () {","            pm.expect(pm.response.text()).to.include(instance['id']);","        });","        // Individualized tests","        if (instance.id == pm.globals.get(\"IDRI01\")) {","            pm.test('href is ' + pm.globals.get(\"HREFRI01\"), function() {pm.expect(instance['href']) == pm.globals.get('HREFRI01');});","            pm.test('id is ' + pm.globals.get(\"IDRI01\"), function() {pm.expect(instance['id']) == pm.globals.get('IDRI01');});","        }","        if (instance.id == pm.globals.get(\"IDRI02\")) {","            pm.test('href is ' + pm.globals.get(\"HREFRI02\"), function() {pm.expect(instance['href']) == pm.globals.get('HREFRI02');});","            pm.test('id is ' + pm.globals.get(\"IDRI02\"), function() {pm.expect(instance['id']) == pm.globals.get('IDRI02');});","        }  ","    });","  }","  else {","    var instance = pm.response.json();","    var requiredAttributes = ['href', 'id', 'incident'];","      ","        pm.test('Instance has all mandatory attributes', function () { pm.expect(Object.keys(instance)).to.include.members(requiredAttributes) });","      ","      ","      ","        pm.test('Response has href attribute', function() { pm.expect(instance[\"href\"]).to.be.a('string'); });","        pm.test('Response has id attribute', function() { pm.expect(instance[\"id\"]).to.be.a('string'); });","      ","        pm.test('Body includes value held on href', function () {","            pm.expect(pm.response.text()).to.include(instance['href']);","        });","        pm.test('Body includes value held on id', function () {","            pm.expect(pm.response.text()).to.include(instance['id']);","        });","        // Individualized tests","        if (instance.id == pm.globals.get(\"IDRI01\")) {","            pm.test('href is ' + pm.globals.get(\"HREFRI01\"), function() {pm.expect(instance['href']) == pm.globals.get('HREFRI01');});","            pm.test('id is ' + pm.globals.get(\"IDRI01\"), function() {pm.expect(instance['id']) == pm.globals.get('IDRI01');});","        }","        if (instance.id == pm.globals.get(\"IDRI02\")) {","            pm.test('href is ' + pm.globals.get(\"HREFRI02\"), function() {pm.expect(instance['href']) == pm.globals.get('HREFRI02');});","            pm.test('id is ' + pm.globals.get(\"IDRI02\"), function() {pm.expect(instance['id']) == pm.globals.get('IDRI02');});","        }","   ","  }","  ","  "],"type":"text/javascript"}}],"request":{"method":"GET","header":[{"key":"Accept","value":"application/json"},{"key":"Content-Type","value":"application/json"}],"body":{"mode":"raw","raw":""},"url":"{{Incident}}resolveIncident","description":"This operation search for the created ResolveIncident"},"response":[]},{"name":"/ResolveIncident/{{IDRI01}}","event":[{"listen":"test","script":{"id":"f90c6a6e-54f1-4998-b983-8c112224cb1a","exec":["pm.test(\"Status code is 200\", function () {","    pm.response.to.have.status(200);","});","  ","  ","  ","var jsonData = pm.response.json();","  ","if (Array.isArray(jsonData) && (jsonData.length > 0)) {","    jsonData.forEach(function (instance, index) {","      ","        var requiredAttributes = ['href', 'id', 'incident'];","      ","        pm.test('Instance has all mandatory attributes', function () { pm.expect(Object.keys(instance)).to.include.members(requiredAttributes) });","      ","      ","      ","        pm.test('Response has href attribute', function() { pm.expect(instance[\"href\"]).to.be.a('string'); });","        pm.test('Response has id attribute', function() { pm.expect(instance[\"id\"]).to.be.a('string'); });","      ","        pm.test('Body includes value held on href', function () {","            pm.expect(pm.response.text()).to.include(instance['href']);","        });","        pm.test('Body includes value held on id', function () {","            pm.expect(pm.response.text()).to.include(instance['id']);","        });","        // Individualized tests","        if (instance.id == pm.globals.get(\"IDRI01\")) {","            pm.test('href is ' + pm.globals.get(\"HREFRI01\"), function() {pm.expect(instance['href']) == pm.globals.get('HREFRI01');});","            pm.test('id is ' + pm.globals.get(\"IDRI01\"), function() {pm.expect(instance['id']) == pm.globals.get('IDRI01');});","        }","        if (instance.id == pm.globals.get(\"IDRI02\")) {","            pm.test('IDRI02 not expected on this test', function () {","                console.log(\"Non expected resource, may happen if there is a collision on attributes\")","            });","        }","          ","    });","  }","  else {","    var instance = pm.response.json();","    var requiredAttributes = ['href', 'id', 'incident'];","      ","        pm.test('Instance has all mandatory attributes', function () { pm.expect(Object.keys(instance)).to.include.members(requiredAttributes) });","      ","      ","      ","        pm.test('Response has href attribute', function() { pm.expect(instance[\"href\"]).to.be.a('string'); });","        pm.test('Response has id attribute', function() { pm.expect(instance[\"id\"]).to.be.a('string'); });","      ","        pm.test('Body includes value held on href', function () {","            pm.expect(pm.response.text()).to.include(instance['href']);","        });","        pm.test('Body includes value held on id', function () {","            pm.expect(pm.response.text()).to.include(instance['id']);","        });","        // Individualized tests","        if (instance.id == pm.globals.get(\"IDRI01\")) {","            pm.test('href is ' + pm.globals.get(\"HREFRI01\"), function() {pm.expect(instance['href']) == pm.globals.get('HREFRI01');});","            pm.test('id is ' + pm.globals.get(\"IDRI01\"), function() {pm.expect(instance['id']) == pm.globals.get('IDRI01');});","        }","        if (instance.id == pm.globals.get(\"IDRI02\")) {","            pm.test('IDRI02 not expected on this test', function () {","                console.log(\"Non expected resource, may happen if there is a collision on attributes\")","            });","        }","","        ","   ","}","  ","  "],"type":"text/javascript"}}],"request":{"method":"GET","header":[{"key":"Accept","value":"application/json"},{"key":"Content-Type","value":"application/json"}],"body":{"mode":"raw","raw":""},"url":"{{Incident}}resolveIncident/{{IDRI01}}","description":"This operation search for one of the created ResolveIncident"},"response":[]}],"_postman_isSubFolder":true},{"name":"N2","item":[{"name":"/ResolveIncident?fields=id","event":[{"listen":"test","script":{"id":"b2ee25d1-390b-4df5-ac28-74dda38a40fb","exec":[""],"type":"text/javascript"}}],"request":{"method":"GET","header":[{"key":"Accept","value":"application/json"},{"key":"Content-Type","value":"application/json"}],"body":{"mode":"raw","raw":"{\n  \"incident\": {\n    \"id\": \"26576876\",\n    \"href\": \"/incidentManagement/v5/incident/26576876\",\n    \"name\": \"IncidentA\"\n  }\n}"},"url":"{{Incident}}resolveIncident?fields=id","description":"This operation filter a ResolveIncident"},"response":[]},{"name":"/ResolveIncident?id={{IDRI01}}","event":[{"listen":"test","script":{"id":"473a4c96-cf2d-44cc-8d73-844a29a24382","exec":["pm.test(\"Status code is 200\", function () {","    pm.response.to.have.status(200);","});","  ","  ","  ","var jsonData = pm.response.json();","  ","if (Array.isArray(jsonData) && (jsonData.length > 0)) {","    jsonData.forEach(function (instance, index) {","      ","        var requiredAttributes = ['href', 'id', 'incident'];","      ","        pm.test('Instance has all mandatory attributes', function () { pm.expect(Object.keys(instance)).to.include.members(requiredAttributes) });","      ","      ","      ","        pm.test('Response has href attribute', function() { pm.expect(instance[\"href\"]).to.be.a('string'); });","        pm.test('Response has id attribute', function() { pm.expect(instance[\"id\"]).to.be.a('string'); });","      ","        pm.test('Body includes value held on href', function () {","            pm.expect(pm.response.text()).to.include(instance['href']);","        });","        pm.test('Body includes value held on id', function () {","            pm.expect(pm.response.text()).to.include(instance['id']);","        });","        // Individualized tests","        if (instance.id == pm.globals.get(\"IDRI01\")) {","            pm.test('href is ' + pm.globals.get(\"HREFRI01\"), function() {pm.expect(instance['href']) == pm.globals.get('HREFRI01');});","            pm.test('id is ' + pm.globals.get(\"IDRI01\"), function() {pm.expect(instance['id']) == pm.globals.get('IDRI01');});","        }","        if (instance.id == pm.globals.get(\"IDRI02\")) {","            pm.test('IDRI02 not expected on this test', function () {","                console.log(\"Non expected resource, may happen if there is a collision on attributes\")","            });","        }","          ","    });","  }","  else {","    var instance = pm.response.json();","    var requiredAttributes = ['href', 'id', 'incident'];","      ","        pm.test('Instance has all mandatory attributes', function () { pm.expect(Object.keys(instance)).to.include.members(requiredAttributes) });","      ","      ","      ","        pm.test('Response has href attribute', function() { pm.expect(instance[\"href\"]).to.be.a('string'); });","        pm.test('Response has id attribute', function() { pm.expect(instance[\"id\"]).to.be.a('string'); });","      ","        pm.test('Body includes value held on href', function () {","            pm.expect(pm.response.text()).to.include(instance['href']);","        });","        pm.test('Body includes value held on id', function () {","            pm.expect(pm.response.text()).to.include(instance['id']);","        });","        // Individualized tests","        if (instance.id == pm.globals.get(\"IDRI01\")) {","            pm.test('href is ' + pm.globals.get(\"HREFRI01\"), function() {pm.expect(instance['href']) == pm.globals.get('HREFRI01');});","            pm.test('id is ' + pm.globals.get(\"IDRI01\"), function() {pm.expect(instance['id']) == pm.globals.get('IDRI01');});","        }","        if (instance.id == pm.globals.get(\"IDRI02\")) {","            pm.test('IDRI02 not expected on this test', function () {","                console.log(\"Non expected resource, may happen if there is a collision on attributes\")","            });","        }","","        ","   ","}","  ","  "],"type":"text/javascript"}}],"request":{"method":"GET","header":[{"key":"Accept","value":"application/json"},{"key":"Content-Type","value":"application/json"}],"body":{"mode":"raw","raw":"{\n  \"incident\": {\n    \"id\": \"26576876\",\n    \"href\": \"/incidentManagement/v5/incident/26576876\",\n    \"name\": \"IncidentA\"\n  }\n}"},"url":"{{Incident}}resolveIncident?id={{IDRI01}}","description":"This operation filter a ResolveIncident"},"response":[]}],"_postman_isSubFolder":true},{"name":"E1","item":[{"name":"/ResolveIncident/404ID","event":[{"listen":"test","script":{"id":"c2d59cc3-7e47-4bb5-a409-2eb213e96357","exec":["pm.test(\"Status code is 404\", function () {","    pm.response.to.have.status(404);","});","",""],"type":"text/javascript"}}],"request":{"method":"GET","header":[{"key":"Accept","value":"application/json"},{"key":"Content-Type","value":"application/json"}],"body":{"mode":"raw","raw":""},"url":"{{Incident}}ResolveIncident/8f0d53b1-ee99-4866-a55a-b97f89a6cbb5","description":"This operation search for one of the created ResolveIncident"},"response":[]}],"_postman_isSubFolder":true}]}