{
	"info": {
		"_postman_id": "1e4c9f2b-15df-4fed-ac30-a0b0e8ad5b93",
		"name": "CTK-Risk_Management-4.0.0",
		"schema": "https://schema.getpostman.com/json/collection/v2.1.0/collection.json"
	},
	"item": [
		{
			"name": "N1",
			"item": [
				{
					"name": "/PartyRoleRiskAssessment",
					"event": [
						{
							"listen": "test",
							"script": {
								"exec": [
									"var jsonData = pm.response.json();",
									"",
									"if (Array.isArray(jsonData)) { ",
									"  ",
									"    pm.test('Array not expected as response', function (){pm.expect.fail()});",
									"  ",
									"",
									"}",
									"",
									"pm.test(\"Status code is 201\", function () {",
									"  pm.response.to.have.status(201);",
									"});",
									"",
									"var instance = pm.response.json();",
									"var requiredAttributes = ['partyRole', 'href', 'id', 'partyRole', 'riskAssessmentResult', 'status'];",
									"",
									"pm.test('Instance has all mandatory attributes', function () { pm.expect(Object.keys(instance)).to.include.members(requiredAttributes) });",
									"",
									"",
									"",
									"pm.test('Response has href attribute', function() { pm.expect(instance[\"href\"]).to.be.a('string'); });",
									"pm.test('Response has id attribute', function() { pm.expect(instance[\"id\"]).to.be.a('string'); });",
									"pm.test('Response has status attribute', function() { pm.expect(instance[\"status\"]).to.be.a('string'); });",
									"",
									"pm.globals.set('HREFPRRA01', instance['href']);",
									"pm.globals.set('IDPRRA01', instance['id']);",
									"pm.globals.set('STATUSPRRA01', instance['status']);",
									"",
									"pm.test('Body includes value held on href', function () {",
									"  pm.expect(pm.response.text()).to.include(instance['href']);",
									"});",
									"pm.test('Body includes value held on id', function () {",
									"  pm.expect(pm.response.text()).to.include(instance['id']);",
									"});",
									"pm.test('Body includes value held on status', function () {",
									"  pm.expect(pm.response.text()).to.include(instance['status']);",
									"});",
									""
								],
								"type": "text/javascript"
							}
						}
					],
					"request": {
						"method": "POST",
						"header": [
							{
								"key": "Accept",
								"value": "application/json"
							},
							{
								"key": "Content-Type",
								"value": "application/json"
							}
						],
						"body": {
							"mode": "raw",
							"raw": "{\n  \"partyRole\": {\n    \"id\": \"9866\",\n    \"@referredType\": \"Individual\"\n  }\n}"
						},
						"url": {
							"raw": "{{Risk_Management}}partyRoleRiskAssessment",
							"host": [
								"{{Risk_Management}}partyRoleRiskAssessment"
							]
						},
						"description": "This operation creates a PartyRoleRiskAssessment"
					},
					"response": []
				},
				{
					"name": "/PartyRoleRiskAssessment",
					"event": [
						{
							"listen": "test",
							"script": {
								"exec": [
									"pm.test(\"Status code is 200\", function () {",
									"    pm.response.to.have.status(200);",
									"});",
									"  ",
									"  ",
									"  ",
									"var jsonData = pm.response.json();",
									"  ",
									"if (Array.isArray(jsonData) && (jsonData.length > 0)) {",
									"    jsonData.forEach(function (instance, index) {",
									"      ",
									"        var requiredAttributes = ['partyRole', 'href', 'id', 'partyRole', 'riskAssessmentResult', 'status'];",
									"      ",
									"        pm.test('Instance has all mandatory attributes', function () { pm.expect(Object.keys(instance)).to.include.members(requiredAttributes) });",
									"      ",
									"      ",
									"      ",
									"        pm.test('Response has href attribute', function() { pm.expect(instance[\"href\"]).to.be.a('string'); });",
									"        pm.test('Response has id attribute', function() { pm.expect(instance[\"id\"]).to.be.a('string'); });",
									"        pm.test('Response has status attribute', function() { pm.expect(instance[\"status\"]).to.be.a('string'); });",
									"      ",
									"        pm.test('Body includes value held on href', function () {",
									"            pm.expect(pm.response.text()).to.include(instance['href']);",
									"        });",
									"        pm.test('Body includes value held on id', function () {",
									"            pm.expect(pm.response.text()).to.include(instance['id']);",
									"        });",
									"        pm.test('Body includes value held on status', function () {",
									"            pm.expect(pm.response.text()).to.include(instance['status']);",
									"        });",
									"        // Individualized tests",
									"        if (instance.id == pm.globals.get(\"IDPRRA01\")) {",
									"            pm.test('href is ' + pm.globals.get(\"HREFPRRA01\"), function() {pm.expect(instance['href']) == pm.globals.get('HREFPRRA01');});",
									"            pm.test('id is ' + pm.globals.get(\"IDPRRA01\"), function() {pm.expect(instance['id']) == pm.globals.get('IDPRRA01');});",
									"            pm.test('status is ' + pm.globals.get(\"STATUSPRRA01\"), function() {pm.expect(instance['status']) == pm.globals.get('STATUSPRRA01');});",
									"        }",
									"        if (instance.id == pm.globals.get(\"IDPRRA02\")) {",
									"            pm.test('href is ' + pm.globals.get(\"HREFPRRA02\"), function() {pm.expect(instance['href']) == pm.globals.get('HREFPRRA02');});",
									"            pm.test('id is ' + pm.globals.get(\"IDPRRA02\"), function() {pm.expect(instance['id']) == pm.globals.get('IDPRRA02');});",
									"            pm.test('status is ' + pm.globals.get(\"STATUSPRRA02\"), function() {pm.expect(instance['status']) == pm.globals.get('STATUSPRRA02');});",
									"        }  ",
									"    });",
									"  }",
									"  else {",
									"    var instance = pm.response.json();",
									"    var requiredAttributes = ['partyRole', 'href', 'id', 'partyRole', 'riskAssessmentResult', 'status'];",
									"      ",
									"        pm.test('Instance has all mandatory attributes', function () { pm.expect(Object.keys(instance)).to.include.members(requiredAttributes) });",
									"      ",
									"      ",
									"      ",
									"        pm.test('Response has href attribute', function() { pm.expect(instance[\"href\"]).to.be.a('string'); });",
									"        pm.test('Response has id attribute', function() { pm.expect(instance[\"id\"]).to.be.a('string'); });",
									"        pm.test('Response has status attribute', function() { pm.expect(instance[\"status\"]).to.be.a('string'); });",
									"      ",
									"        pm.test('Body includes value held on href', function () {",
									"            pm.expect(pm.response.text()).to.include(instance['href']);",
									"        });",
									"        pm.test('Body includes value held on id', function () {",
									"            pm.expect(pm.response.text()).to.include(instance['id']);",
									"        });",
									"        pm.test('Body includes value held on status', function () {",
									"            pm.expect(pm.response.text()).to.include(instance['status']);",
									"        });",
									"        // Individualized tests",
									"        if (instance.id == pm.globals.get(\"IDPRRA01\")) {",
									"            pm.test('href is ' + pm.globals.get(\"HREFPRRA01\"), function() {pm.expect(instance['href']) == pm.globals.get('HREFPRRA01');});",
									"            pm.test('id is ' + pm.globals.get(\"IDPRRA01\"), function() {pm.expect(instance['id']) == pm.globals.get('IDPRRA01');});",
									"            pm.test('status is ' + pm.globals.get(\"STATUSPRRA01\"), function() {pm.expect(instance['status']) == pm.globals.get('STATUSPRRA01');});",
									"        }",
									"        if (instance.id == pm.globals.get(\"IDPRRA02\")) {",
									"            pm.test('href is ' + pm.globals.get(\"HREFPRRA02\"), function() {pm.expect(instance['href']) == pm.globals.get('HREFPRRA02');});",
									"            pm.test('id is ' + pm.globals.get(\"IDPRRA02\"), function() {pm.expect(instance['id']) == pm.globals.get('IDPRRA02');});",
									"            pm.test('status is ' + pm.globals.get(\"STATUSPRRA02\"), function() {pm.expect(instance['status']) == pm.globals.get('STATUSPRRA02');});",
									"        }",
									"   ",
									"  }",
									"  ",
									"  "
								],
								"type": "text/javascript"
							}
						}
					],
					"request": {
						"method": "GET",
						"header": [
							{
								"key": "Accept",
								"value": "application/json"
							},
							{
								"key": "Content-Type",
								"value": "application/json"
							}
						],
						"url": {
							"raw": "{{Risk_Management}}partyRoleRiskAssessment",
							"host": [
								"{{Risk_Management}}partyRoleRiskAssessment"
							]
						},
						"description": "This operation search for the created PartyRoleRiskAssessment"
					},
					"response": []
				},
				{
					"name": "/PartyRoleRiskAssessment/{{IDPRRA01}}",
					"event": [
						{
							"listen": "test",
							"script": {
								"exec": [
									"pm.test(\"Status code is 200\", function () {",
									"    pm.response.to.have.status(200);",
									"});",
									"  ",
									"  ",
									"  ",
									"var jsonData = pm.response.json();",
									"  ",
									"if (Array.isArray(jsonData) && (jsonData.length > 0)) {",
									"    jsonData.forEach(function (instance, index) {",
									"      ",
									"        var requiredAttributes = ['partyRole', 'href', 'id', 'partyRole', 'riskAssessmentResult', 'status'];",
									"      ",
									"        pm.test('Instance has all mandatory attributes', function () { pm.expect(Object.keys(instance)).to.include.members(requiredAttributes) });",
									"      ",
									"      ",
									"      ",
									"        pm.test('Response has href attribute', function() { pm.expect(instance[\"href\"]).to.be.a('string'); });",
									"        pm.test('Response has id attribute', function() { pm.expect(instance[\"id\"]).to.be.a('string'); });",
									"        pm.test('Response has status attribute', function() { pm.expect(instance[\"status\"]).to.be.a('string'); });",
									"      ",
									"        pm.test('Body includes value held on href', function () {",
									"            pm.expect(pm.response.text()).to.include(instance['href']);",
									"        });",
									"        pm.test('Body includes value held on id', function () {",
									"            pm.expect(pm.response.text()).to.include(instance['id']);",
									"        });",
									"        pm.test('Body includes value held on status', function () {",
									"            pm.expect(pm.response.text()).to.include(instance['status']);",
									"        });",
									"        // Individualized tests",
									"        if (instance.id == pm.globals.get(\"IDPRRA01\")) {",
									"            pm.test('href is ' + pm.globals.get(\"HREFPRRA01\"), function() {pm.expect(instance['href']) == pm.globals.get('HREFPRRA01');});",
									"            pm.test('id is ' + pm.globals.get(\"IDPRRA01\"), function() {pm.expect(instance['id']) == pm.globals.get('IDPRRA01');});",
									"            pm.test('status is ' + pm.globals.get(\"STATUSPRRA01\"), function() {pm.expect(instance['status']) == pm.globals.get('STATUSPRRA01');});",
									"        }",
									"        if (instance.id == pm.globals.get(\"IDPRRA02\")) {",
									"            pm.test('IDPRRA02 not expected on this test', function () {",
									"                console.log(\"Non expected resource, may happen if there is a collision on attributes\")",
									"            });",
									"        }",
									"          ",
									"    });",
									"  }",
									"  else {",
									"    var instance = pm.response.json();",
									"    var requiredAttributes = ['partyRole', 'href', 'id', 'partyRole', 'riskAssessmentResult', 'status'];",
									"      ",
									"        pm.test('Instance has all mandatory attributes', function () { pm.expect(Object.keys(instance)).to.include.members(requiredAttributes) });",
									"      ",
									"      ",
									"      ",
									"        pm.test('Response has href attribute', function() { pm.expect(instance[\"href\"]).to.be.a('string'); });",
									"        pm.test('Response has id attribute', function() { pm.expect(instance[\"id\"]).to.be.a('string'); });",
									"        pm.test('Response has status attribute', function() { pm.expect(instance[\"status\"]).to.be.a('string'); });",
									"      ",
									"        pm.test('Body includes value held on href', function () {",
									"            pm.expect(pm.response.text()).to.include(instance['href']);",
									"        });",
									"        pm.test('Body includes value held on id', function () {",
									"            pm.expect(pm.response.text()).to.include(instance['id']);",
									"        });",
									"        pm.test('Body includes value held on status', function () {",
									"            pm.expect(pm.response.text()).to.include(instance['status']);",
									"        });",
									"        // Individualized tests",
									"        if (instance.id == pm.globals.get(\"IDPRRA01\")) {",
									"            pm.test('href is ' + pm.globals.get(\"HREFPRRA01\"), function() {pm.expect(instance['href']) == pm.globals.get('HREFPRRA01');});",
									"            pm.test('id is ' + pm.globals.get(\"IDPRRA01\"), function() {pm.expect(instance['id']) == pm.globals.get('IDPRRA01');});",
									"            pm.test('status is ' + pm.globals.get(\"STATUSPRRA01\"), function() {pm.expect(instance['status']) == pm.globals.get('STATUSPRRA01');});",
									"        }",
									"        if (instance.id == pm.globals.get(\"IDPRRA02\")) {",
									"            pm.test('IDPRRA02 not expected on this test', function () {",
									"                console.log(\"Non expected resource, may happen if there is a collision on attributes\")",
									"            });",
									"        }",
									"",
									"        ",
									"   ",
									"}",
									"  ",
									"  "
								],
								"type": "text/javascript"
							}
						}
					],
					"request": {
						"method": "GET",
						"header": [
							{
								"key": "Accept",
								"value": "application/json"
							},
							{
								"key": "Content-Type",
								"value": "application/json"
							}
						],
						"url": {
							"raw": "{{Risk_Management}}partyRoleRiskAssessment/{{IDPRRA01}}",
							"host": [
								"{{Risk_Management}}partyRoleRiskAssessment"
							],
							"path": [
								"{{IDPRRA01}}"
							]
						},
						"description": "This operation search for one of the created PartyRoleRiskAssessment"
					},
					"response": []
				}
			]
		},
		{
			"name": "N2",
			"item": [
				{
					"name": "/PartyRoleRiskAssessment?fields=id",
					"event": [
						{
							"listen": "test",
							"script": {
								"exec": [
									"pm.test(\"Status code is 200\", function () {",
									"    pm.response.to.have.status(200);",
									"});",
									"var jsonData = pm.response.json();",
									"  ",
									"if (Array.isArray(jsonData) && (jsonData.length > 0)) {",
									"    jsonData.forEach(function (instance, index) {",
									"      ",
									"        var requiredAttributes = ['id','href', 'id'];",
									"      ",
									"        pm.test('Instance must have id, href and filtered attribute', function () { pm.expect(Object.keys(instance)).to.include.members(requiredAttributes)});",
									"        pm.test('Instance has only id, href and filtered attribute', function () { pm.expect(requiredAttributes).to.include.members(Object.keys(instance))});",
									"    });",
									"",
									"    ",
									"}",
									"else { ",
									"  ",
									"    pm.test('Array expected as response', function (){pm.expect.fail()});",
									"  ",
									"",
									"}"
								],
								"type": "text/javascript"
							}
						}
					],
					"request": {
						"method": "GET",
						"header": [
							{
								"key": "Accept",
								"value": "application/json"
							},
							{
								"key": "Content-Type",
								"value": "application/json"
							}
						],
						"url": {
							"raw": "{{Risk_Management}}partyRoleRiskAssessment?fields=id",
							"host": [
								"{{Risk_Management}}partyRoleRiskAssessment"
							],
							"query": [
								{
									"key": "fields",
									"value": "id"
								}
							]
						},
						"description": "This operation filter a PartyRoleRiskAssessment"
					},
					"response": []
				},
				{
					"name": "/PartyRoleRiskAssessment?id={{IDPRRA01}}",
					"event": [
						{
							"listen": "test",
							"script": {
								"exec": [
									"pm.test(\"Status code is 200\", function () {",
									"    pm.response.to.have.status(200);",
									"});",
									"  ",
									"  ",
									"  ",
									"var jsonData = pm.response.json();",
									"  ",
									"if (Array.isArray(jsonData) && (jsonData.length > 0)) {",
									"    jsonData.forEach(function (instance, index) {",
									"      ",
									"        var requiredAttributes = ['partyRole', 'href', 'id', 'partyRole', 'riskAssessmentResult', 'status'];",
									"      ",
									"        pm.test('Instance has all mandatory attributes', function () { pm.expect(Object.keys(instance)).to.include.members(requiredAttributes) });",
									"      ",
									"      ",
									"      ",
									"        pm.test('Response has href attribute', function() { pm.expect(instance[\"href\"]).to.be.a('string'); });",
									"        pm.test('Response has id attribute', function() { pm.expect(instance[\"id\"]).to.be.a('string'); });",
									"        pm.test('Response has status attribute', function() { pm.expect(instance[\"status\"]).to.be.a('string'); });",
									"      ",
									"        pm.test('Body includes value held on href', function () {",
									"            pm.expect(pm.response.text()).to.include(instance['href']);",
									"        });",
									"        pm.test('Body includes value held on id', function () {",
									"            pm.expect(pm.response.text()).to.include(instance['id']);",
									"        });",
									"        pm.test('Body includes value held on status', function () {",
									"            pm.expect(pm.response.text()).to.include(instance['status']);",
									"        });",
									"        // Individualized tests",
									"        if (instance.id == pm.globals.get(\"IDPRRA01\")) {",
									"            pm.test('href is ' + pm.globals.get(\"HREFPRRA01\"), function() {pm.expect(instance['href']) == pm.globals.get('HREFPRRA01');});",
									"            pm.test('id is ' + pm.globals.get(\"IDPRRA01\"), function() {pm.expect(instance['id']) == pm.globals.get('IDPRRA01');});",
									"            pm.test('status is ' + pm.globals.get(\"STATUSPRRA01\"), function() {pm.expect(instance['status']) == pm.globals.get('STATUSPRRA01');});",
									"        }",
									"        if (instance.id == pm.globals.get(\"IDPRRA02\")) {",
									"            pm.test('IDPRRA02 not expected on this test', function () {",
									"                console.log(\"Non expected resource, may happen if there is a collision on attributes\")",
									"            });",
									"        }",
									"          ",
									"    });",
									"  }",
									"  else {",
									"    var instance = pm.response.json();",
									"    var requiredAttributes = ['partyRole', 'href', 'id', 'partyRole', 'riskAssessmentResult', 'status'];",
									"      ",
									"        pm.test('Instance has all mandatory attributes', function () { pm.expect(Object.keys(instance)).to.include.members(requiredAttributes) });",
									"      ",
									"      ",
									"      ",
									"        pm.test('Response has href attribute', function() { pm.expect(instance[\"href\"]).to.be.a('string'); });",
									"        pm.test('Response has id attribute', function() { pm.expect(instance[\"id\"]).to.be.a('string'); });",
									"        pm.test('Response has status attribute', function() { pm.expect(instance[\"status\"]).to.be.a('string'); });",
									"      ",
									"        pm.test('Body includes value held on href', function () {",
									"            pm.expect(pm.response.text()).to.include(instance['href']);",
									"        });",
									"        pm.test('Body includes value held on id', function () {",
									"            pm.expect(pm.response.text()).to.include(instance['id']);",
									"        });",
									"        pm.test('Body includes value held on status', function () {",
									"            pm.expect(pm.response.text()).to.include(instance['status']);",
									"        });",
									"        // Individualized tests",
									"        if (instance.id == pm.globals.get(\"IDPRRA01\")) {",
									"            pm.test('href is ' + pm.globals.get(\"HREFPRRA01\"), function() {pm.expect(instance['href']) == pm.globals.get('HREFPRRA01');});",
									"            pm.test('id is ' + pm.globals.get(\"IDPRRA01\"), function() {pm.expect(instance['id']) == pm.globals.get('IDPRRA01');});",
									"            pm.test('status is ' + pm.globals.get(\"STATUSPRRA01\"), function() {pm.expect(instance['status']) == pm.globals.get('STATUSPRRA01');});",
									"        }",
									"        if (instance.id == pm.globals.get(\"IDPRRA02\")) {",
									"            pm.test('IDPRRA02 not expected on this test', function () {",
									"                console.log(\"Non expected resource, may happen if there is a collision on attributes\")",
									"            });",
									"        }",
									"",
									"        ",
									"   ",
									"}",
									"  ",
									"  "
								],
								"type": "text/javascript"
							}
						}
					],
					"request": {
						"method": "GET",
						"header": [
							{
								"key": "Accept",
								"value": "application/json"
							},
							{
								"key": "Content-Type",
								"value": "application/json"
							}
						],
						"url": {
							"raw": "{{Risk_Management}}partyRoleRiskAssessment?id={{IDPRRA01}}",
							"host": [
								"{{Risk_Management}}partyRoleRiskAssessment"
							],
							"query": [
								{
									"key": "id",
									"value": "{{IDPRRA01}}"
								}
							]
						},
						"description": "This operation filter a PartyRoleRiskAssessment"
					},
					"response": []
				},
				{
					"name": "/PartyRoleRiskAssessment?fields=status",
					"event": [
						{
							"listen": "test",
							"script": {
								"exec": [
									"pm.test(\"Status code is 200\", function () {",
									"    pm.response.to.have.status(200);",
									"});",
									"var jsonData = pm.response.json();",
									"  ",
									"if (Array.isArray(jsonData) && (jsonData.length > 0)) {",
									"    jsonData.forEach(function (instance, index) {",
									"      ",
									"        var requiredAttributes = ['id','href', 'status'];",
									"      ",
									"        pm.test('Instance must have id, href and filtered attribute', function () { pm.expect(Object.keys(instance)).to.include.members(requiredAttributes)});",
									"        pm.test('Instance has only id, href and filtered attribute', function () { pm.expect(requiredAttributes).to.include.members(Object.keys(instance))});",
									"    });",
									"",
									"    ",
									"}",
									"else { ",
									"  ",
									"    pm.test('Array expected as response', function (){pm.expect.fail()});",
									"  ",
									"",
									"}"
								],
								"type": "text/javascript"
							}
						}
					],
					"request": {
						"method": "GET",
						"header": [
							{
								"key": "Accept",
								"value": "application/json"
							},
							{
								"key": "Content-Type",
								"value": "application/json"
							}
						],
						"url": {
							"raw": "{{Risk_Management}}partyRoleRiskAssessment?fields=status",
							"host": [
								"{{Risk_Management}}partyRoleRiskAssessment"
							],
							"query": [
								{
									"key": "fields",
									"value": "status"
								}
							]
						},
						"description": "This operation filter a PartyRoleRiskAssessment"
					},
					"response": []
				},
				{
					"name": "/PartyRoleRiskAssessment?status={{STATUSPRRA01}}",
					"event": [
						{
							"listen": "test",
							"script": {
								"exec": [
									"pm.test(\"Status code is 200\", function () {",
									"    pm.response.to.have.status(200);",
									"});",
									"  ",
									"  ",
									"  ",
									"var jsonData = pm.response.json();",
									"  ",
									"if (Array.isArray(jsonData) && (jsonData.length > 0)) {",
									"    jsonData.forEach(function (instance, index) {",
									"      ",
									"        var requiredAttributes = ['partyRole', 'href', 'id', 'partyRole', 'riskAssessmentResult', 'status'];",
									"      ",
									"        pm.test('Instance has all mandatory attributes', function () { pm.expect(Object.keys(instance)).to.include.members(requiredAttributes) });",
									"      ",
									"      ",
									"      ",
									"        pm.test('Response has href attribute', function() { pm.expect(instance[\"href\"]).to.be.a('string'); });",
									"        pm.test('Response has id attribute', function() { pm.expect(instance[\"id\"]).to.be.a('string'); });",
									"        pm.test('Response has status attribute', function() { pm.expect(instance[\"status\"]).to.be.a('string'); });",
									"      ",
									"        pm.test('Body includes value held on href', function () {",
									"            pm.expect(pm.response.text()).to.include(instance['href']);",
									"        });",
									"        pm.test('Body includes value held on id', function () {",
									"            pm.expect(pm.response.text()).to.include(instance['id']);",
									"        });",
									"        pm.test('Body includes value held on status', function () {",
									"            pm.expect(pm.response.text()).to.include(instance['status']);",
									"        });",
									"        // Individualized tests",
									"        if (instance.id == pm.globals.get(\"IDPRRA01\")) {",
									"            pm.test('href is ' + pm.globals.get(\"HREFPRRA01\"), function() {pm.expect(instance['href']) == pm.globals.get('HREFPRRA01');});",
									"            pm.test('id is ' + pm.globals.get(\"IDPRRA01\"), function() {pm.expect(instance['id']) == pm.globals.get('IDPRRA01');});",
									"            pm.test('status is ' + pm.globals.get(\"STATUSPRRA01\"), function() {pm.expect(instance['status']) == pm.globals.get('STATUSPRRA01');});",
									"        }",
									"        if (instance.id == pm.globals.get(\"IDPRRA02\")) {",
									"            pm.test('IDPRRA02 not expected on this test', function () {",
									"                console.log(\"Non expected resource, may happen if there is a collision on attributes\")",
									"            });",
									"        }",
									"          ",
									"    });",
									"  }",
									"  else {",
									"    var instance = pm.response.json();",
									"    var requiredAttributes = ['partyRole', 'href', 'id', 'partyRole', 'riskAssessmentResult', 'status'];",
									"      ",
									"        pm.test('Instance has all mandatory attributes', function () { pm.expect(Object.keys(instance)).to.include.members(requiredAttributes) });",
									"      ",
									"      ",
									"      ",
									"        pm.test('Response has href attribute', function() { pm.expect(instance[\"href\"]).to.be.a('string'); });",
									"        pm.test('Response has id attribute', function() { pm.expect(instance[\"id\"]).to.be.a('string'); });",
									"        pm.test('Response has status attribute', function() { pm.expect(instance[\"status\"]).to.be.a('string'); });",
									"      ",
									"        pm.test('Body includes value held on href', function () {",
									"            pm.expect(pm.response.text()).to.include(instance['href']);",
									"        });",
									"        pm.test('Body includes value held on id', function () {",
									"            pm.expect(pm.response.text()).to.include(instance['id']);",
									"        });",
									"        pm.test('Body includes value held on status', function () {",
									"            pm.expect(pm.response.text()).to.include(instance['status']);",
									"        });",
									"        // Individualized tests",
									"        if (instance.id == pm.globals.get(\"IDPRRA01\")) {",
									"            pm.test('href is ' + pm.globals.get(\"HREFPRRA01\"), function() {pm.expect(instance['href']) == pm.globals.get('HREFPRRA01');});",
									"            pm.test('id is ' + pm.globals.get(\"IDPRRA01\"), function() {pm.expect(instance['id']) == pm.globals.get('IDPRRA01');});",
									"            pm.test('status is ' + pm.globals.get(\"STATUSPRRA01\"), function() {pm.expect(instance['status']) == pm.globals.get('STATUSPRRA01');});",
									"        }",
									"        if (instance.id == pm.globals.get(\"IDPRRA02\")) {",
									"            pm.test('IDPRRA02 not expected on this test', function () {",
									"                console.log(\"Non expected resource, may happen if there is a collision on attributes\")",
									"            });",
									"        }",
									"",
									"        ",
									"   ",
									"}",
									"  ",
									"  "
								],
								"type": "text/javascript"
							}
						}
					],
					"request": {
						"method": "GET",
						"header": [
							{
								"key": "Accept",
								"value": "application/json"
							},
							{
								"key": "Content-Type",
								"value": "application/json"
							}
						],
						"url": {
							"raw": "{{Risk_Management}}partyRoleRiskAssessment?status={{STATUSPRRA01}}",
							"host": [
								"{{Risk_Management}}partyRoleRiskAssessment"
							],
							"query": [
								{
									"key": "status",
									"value": "{{STATUSPRRA01}}"
								}
							]
						},
						"description": "This operation filter a PartyRoleRiskAssessment"
					},
					"response": []
				}
			]
		},
		{
			"name": "E1",
			"item": [
				{
					"name": "/PartyRoleRiskAssessment/404ID",
					"event": [
						{
							"listen": "test",
							"script": {
								"exec": [
									"pm.test(\"Status code is 404\", function () {",
									"    pm.response.to.have.status(404);",
									"});",
									"",
									""
								],
								"type": "text/javascript"
							}
						}
					],
					"request": {
						"method": "GET",
						"header": [
							{
								"key": "Accept",
								"value": "application/json"
							},
							{
								"key": "Content-Type",
								"value": "application/json"
							}
						],
						"url": {
							"raw": "{{Risk_Management}}PartyRoleRiskAssessment/3cd79fdf-e3bb-4652-953e-ac29e0e2d668",
							"host": [
								"{{Risk_Management}}PartyRoleRiskAssessment"
							],
							"path": [
								"3cd79fdf-e3bb-4652-953e-ac29e0e2d668"
							]
						},
						"description": "This operation search for one of the created PartyRoleRiskAssessment"
					},
					"response": []
				}
			]
		},
		{
			"name": "N1",
			"item": [
				{
					"name": "/PartyRoleProductOfferingRiskAssessment",
					"event": [
						{
							"listen": "test",
							"script": {
								"exec": [
									"var jsonData = pm.response.json();",
									"",
									"if (Array.isArray(jsonData)) { ",
									"  ",
									"    pm.test('Array not expected as response', function (){pm.expect.fail()});",
									"  ",
									"",
									"}",
									"",
									"pm.test(\"Status code is 201\", function () {",
									"  pm.response.to.have.status(201);",
									"});",
									"",
									"var instance = pm.response.json();",
									"var requiredAttributes = ['partyRole', 'productOffering', 'href', 'id', 'partyRole', 'productOffering', 'riskAssessmentResult', 'status'];",
									"",
									"pm.test('Instance has all mandatory attributes', function () { pm.expect(Object.keys(instance)).to.include.members(requiredAttributes) });",
									"",
									"",
									"",
									"pm.test('Response has href attribute', function() { pm.expect(instance[\"href\"]).to.be.a('string'); });",
									"pm.test('Response has id attribute', function() { pm.expect(instance[\"id\"]).to.be.a('string'); });",
									"pm.test('Response has status attribute', function() { pm.expect(instance[\"status\"]).to.be.a('string'); });",
									"",
									"pm.globals.set('HREFPRPORA01', instance['href']);",
									"pm.globals.set('IDPRPORA01', instance['id']);",
									"pm.globals.set('STATUSPRPORA01', instance['status']);",
									"",
									"pm.test('Body includes value held on href', function () {",
									"  pm.expect(pm.response.text()).to.include(instance['href']);",
									"});",
									"pm.test('Body includes value held on id', function () {",
									"  pm.expect(pm.response.text()).to.include(instance['id']);",
									"});",
									"pm.test('Body includes value held on status', function () {",
									"  pm.expect(pm.response.text()).to.include(instance['status']);",
									"});",
									""
								],
								"type": "text/javascript"
							}
						}
					],
					"request": {
						"method": "POST",
						"header": [
							{
								"key": "Accept",
								"value": "application/json"
							},
							{
								"key": "Content-Type",
								"value": "application/json"
							}
						],
						"body": {
							"mode": "raw",
							"raw": "{\n  \"partyRole\": {\n    \"id\": \"9866\",\n    \"@referredType\": \"Individual\"\n  },\n  \"productOffering\": {\n    \"id\": \"7656\"\n  }\n}"
						},
						"url": {
							"raw": "{{Risk_Management}}partyRoleProductOfferingRiskAssessment",
							"host": [
								"{{Risk_Management}}partyRoleProductOfferingRiskAssessment"
							]
						},
						"description": "This operation creates a PartyRoleProductOfferingRiskAssessment"
					},
					"response": []
				},
				{
					"name": "/PartyRoleProductOfferingRiskAssessment",
					"event": [
						{
							"listen": "test",
							"script": {
								"exec": [
									"pm.test(\"Status code is 200\", function () {",
									"    pm.response.to.have.status(200);",
									"});",
									"  ",
									"  ",
									"  ",
									"var jsonData = pm.response.json();",
									"  ",
									"if (Array.isArray(jsonData) && (jsonData.length > 0)) {",
									"    jsonData.forEach(function (instance, index) {",
									"      ",
									"        var requiredAttributes = ['partyRole', 'productOffering', 'href', 'id', 'partyRole', 'productOffering', 'riskAssessmentResult', 'status'];",
									"      ",
									"        pm.test('Instance has all mandatory attributes', function () { pm.expect(Object.keys(instance)).to.include.members(requiredAttributes) });",
									"      ",
									"      ",
									"      ",
									"        pm.test('Response has href attribute', function() { pm.expect(instance[\"href\"]).to.be.a('string'); });",
									"        pm.test('Response has id attribute', function() { pm.expect(instance[\"id\"]).to.be.a('string'); });",
									"        pm.test('Response has status attribute', function() { pm.expect(instance[\"status\"]).to.be.a('string'); });",
									"      ",
									"        pm.test('Body includes value held on href', function () {",
									"            pm.expect(pm.response.text()).to.include(instance['href']);",
									"        });",
									"        pm.test('Body includes value held on id', function () {",
									"            pm.expect(pm.response.text()).to.include(instance['id']);",
									"        });",
									"        pm.test('Body includes value held on status', function () {",
									"            pm.expect(pm.response.text()).to.include(instance['status']);",
									"        });",
									"        // Individualized tests",
									"        if (instance.id == pm.globals.get(\"IDPRPORA01\")) {",
									"            pm.test('href is ' + pm.globals.get(\"HREFPRPORA01\"), function() {pm.expect(instance['href']) == pm.globals.get('HREFPRPORA01');});",
									"            pm.test('id is ' + pm.globals.get(\"IDPRPORA01\"), function() {pm.expect(instance['id']) == pm.globals.get('IDPRPORA01');});",
									"            pm.test('status is ' + pm.globals.get(\"STATUSPRPORA01\"), function() {pm.expect(instance['status']) == pm.globals.get('STATUSPRPORA01');});",
									"        }",
									"        if (instance.id == pm.globals.get(\"IDPRPORA02\")) {",
									"            pm.test('href is ' + pm.globals.get(\"HREFPRPORA02\"), function() {pm.expect(instance['href']) == pm.globals.get('HREFPRPORA02');});",
									"            pm.test('id is ' + pm.globals.get(\"IDPRPORA02\"), function() {pm.expect(instance['id']) == pm.globals.get('IDPRPORA02');});",
									"            pm.test('status is ' + pm.globals.get(\"STATUSPRPORA02\"), function() {pm.expect(instance['status']) == pm.globals.get('STATUSPRPORA02');});",
									"        }  ",
									"    });",
									"  }",
									"  else {",
									"    var instance = pm.response.json();",
									"    var requiredAttributes = ['partyRole', 'productOffering', 'href', 'id', 'partyRole', 'productOffering', 'riskAssessmentResult', 'status'];",
									"      ",
									"        pm.test('Instance has all mandatory attributes', function () { pm.expect(Object.keys(instance)).to.include.members(requiredAttributes) });",
									"      ",
									"      ",
									"      ",
									"        pm.test('Response has href attribute', function() { pm.expect(instance[\"href\"]).to.be.a('string'); });",
									"        pm.test('Response has id attribute', function() { pm.expect(instance[\"id\"]).to.be.a('string'); });",
									"        pm.test('Response has status attribute', function() { pm.expect(instance[\"status\"]).to.be.a('string'); });",
									"      ",
									"        pm.test('Body includes value held on href', function () {",
									"            pm.expect(pm.response.text()).to.include(instance['href']);",
									"        });",
									"        pm.test('Body includes value held on id', function () {",
									"            pm.expect(pm.response.text()).to.include(instance['id']);",
									"        });",
									"        pm.test('Body includes value held on status', function () {",
									"            pm.expect(pm.response.text()).to.include(instance['status']);",
									"        });",
									"        // Individualized tests",
									"        if (instance.id == pm.globals.get(\"IDPRPORA01\")) {",
									"            pm.test('href is ' + pm.globals.get(\"HREFPRPORA01\"), function() {pm.expect(instance['href']) == pm.globals.get('HREFPRPORA01');});",
									"            pm.test('id is ' + pm.globals.get(\"IDPRPORA01\"), function() {pm.expect(instance['id']) == pm.globals.get('IDPRPORA01');});",
									"            pm.test('status is ' + pm.globals.get(\"STATUSPRPORA01\"), function() {pm.expect(instance['status']) == pm.globals.get('STATUSPRPORA01');});",
									"        }",
									"        if (instance.id == pm.globals.get(\"IDPRPORA02\")) {",
									"            pm.test('href is ' + pm.globals.get(\"HREFPRPORA02\"), function() {pm.expect(instance['href']) == pm.globals.get('HREFPRPORA02');});",
									"            pm.test('id is ' + pm.globals.get(\"IDPRPORA02\"), function() {pm.expect(instance['id']) == pm.globals.get('IDPRPORA02');});",
									"            pm.test('status is ' + pm.globals.get(\"STATUSPRPORA02\"), function() {pm.expect(instance['status']) == pm.globals.get('STATUSPRPORA02');});",
									"        }",
									"   ",
									"  }",
									"  ",
									"  "
								],
								"type": "text/javascript"
							}
						}
					],
					"request": {
						"method": "GET",
						"header": [
							{
								"key": "Accept",
								"value": "application/json"
							},
							{
								"key": "Content-Type",
								"value": "application/json"
							}
						],
						"url": {
							"raw": "{{Risk_Management}}partyRoleProductOfferingRiskAssessment",
							"host": [
								"{{Risk_Management}}partyRoleProductOfferingRiskAssessment"
							]
						},
						"description": "This operation search for the created PartyRoleProductOfferingRiskAssessment"
					},
					"response": []
				},
				{
					"name": "/PartyRoleProductOfferingRiskAssessment/{{IDPRPORA01}}",
					"event": [
						{
							"listen": "test",
							"script": {
								"exec": [
									"pm.test(\"Status code is 200\", function () {",
									"    pm.response.to.have.status(200);",
									"});",
									"  ",
									"  ",
									"  ",
									"var jsonData = pm.response.json();",
									"  ",
									"if (Array.isArray(jsonData) && (jsonData.length > 0)) {",
									"    jsonData.forEach(function (instance, index) {",
									"      ",
									"        var requiredAttributes = ['partyRole', 'productOffering', 'href', 'id', 'partyRole', 'productOffering', 'riskAssessmentResult', 'status'];",
									"      ",
									"        pm.test('Instance has all mandatory attributes', function () { pm.expect(Object.keys(instance)).to.include.members(requiredAttributes) });",
									"      ",
									"      ",
									"      ",
									"        pm.test('Response has href attribute', function() { pm.expect(instance[\"href\"]).to.be.a('string'); });",
									"        pm.test('Response has id attribute', function() { pm.expect(instance[\"id\"]).to.be.a('string'); });",
									"        pm.test('Response has status attribute', function() { pm.expect(instance[\"status\"]).to.be.a('string'); });",
									"      ",
									"        pm.test('Body includes value held on href', function () {",
									"            pm.expect(pm.response.text()).to.include(instance['href']);",
									"        });",
									"        pm.test('Body includes value held on id', function () {",
									"            pm.expect(pm.response.text()).to.include(instance['id']);",
									"        });",
									"        pm.test('Body includes value held on status', function () {",
									"            pm.expect(pm.response.text()).to.include(instance['status']);",
									"        });",
									"        // Individualized tests",
									"        if (instance.id == pm.globals.get(\"IDPRPORA01\")) {",
									"            pm.test('href is ' + pm.globals.get(\"HREFPRPORA01\"), function() {pm.expect(instance['href']) == pm.globals.get('HREFPRPORA01');});",
									"            pm.test('id is ' + pm.globals.get(\"IDPRPORA01\"), function() {pm.expect(instance['id']) == pm.globals.get('IDPRPORA01');});",
									"            pm.test('status is ' + pm.globals.get(\"STATUSPRPORA01\"), function() {pm.expect(instance['status']) == pm.globals.get('STATUSPRPORA01');});",
									"        }",
									"        if (instance.id == pm.globals.get(\"IDPRPORA02\")) {",
									"            pm.test('IDPRPORA02 not expected on this test', function () {",
									"                console.log(\"Non expected resource, may happen if there is a collision on attributes\")",
									"            });",
									"        }",
									"          ",
									"    });",
									"  }",
									"  else {",
									"    var instance = pm.response.json();",
									"    var requiredAttributes = ['partyRole', 'productOffering', 'href', 'id', 'partyRole', 'productOffering', 'riskAssessmentResult', 'status'];",
									"      ",
									"        pm.test('Instance has all mandatory attributes', function () { pm.expect(Object.keys(instance)).to.include.members(requiredAttributes) });",
									"      ",
									"      ",
									"      ",
									"        pm.test('Response has href attribute', function() { pm.expect(instance[\"href\"]).to.be.a('string'); });",
									"        pm.test('Response has id attribute', function() { pm.expect(instance[\"id\"]).to.be.a('string'); });",
									"        pm.test('Response has status attribute', function() { pm.expect(instance[\"status\"]).to.be.a('string'); });",
									"      ",
									"        pm.test('Body includes value held on href', function () {",
									"            pm.expect(pm.response.text()).to.include(instance['href']);",
									"        });",
									"        pm.test('Body includes value held on id', function () {",
									"            pm.expect(pm.response.text()).to.include(instance['id']);",
									"        });",
									"        pm.test('Body includes value held on status', function () {",
									"            pm.expect(pm.response.text()).to.include(instance['status']);",
									"        });",
									"        // Individualized tests",
									"        if (instance.id == pm.globals.get(\"IDPRPORA01\")) {",
									"            pm.test('href is ' + pm.globals.get(\"HREFPRPORA01\"), function() {pm.expect(instance['href']) == pm.globals.get('HREFPRPORA01');});",
									"            pm.test('id is ' + pm.globals.get(\"IDPRPORA01\"), function() {pm.expect(instance['id']) == pm.globals.get('IDPRPORA01');});",
									"            pm.test('status is ' + pm.globals.get(\"STATUSPRPORA01\"), function() {pm.expect(instance['status']) == pm.globals.get('STATUSPRPORA01');});",
									"        }",
									"        if (instance.id == pm.globals.get(\"IDPRPORA02\")) {",
									"            pm.test('IDPRPORA02 not expected on this test', function () {",
									"                console.log(\"Non expected resource, may happen if there is a collision on attributes\")",
									"            });",
									"        }",
									"",
									"        ",
									"   ",
									"}",
									"  ",
									"  "
								],
								"type": "text/javascript"
							}
						}
					],
					"request": {
						"method": "GET",
						"header": [
							{
								"key": "Accept",
								"value": "application/json"
							},
							{
								"key": "Content-Type",
								"value": "application/json"
							}
						],
						"url": {
							"raw": "{{Risk_Management}}partyRoleProductOfferingRiskAssessment/{{IDPRPORA01}}",
							"host": [
								"{{Risk_Management}}partyRoleProductOfferingRiskAssessment"
							],
							"path": [
								"{{IDPRPORA01}}"
							]
						},
						"description": "This operation search for one of the created PartyRoleProductOfferingRiskAssessment"
					},
					"response": []
				}
			]
		},
		{
			"name": "N2",
			"item": [
				{
					"name": "/PartyRoleProductOfferingRiskAssessment?fields=id",
					"event": [
						{
							"listen": "test",
							"script": {
								"exec": [
									"pm.test(\"Status code is 200\", function () {",
									"    pm.response.to.have.status(200);",
									"});",
									"var jsonData = pm.response.json();",
									"  ",
									"if (Array.isArray(jsonData) && (jsonData.length > 0)) {",
									"    jsonData.forEach(function (instance, index) {",
									"      ",
									"        var requiredAttributes = ['id','href', 'id'];",
									"      ",
									"        pm.test('Instance must have id, href and filtered attribute', function () { pm.expect(Object.keys(instance)).to.include.members(requiredAttributes)});",
									"        pm.test('Instance has only id, href and filtered attribute', function () { pm.expect(requiredAttributes).to.include.members(Object.keys(instance))});",
									"    });",
									"",
									"    ",
									"}",
									"else { ",
									"  ",
									"    pm.test('Array expected as response', function (){pm.expect.fail()});",
									"  ",
									"",
									"}"
								],
								"type": "text/javascript"
							}
						}
					],
					"request": {
						"method": "GET",
						"header": [
							{
								"key": "Accept",
								"value": "application/json"
							},
							{
								"key": "Content-Type",
								"value": "application/json"
							}
						],
						"url": {
							"raw": "{{Risk_Management}}partyRoleProductOfferingRiskAssessment?fields=id",
							"host": [
								"{{Risk_Management}}partyRoleProductOfferingRiskAssessment"
							],
							"query": [
								{
									"key": "fields",
									"value": "id"
								}
							]
						},
						"description": "This operation filter a PartyRoleProductOfferingRiskAssessment"
					},
					"response": []
				},
				{
					"name": "/PartyRoleProductOfferingRiskAssessment?id={{IDPRPORA01}}",
					"event": [
						{
							"listen": "test",
							"script": {
								"exec": [
									"pm.test(\"Status code is 200\", function () {",
									"    pm.response.to.have.status(200);",
									"});",
									"  ",
									"  ",
									"  ",
									"var jsonData = pm.response.json();",
									"  ",
									"if (Array.isArray(jsonData) && (jsonData.length > 0)) {",
									"    jsonData.forEach(function (instance, index) {",
									"      ",
									"        var requiredAttributes = ['partyRole', 'productOffering', 'href', 'id', 'partyRole', 'productOffering', 'riskAssessmentResult', 'status'];",
									"      ",
									"        pm.test('Instance has all mandatory attributes', function () { pm.expect(Object.keys(instance)).to.include.members(requiredAttributes) });",
									"      ",
									"      ",
									"      ",
									"        pm.test('Response has href attribute', function() { pm.expect(instance[\"href\"]).to.be.a('string'); });",
									"        pm.test('Response has id attribute', function() { pm.expect(instance[\"id\"]).to.be.a('string'); });",
									"        pm.test('Response has status attribute', function() { pm.expect(instance[\"status\"]).to.be.a('string'); });",
									"      ",
									"        pm.test('Body includes value held on href', function () {",
									"            pm.expect(pm.response.text()).to.include(instance['href']);",
									"        });",
									"        pm.test('Body includes value held on id', function () {",
									"            pm.expect(pm.response.text()).to.include(instance['id']);",
									"        });",
									"        pm.test('Body includes value held on status', function () {",
									"            pm.expect(pm.response.text()).to.include(instance['status']);",
									"        });",
									"        // Individualized tests",
									"        if (instance.id == pm.globals.get(\"IDPRPORA01\")) {",
									"            pm.test('href is ' + pm.globals.get(\"HREFPRPORA01\"), function() {pm.expect(instance['href']) == pm.globals.get('HREFPRPORA01');});",
									"            pm.test('id is ' + pm.globals.get(\"IDPRPORA01\"), function() {pm.expect(instance['id']) == pm.globals.get('IDPRPORA01');});",
									"            pm.test('status is ' + pm.globals.get(\"STATUSPRPORA01\"), function() {pm.expect(instance['status']) == pm.globals.get('STATUSPRPORA01');});",
									"        }",
									"        if (instance.id == pm.globals.get(\"IDPRPORA02\")) {",
									"            pm.test('IDPRPORA02 not expected on this test', function () {",
									"                console.log(\"Non expected resource, may happen if there is a collision on attributes\")",
									"            });",
									"        }",
									"          ",
									"    });",
									"  }",
									"  else {",
									"    var instance = pm.response.json();",
									"    var requiredAttributes = ['partyRole', 'productOffering', 'href', 'id', 'partyRole', 'productOffering', 'riskAssessmentResult', 'status'];",
									"      ",
									"        pm.test('Instance has all mandatory attributes', function () { pm.expect(Object.keys(instance)).to.include.members(requiredAttributes) });",
									"      ",
									"      ",
									"      ",
									"        pm.test('Response has href attribute', function() { pm.expect(instance[\"href\"]).to.be.a('string'); });",
									"        pm.test('Response has id attribute', function() { pm.expect(instance[\"id\"]).to.be.a('string'); });",
									"        pm.test('Response has status attribute', function() { pm.expect(instance[\"status\"]).to.be.a('string'); });",
									"      ",
									"        pm.test('Body includes value held on href', function () {",
									"            pm.expect(pm.response.text()).to.include(instance['href']);",
									"        });",
									"        pm.test('Body includes value held on id', function () {",
									"            pm.expect(pm.response.text()).to.include(instance['id']);",
									"        });",
									"        pm.test('Body includes value held on status', function () {",
									"            pm.expect(pm.response.text()).to.include(instance['status']);",
									"        });",
									"        // Individualized tests",
									"        if (instance.id == pm.globals.get(\"IDPRPORA01\")) {",
									"            pm.test('href is ' + pm.globals.get(\"HREFPRPORA01\"), function() {pm.expect(instance['href']) == pm.globals.get('HREFPRPORA01');});",
									"            pm.test('id is ' + pm.globals.get(\"IDPRPORA01\"), function() {pm.expect(instance['id']) == pm.globals.get('IDPRPORA01');});",
									"            pm.test('status is ' + pm.globals.get(\"STATUSPRPORA01\"), function() {pm.expect(instance['status']) == pm.globals.get('STATUSPRPORA01');});",
									"        }",
									"        if (instance.id == pm.globals.get(\"IDPRPORA02\")) {",
									"            pm.test('IDPRPORA02 not expected on this test', function () {",
									"                console.log(\"Non expected resource, may happen if there is a collision on attributes\")",
									"            });",
									"        }",
									"",
									"        ",
									"   ",
									"}",
									"  ",
									"  "
								],
								"type": "text/javascript"
							}
						}
					],
					"request": {
						"method": "GET",
						"header": [
							{
								"key": "Accept",
								"value": "application/json"
							},
							{
								"key": "Content-Type",
								"value": "application/json"
							}
						],
						"url": {
							"raw": "{{Risk_Management}}partyRoleProductOfferingRiskAssessment?id={{IDPRPORA01}}",
							"host": [
								"{{Risk_Management}}partyRoleProductOfferingRiskAssessment"
							],
							"query": [
								{
									"key": "id",
									"value": "{{IDPRPORA01}}"
								}
							]
						},
						"description": "This operation filter a PartyRoleProductOfferingRiskAssessment"
					},
					"response": []
				},
				{
					"name": "/PartyRoleProductOfferingRiskAssessment?fields=status",
					"event": [
						{
							"listen": "test",
							"script": {
								"exec": [
									"pm.test(\"Status code is 200\", function () {",
									"    pm.response.to.have.status(200);",
									"});",
									"var jsonData = pm.response.json();",
									"  ",
									"if (Array.isArray(jsonData) && (jsonData.length > 0)) {",
									"    jsonData.forEach(function (instance, index) {",
									"      ",
									"        var requiredAttributes = ['status','href', 'id'];",
									"      ",
									"        pm.test('Instance must have id, href and filtered attribute', function () { pm.expect(Object.keys(instance)).to.include.members(requiredAttributes)});",
									"        pm.test('Instance has only id, href and filtered attribute', function () { pm.expect(requiredAttributes).to.include.members(Object.keys(instance))});",
									"    });",
									"",
									"    ",
									"}",
									"else { ",
									"  ",
									"    pm.test('Array expected as response', function (){pm.expect.fail()});",
									"  ",
									"",
									"}"
								],
								"type": "text/javascript"
							}
						}
					],
					"request": {
						"method": "GET",
						"header": [
							{
								"key": "Accept",
								"value": "application/json"
							},
							{
								"key": "Content-Type",
								"value": "application/json"
							}
						],
						"url": {
							"raw": "{{Risk_Management}}partyRoleProductOfferingRiskAssessment?fields=status",
							"host": [
								"{{Risk_Management}}partyRoleProductOfferingRiskAssessment"
							],
							"query": [
								{
									"key": "fields",
									"value": "status"
								}
							]
						},
						"description": "This operation filter a PartyRoleProductOfferingRiskAssessment"
					},
					"response": []
				},
				{
					"name": "/PartyRoleProductOfferingRiskAssessment?status={{STATUSPRPORA01}}",
					"event": [
						{
							"listen": "test",
							"script": {
								"exec": [
									"pm.test(\"Status code is 200\", function () {",
									"    pm.response.to.have.status(200);",
									"});",
									"  ",
									"  ",
									"  ",
									"var jsonData = pm.response.json();",
									"  ",
									"if (Array.isArray(jsonData) && (jsonData.length > 0)) {",
									"    jsonData.forEach(function (instance, index) {",
									"      ",
									"        var requiredAttributes = ['partyRole', 'productOffering', 'href', 'id', 'partyRole', 'productOffering', 'riskAssessmentResult', 'status'];",
									"      ",
									"        pm.test('Instance has all mandatory attributes', function () { pm.expect(Object.keys(instance)).to.include.members(requiredAttributes) });",
									"      ",
									"      ",
									"      ",
									"        pm.test('Response has href attribute', function() { pm.expect(instance[\"href\"]).to.be.a('string'); });",
									"        pm.test('Response has id attribute', function() { pm.expect(instance[\"id\"]).to.be.a('string'); });",
									"        pm.test('Response has status attribute', function() { pm.expect(instance[\"status\"]).to.be.a('string'); });",
									"      ",
									"        pm.test('Body includes value held on href', function () {",
									"            pm.expect(pm.response.text()).to.include(instance['href']);",
									"        });",
									"        pm.test('Body includes value held on id', function () {",
									"            pm.expect(pm.response.text()).to.include(instance['id']);",
									"        });",
									"        pm.test('Body includes value held on status', function () {",
									"            pm.expect(pm.response.text()).to.include(instance['status']);",
									"        });",
									"        // Individualized tests",
									"        if (instance.id == pm.globals.get(\"IDPRPORA01\")) {",
									"            pm.test('href is ' + pm.globals.get(\"HREFPRPORA01\"), function() {pm.expect(instance['href']) == pm.globals.get('HREFPRPORA01');});",
									"            pm.test('id is ' + pm.globals.get(\"IDPRPORA01\"), function() {pm.expect(instance['id']) == pm.globals.get('IDPRPORA01');});",
									"            pm.test('status is ' + pm.globals.get(\"STATUSPRPORA01\"), function() {pm.expect(instance['status']) == pm.globals.get('STATUSPRPORA01');});",
									"        }",
									"        if (instance.id == pm.globals.get(\"IDPRPORA02\")) {",
									"            pm.test('IDPRPORA02 not expected on this test', function () {",
									"                console.log(\"Non expected resource, may happen if there is a collision on attributes\")",
									"            });",
									"        }",
									"          ",
									"    });",
									"  }",
									"  else {",
									"    var instance = pm.response.json();",
									"    var requiredAttributes = ['partyRole', 'productOffering', 'href', 'id', 'partyRole', 'productOffering', 'riskAssessmentResult', 'status'];",
									"      ",
									"        pm.test('Instance has all mandatory attributes', function () { pm.expect(Object.keys(instance)).to.include.members(requiredAttributes) });",
									"      ",
									"      ",
									"      ",
									"        pm.test('Response has href attribute', function() { pm.expect(instance[\"href\"]).to.be.a('string'); });",
									"        pm.test('Response has id attribute', function() { pm.expect(instance[\"id\"]).to.be.a('string'); });",
									"        pm.test('Response has status attribute', function() { pm.expect(instance[\"status\"]).to.be.a('string'); });",
									"      ",
									"        pm.test('Body includes value held on href', function () {",
									"            pm.expect(pm.response.text()).to.include(instance['href']);",
									"        });",
									"        pm.test('Body includes value held on id', function () {",
									"            pm.expect(pm.response.text()).to.include(instance['id']);",
									"        });",
									"        pm.test('Body includes value held on status', function () {",
									"            pm.expect(pm.response.text()).to.include(instance['status']);",
									"        });",
									"        // Individualized tests",
									"        if (instance.id == pm.globals.get(\"IDPRPORA01\")) {",
									"            pm.test('href is ' + pm.globals.get(\"HREFPRPORA01\"), function() {pm.expect(instance['href']) == pm.globals.get('HREFPRPORA01');});",
									"            pm.test('id is ' + pm.globals.get(\"IDPRPORA01\"), function() {pm.expect(instance['id']) == pm.globals.get('IDPRPORA01');});",
									"            pm.test('status is ' + pm.globals.get(\"STATUSPRPORA01\"), function() {pm.expect(instance['status']) == pm.globals.get('STATUSPRPORA01');});",
									"        }",
									"        if (instance.id == pm.globals.get(\"IDPRPORA02\")) {",
									"            pm.test('IDPRPORA02 not expected on this test', function () {",
									"                console.log(\"Non expected resource, may happen if there is a collision on attributes\")",
									"            });",
									"        }",
									"",
									"        ",
									"   ",
									"}",
									"  ",
									"  "
								],
								"type": "text/javascript"
							}
						}
					],
					"request": {
						"method": "GET",
						"header": [
							{
								"key": "Accept",
								"value": "application/json"
							},
							{
								"key": "Content-Type",
								"value": "application/json"
							}
						],
						"url": {
							"raw": "{{Risk_Management}}partyRoleProductOfferingRiskAssessment?status={{STATUSPRPORA01}}",
							"host": [
								"{{Risk_Management}}partyRoleProductOfferingRiskAssessment"
							],
							"query": [
								{
									"key": "status",
									"value": "{{STATUSPRPORA01}}"
								}
							]
						},
						"description": "This operation filter a PartyRoleProductOfferingRiskAssessment"
					},
					"response": []
				}
			]
		},
		{
			"name": "E1",
			"item": [
				{
					"name": "/PartyRoleProductOfferingRiskAssessment/404ID",
					"event": [
						{
							"listen": "test",
							"script": {
								"exec": [
									"pm.test(\"Status code is 404\", function () {",
									"    pm.response.to.have.status(404);",
									"});",
									"",
									""
								],
								"type": "text/javascript"
							}
						}
					],
					"request": {
						"method": "GET",
						"header": [
							{
								"key": "Accept",
								"value": "application/json"
							},
							{
								"key": "Content-Type",
								"value": "application/json"
							}
						],
						"url": {
							"raw": "{{Risk_Management}}PartyRoleProductOfferingRiskAssessment/36c6b0e7-4d49-4032-aca1-8d1c5d67d2b0",
							"host": [
								"{{Risk_Management}}PartyRoleProductOfferingRiskAssessment"
							],
							"path": [
								"36c6b0e7-4d49-4032-aca1-8d1c5d67d2b0"
							]
						},
						"description": "This operation search for one of the created PartyRoleProductOfferingRiskAssessment"
					},
					"response": []
				}
			]
		}
	]
}