{
  "$schema": "http://json-schema.org/schema#",
  "type": "object",
  "properties": {
    "name": {
      "type": "string"
    },
    "@type": {
      "type": "string"
    },
    "cardNumber": {
      "type": "string"
    },
    "brand": {
      "type": "string"
    },
    "expirationDate": {
      "type": "string"
    },
    "lastFourDigits": {
      "type": "string"
    }
  },
  "required": [
    "@type",
    "brand",
    "cardNumber",
    "expirationDate",
    "lastFourDigits",
    "name"
  ]
}
