{
  "$schema": "http://json-schema.org/schema#",
  "type": "object",
  "properties": {
    "name": {
      "type": "string"
    },
    "@type": {
      "type": "string"
    },
    "checkId": {
      "type": "string"
    },
    "drawer": {
      "type": "string"
    },
    "payee": {
      "type": "string"
    },
    "signedDate": {
      "type": "string"
    },
    "bank": {
      "type": "string"
    }
  },
  "required": [
    "@type",
    "bank",
    "checkId",
    "drawer",
    "name",
    "payee",
    "signedDate"
  ]
}
