{"id":"da32588a-3916-4d78-a546-7623e391f650","name":"TMForumv4","values":[{"key":"PaymentMethod","value":"http://localhost:8670/tmf-api/paymentMethod/v4/","enabled":true},{"key":"payloads","value":"[{\"name\":\"HSV\",\"@type\":\"BankAccountDebit\",\"accountNumber\":\"KW81CBKU0000000000001234560101\",\"owner\":\"HSV\",\"bank\":\"AIB\"},{\"name\":\"transfer\",\"@type\":\"BankAccountTransfer\",\"accountNumber\":\"AL47 2121 1009 0000 0002 3569 87411\",\"owner\":\"HSV\",\"bank\":\"HSBC\"},{\"name\":\"Card\",\"@type\":\"BankCard\",\"cardNumber\":\"1234 1234 1234 1234\",\"brand\":\"Visa\",\"expirationDate\":\"2021-11-12T17:42:04.317Z\",\"nameOnCard\":\"HSV\"},{\"name\":\"check\",\"@type\":\"Check\",\"checkId\":\"123\",\"drawer\":\"Entity\",\"payee\":\"Entity\",\"signedDate\":\"2021-11-12T17:42:04.317Z\",\"bank\":\"HSBC\"},{\"name\":\"Wallet\",\"@type\":\"DigitalWallet\",\"service\":\"Bitcoin\",\"walletId\":\"123123\",\"walletUrl\":\"{rooturl}\"}]","enabled":true},{"key":"test_index","value":0,"enabled":true}],"_postman_variable_scope":"environment","_postman_exported_at":"2020-07-07T14:17:10.805Z","_postman_exported_using":"Postman/7.27.1"}