{"info":{"_postman_id":"658923b0-681c-45fc-aac7-471256bd0875","name":"CTK-Intent-4.0.2","schema":"https://schema.getpostman.com/json/collection/v2.1.0/collection.json","_exporter_id":"4534406"},"item":[{"name":"N1","item":[{"name":"/Intent","event":[{"listen":"test","script":{"exec":["var jsonData = pm.response.json();","","if (Array.isArray(jsonData)) { ","  ","    pm.test('Array not expected as response', function (){pm.expect.fail()});","  ","","}","","pm.test(\"Status code is 201\", function () {","  pm.response.to.have.status(201);","});","","var instance = pm.response.json();","var requiredAttributes = ['creationDate', 'expression', 'lastUpdate', 'lifecycleStatus', 'name'];","","pm.test('Instance has all mandatory attributes', function () { pm.expect(Object.keys(instance)).to.include.members(requiredAttributes) });","","","","pm.test('Response has creationDate attribute', function() { pm.expect(instance[\"creationDate\"]).to.be.a('string'); });","pm.test('Response has lastUpdate attribute', function() { pm.expect(instance[\"lastUpdate\"]).to.be.a('string'); });","pm.test('Response has lifecycleStatus attribute', function() { pm.expect(instance[\"lifecycleStatus\"]).to.be.a('string'); });","pm.test('Response has name attribute', function() { pm.expect(instance[\"name\"]).to.be.a('string'); });","","","pm.globals.set('IDIN01', instance['id']);","pm.globals.set('CREATIONDATEIN01', instance['creationDate']);","pm.globals.set('LASTUPDATEIN01', instance['lastUpdate']);","pm.globals.set('LIFECYCLESTATUSIN01', instance['lifecycleStatus']);","pm.globals.set('NAMEIN01', instance['name']);","","pm.test('Body includes value held on creationDate', function () {","  pm.expect(pm.response.text()).to.include(instance['creationDate']);","});","pm.test('Body includes value held on lastUpdate', function () {","  pm.expect(pm.response.text()).to.include(instance['lastUpdate']);","});","pm.test('Body includes value held on lifecycleStatus', function () {","  pm.expect(pm.response.text()).to.include(instance['lifecycleStatus']);","});","pm.test('Body includes value held on name', function () {","  pm.expect(pm.response.text()).to.include(instance['name']);","});",""],"type":"text/javascript"}}],"request":{"method":"POST","header":[{"key":"Accept","value":"application/json"},{"key":"Content-Type","value":"application/json"}],"body":{"mode":"raw","raw":"{\n  \"expression\": {\n    \"expressionLanguage\": \"RDF-XML\",\n    \"iri\": \"https://mycsp.com:8080/tmf-api/rdfs/expression-example-1\",\n    \"@baseType\": \"Expression\",\n    \"@schemaLocation\": \"https://mycsp.com:8080/tmf-api/schema/Common/RdxmlExpression.schema.json\",\n    \"@type\": \"RdxmlExpression\"\n  },\n  \"name\": \"IntentA\"\n}"},"url":{"raw":"{{Intent}}intent","host":["{{Intent}}intent"]},"description":"This operation creates a Intent"},"response":[]},{"name":"/Intent","event":[{"listen":"test","script":{"exec":["pm.test(\"Status code is 200\", function () {","    pm.response.to.have.status(200);","});","","","","var jsonData = pm.response.json();","","if (Array.isArray(jsonData) && (jsonData.length > 0)) {","    jsonData.forEach(function (instance, index) {","","        var requiredAttributes = ['creationDate', 'expression', 'lastUpdate', 'lifecycleStatus', 'name'];","","        pm.test('Instance has all mandatory attributes', function () { pm.expect(Object.keys(instance)).to.include.members(requiredAttributes) });","","","","        pm.test('Response has creationDate attribute', function () { pm.expect(instance[\"creationDate\"]).to.be.a('string'); });","        pm.test('Response has lastUpdate attribute', function () { pm.expect(instance[\"lastUpdate\"]).to.be.a('string'); });","        pm.test('Response has lifecycleStatus attribute', function () { pm.expect(instance[\"lifecycleStatus\"]).to.be.a('string'); });","        pm.test('Response has name attribute', function () { pm.expect(instance[\"name\"]).to.be.a('string'); });","","        pm.test('Body includes value held on creationDate', function () {","            pm.expect(pm.response.text()).to.include(instance['creationDate']);","        });","        pm.test('Body includes value held on lastUpdate', function () {","            pm.expect(pm.response.text()).to.include(instance['lastUpdate']);","        });","        pm.test('Body includes value held on lifecycleStatus', function () {","            pm.expect(pm.response.text()).to.include(instance['lifecycleStatus']);","        });","        pm.test('Body includes value held on name', function () {","            pm.expect(pm.response.text()).to.include(instance['name']);","        });","        // Individualized tests","        pm.test('creationDate is ' + pm.globals.get(\"CREATIONDATEIN01\"), function () { pm.expect(instance['creationDate']) == pm.globals.get('CREATIONDATEIN01'); });","        pm.test('lastUpdate is ' + pm.globals.get(\"LASTUPDATEIN01\"), function () { pm.expect(instance['lastUpdate']) == pm.globals.get('LASTUPDATEIN01'); });","        pm.test('lifecycleStatus is ' + pm.globals.get(\"LIFECYCLESTATUSIN01\"), function () { pm.expect(instance['lifecycleStatus']) == pm.globals.get('LIFECYCLESTATUSIN01'); });","        pm.test('name is ' + pm.globals.get(\"NAMEIN01\"), function () { pm.expect(instance['name']) == pm.globals.get('NAMEIN01'); });","","        pm.test('creationDate is ' + pm.globals.get(\"CREATIONDATEIN02\"), function () { pm.expect(instance['creationDate']) == pm.globals.get('CREATIONDATEIN02'); })","        pm.test('lastUpdate is ' + pm.globals.get(\"LASTUPDATEIN02\"), function () { pm.expect(instance['lastUpdate']) == pm.globals.get('LASTUPDATEIN02'); });","        pm.test('name is ' + pm.globals.get(\"NAMEIN02\"), function () { pm.expect(instance['name']) == pm.globals.get('NAMEIN02'); });","    });  ","","  }","else {","    var instance = pm.response.json();","    var requiredAttributes = ['creationDate', 'expression', 'lastUpdate', 'lifecycleStatus', 'name'];","","    pm.test('Instance has all mandatory attributes', function () { pm.expect(Object.keys(instance)).to.include.members(requiredAttributes) });","","","","    pm.test('Response has creationDate attribute', function () { pm.expect(instance[\"creationDate\"]).to.be.a('string'); });","    pm.test('Response has lastUpdate attribute', function () { pm.expect(instance[\"lastUpdate\"]).to.be.a('string'); });","    pm.test('Response has lifecycleStatus attribute', function () { pm.expect(instance[\"lifecycleStatus\"]).to.be.a('string'); });","    pm.test('Response has name attribute', function () { pm.expect(instance[\"name\"]).to.be.a('string'); });","","    pm.test('Body includes value held on creationDate', function () {","        pm.expect(pm.response.text()).to.include(instance['creationDate']);","    });","    pm.test('Body includes value held on lastUpdate', function () {","        pm.expect(pm.response.text()).to.include(instance['lastUpdate']);","    });","    pm.test('Body includes value held on lifecycleStatus', function () {","        pm.expect(pm.response.text()).to.include(instance['lifecycleStatus']);","    });","    pm.test('Body includes value held on name', function () {","        pm.expect(pm.response.text()).to.include(instance['name']);","    });","    // Individualized tests","    pm.test('creationDate is ' + pm.globals.get(\"CREATIONDATEIN01\"), function () { pm.expect(instance['creationDate']) == pm.globals.get('CREATIONDATEIN01'); });","    pm.test('lastUpdate is ' + pm.globals.get(\"LASTUPDATEIN01\"), function () { pm.expect(instance['lastUpdate']) == pm.globals.get('LASTUPDATEIN01'); });","    pm.test('lifecycleStatus is ' + pm.globals.get(\"LIFECYCLESTATUSIN01\"), function () { pm.expect(instance['lifecycleStatus']) == pm.globals.get('LIFECYCLESTATUSIN01'); });","    pm.test('name is ' + pm.globals.get(\"NAMEIN01\"), function () { pm.expect(instance['name']) == pm.globals.get('NAMEIN01'); });","}",""],"type":"text/javascript"}}],"request":{"method":"GET","header":[{"key":"Accept","value":"application/json"},{"key":"Content-Type","value":"application/json"}],"url":{"raw":"{{Intent}}intent","host":["{{Intent}}intent"]},"description":"This operation search for the created Intent"},"response":[]},{"name":"/Intent/{{IDIN01}}","event":[{"listen":"test","script":{"exec":["pm.test(\"Status code is 200\", function () {","    pm.response.to.have.status(200);","});","","","","var jsonData = pm.response.json();","","if (Array.isArray(jsonData) && (jsonData.length > 0)) {","    jsonData.forEach(function (instance, index) {","","        var requiredAttributes = ['creationDate', 'expression', 'lastUpdate', 'lifecycleStatus', 'name'];","","        pm.test('Instance has all mandatory attributes', function () { pm.expect(Object.keys(instance)).to.include.members(requiredAttributes) });","","","","        pm.test('Response has creationDate attribute', function () { pm.expect(instance[\"creationDate\"]).to.be.a('string'); });","        pm.test('Response has lastUpdate attribute', function () { pm.expect(instance[\"lastUpdate\"]).to.be.a('string'); });","        pm.test('Response has lifecycleStatus attribute', function () { pm.expect(instance[\"lifecycleStatus\"]).to.be.a('string'); });","        pm.test('Response has name attribute', function () { pm.expect(instance[\"name\"]).to.be.a('string'); });","","        pm.test('Body includes value held on creationDate', function () {","            pm.expect(pm.response.text()).to.include(instance['creationDate']);","        });","        pm.test('Body includes value held on lastUpdate', function () {","            pm.expect(pm.response.text()).to.include(instance['lastUpdate']);","        });","        pm.test('Body includes value held on lifecycleStatus', function () {","            pm.expect(pm.response.text()).to.include(instance['lifecycleStatus']);","        });","        pm.test('Body includes value held on name', function () {","            pm.expect(pm.response.text()).to.include(instance['name']);","        });","        // Individualized tests","        pm.test('creationDate is ' + pm.globals.get(\"CREATIONDATEIN01\"), function () { pm.expect(instance['creationDate']) == pm.globals.get('CREATIONDATEIN01'); });","        pm.test('lastUpdate is ' + pm.globals.get(\"LASTUPDATEIN01\"), function () { pm.expect(instance['lastUpdate']) == pm.globals.get('LASTUPDATEIN01'); });","        pm.test('lifecycleStatus is ' + pm.globals.get(\"LIFECYCLESTATUSIN01\"), function () { pm.expect(instance['lifecycleStatus']) == pm.globals.get('LIFECYCLESTATUSIN01'); });","        pm.test('name is ' + pm.globals.get(\"NAMEIN01\"), function () { pm.expect(instance['name']) == pm.globals.get('NAMEIN01'); });","    }","","    );","}","else {","    var instance = pm.response.json();","    var requiredAttributes = ['creationDate', 'expression', 'lastUpdate', 'lifecycleStatus', 'name'];","","    pm.test('Instance has all mandatory attributes', function () { pm.expect(Object.keys(instance)).to.include.members(requiredAttributes) });","","","","    pm.test('Response has creationDate attribute', function () { pm.expect(instance[\"creationDate\"]).to.be.a('string'); });","    pm.test('Response has lastUpdate attribute', function () { pm.expect(instance[\"lastUpdate\"]).to.be.a('string'); });","    pm.test('Response has lifecycleStatus attribute', function () { pm.expect(instance[\"lifecycleStatus\"]).to.be.a('string'); });","    pm.test('Response has name attribute', function () { pm.expect(instance[\"name\"]).to.be.a('string'); });","","    pm.test('Body includes value held on creationDate', function () {","        pm.expect(pm.response.text()).to.include(instance['creationDate']);","    });","    pm.test('Body includes value held on lastUpdate', function () {","        pm.expect(pm.response.text()).to.include(instance['lastUpdate']);","    });","    pm.test('Body includes value held on lifecycleStatus', function () {","        pm.expect(pm.response.text()).to.include(instance['lifecycleStatus']);","    });","    pm.test('Body includes value held on name', function () {","        pm.expect(pm.response.text()).to.include(instance['name']);","    });","    // Individualized tests","    pm.test('creationDate is ' + pm.globals.get(\"CREATIONDATEIN01\"), function () { pm.expect(instance['creationDate']) == pm.globals.get('CREATIONDATEIN01'); });","    pm.test('lastUpdate is ' + pm.globals.get(\"LASTUPDATEIN01\"), function () { pm.expect(instance['lastUpdate']) == pm.globals.get('LASTUPDATEIN01'); });","    pm.test('lifecycleStatus is ' + pm.globals.get(\"LIFECYCLESTATUSIN01\"), function () { pm.expect(instance['lifecycleStatus']) == pm.globals.get('LIFECYCLESTATUSIN01'); });","    pm.test('name is ' + pm.globals.get(\"NAMEIN01\"), function () { pm.expect(instance['name']) == pm.globals.get('NAMEIN01'); });","}","","","","","",""],"type":"text/javascript"}}],"request":{"method":"GET","header":[{"key":"Accept","value":"application/json"},{"key":"Content-Type","value":"application/json"}],"url":{"raw":"{{Intent}}intent/{{IDIN01}}","host":["{{Intent}}intent"],"path":["{{IDIN01}}"]},"description":"This operation search for one of the created Intent"},"response":[]}]},{"name":"N2","item":[{"name":"/Intent?fields=creationDate","event":[{"listen":"test","script":{"exec":[""],"type":"text/javascript"}}],"request":{"method":"GET","header":[{"key":"Accept","value":"application/json"},{"key":"Content-Type","value":"application/json"}],"url":{"raw":"{{Intent}}intent?fields=creationDate","host":["{{Intent}}intent"],"query":[{"key":"fields","value":"creationDate"}]},"description":"This operation filter a Intent"},"response":[]},{"name":"/Intent?fields=lastUpdate","event":[{"listen":"test","script":{"exec":[""],"type":"text/javascript"}}],"request":{"method":"GET","header":[{"key":"Accept","value":"application/json"},{"key":"Content-Type","value":"application/json"}],"url":{"raw":"{{Intent}}intent?fields=lastUpdate","host":["{{Intent}}intent"],"query":[{"key":"fields","value":"lastUpdate"}]},"description":"This operation filter a Intent"},"response":[]},{"name":"/Intent?fields=lifecycleStatus","event":[{"listen":"test","script":{"exec":[""],"type":"text/javascript"}}],"request":{"method":"GET","header":[{"key":"Accept","value":"application/json"},{"key":"Content-Type","value":"application/json"}],"url":{"raw":"{{Intent}}intent?fields=lifecycleStatus","host":["{{Intent}}intent"],"query":[{"key":"fields","value":"lifecycleStatus"}]},"description":"This operation filter a Intent"},"response":[]},{"name":"/Intent?lifecycleStatus={{LIFECYCLESTATUSIN01}}","event":[{"listen":"test","script":{"exec":["pm.test(\"Status code is 200\", function () {","    pm.response.to.have.status(200);","});","","","","var jsonData = pm.response.json();","","if (Array.isArray(jsonData) && (jsonData.length > 0)) {","    jsonData.forEach(function (instance, index) {","","        var requiredAttributes = ['creationDate', 'expression', 'lastUpdate', 'lifecycleStatus', 'name'];","","        pm.test('Instance has all mandatory attributes', function () { pm.expect(Object.keys(instance)).to.include.members(requiredAttributes) });","","","","        pm.test('Response has creationDate attribute', function () { pm.expect(instance[\"creationDate\"]).to.be.a('string'); });","        pm.test('Response has lastUpdate attribute', function () { pm.expect(instance[\"lastUpdate\"]).to.be.a('string'); });","        pm.test('Response has lifecycleStatus attribute', function () { pm.expect(instance[\"lifecycleStatus\"]).to.be.a('string'); });","        pm.test('Response has name attribute', function () { pm.expect(instance[\"name\"]).to.be.a('string'); });","","        pm.test('Body includes value held on creationDate', function () {","            pm.expect(pm.response.text()).to.include(instance['creationDate']);","        });","        pm.test('Body includes value held on lastUpdate', function () {","            pm.expect(pm.response.text()).to.include(instance['lastUpdate']);","        });","        pm.test('Body includes value held on lifecycleStatus', function () {","            pm.expect(pm.response.text()).to.include(instance['lifecycleStatus']);","        });","        pm.test('Body includes value held on name', function () {","            pm.expect(pm.response.text()).to.include(instance['name']);","        });","        // Individualized tests","        pm.test('creationDate is ' + pm.globals.get(\"CREATIONDATEIN01\"), function () { pm.expect(instance['creationDate']) == pm.globals.get('CREATIONDATEIN01'); });","        pm.test('lastUpdate is ' + pm.globals.get(\"LASTUPDATEIN01\"), function () { pm.expect(instance['lastUpdate']) == pm.globals.get('LASTUPDATEIN01'); });","        pm.test('lifecycleStatus is ' + pm.globals.get(\"LIFECYCLESTATUSIN01\"), function () { pm.expect(instance['lifecycleStatus']) == pm.globals.get('LIFECYCLESTATUSIN01'); });","        pm.test('name is ' + pm.globals.get(\"NAMEIN01\"), function () { pm.expect(instance['name']) == pm.globals.get('NAMEIN01'); });","    }","","    );","}","else {","    var instance = pm.response.json();","    var requiredAttributes = ['creationDate', 'expression', 'lastUpdate', 'lifecycleStatus', 'name'];","","    pm.test('Instance has all mandatory attributes', function () { pm.expect(Object.keys(instance)).to.include.members(requiredAttributes) });","","","","    pm.test('Response has creationDate attribute', function () { pm.expect(instance[\"creationDate\"]).to.be.a('string'); });","    pm.test('Response has lastUpdate attribute', function () { pm.expect(instance[\"lastUpdate\"]).to.be.a('string'); });","    pm.test('Response has lifecycleStatus attribute', function () { pm.expect(instance[\"lifecycleStatus\"]).to.be.a('string'); });","    pm.test('Response has name attribute', function () { pm.expect(instance[\"name\"]).to.be.a('string'); });","","    pm.test('Body includes value held on creationDate', function () {","        pm.expect(pm.response.text()).to.include(instance['creationDate']);","    });","    pm.test('Body includes value held on lastUpdate', function () {","        pm.expect(pm.response.text()).to.include(instance['lastUpdate']);","    });","    pm.test('Body includes value held on lifecycleStatus', function () {","        pm.expect(pm.response.text()).to.include(instance['lifecycleStatus']);","    });","    pm.test('Body includes value held on name', function () {","        pm.expect(pm.response.text()).to.include(instance['name']);","    });","    // Individualized tests","    pm.test('creationDate is ' + pm.globals.get(\"CREATIONDATEIN01\"), function () { pm.expect(instance['creationDate']) == pm.globals.get('CREATIONDATEIN01'); });","    pm.test('lastUpdate is ' + pm.globals.get(\"LASTUPDATEIN01\"), function () { pm.expect(instance['lastUpdate']) == pm.globals.get('LASTUPDATEIN01'); });","    pm.test('lifecycleStatus is ' + pm.globals.get(\"LIFECYCLESTATUSIN01\"), function () { pm.expect(instance['lifecycleStatus']) == pm.globals.get('LIFECYCLESTATUSIN01'); });","    pm.test('name is ' + pm.globals.get(\"NAMEIN01\"), function () { pm.expect(instance['name']) == pm.globals.get('NAMEIN01'); });","}","","","","","",""],"type":"text/javascript"}}],"request":{"method":"GET","header":[{"key":"Accept","value":"application/json"},{"key":"Content-Type","value":"application/json"}],"url":{"raw":"{{Intent}}intent?lifecycleStatus={{LIFECYCLESTATUSIN01}}","host":["{{Intent}}intent"],"query":[{"key":"lifecycleStatus","value":"{{LIFECYCLESTATUSIN01}}"}]},"description":"This operation filter a Intent"},"response":[]},{"name":"/Intent?fields=name","event":[{"listen":"test","script":{"exec":[""],"type":"text/javascript"}}],"request":{"method":"GET","header":[{"key":"Accept","value":"application/json"},{"key":"Content-Type","value":"application/json"}],"url":{"raw":"{{Intent}}intent?fields=name","host":["{{Intent}}intent"],"query":[{"key":"fields","value":"name"}]},"description":"This operation filter a Intent"},"response":[]},{"name":"/Intent?name={{NAMEIN01}}","event":[{"listen":"test","script":{"exec":["pm.test(\"Status code is 200\", function () {","    pm.response.to.have.status(200);","});","","","","var jsonData = pm.response.json();","","if (Array.isArray(jsonData) && (jsonData.length > 0)) {","    jsonData.forEach(function (instance, index) {","","        var requiredAttributes = ['creationDate', 'expression', 'lastUpdate', 'lifecycleStatus', 'name'];","","        pm.test('Instance has all mandatory attributes', function () { pm.expect(Object.keys(instance)).to.include.members(requiredAttributes) });","","","","        pm.test('Response has creationDate attribute', function () { pm.expect(instance[\"creationDate\"]).to.be.a('string'); });","        pm.test('Response has lastUpdate attribute', function () { pm.expect(instance[\"lastUpdate\"]).to.be.a('string'); });","        pm.test('Response has lifecycleStatus attribute', function () { pm.expect(instance[\"lifecycleStatus\"]).to.be.a('string'); });","        pm.test('Response has name attribute', function () { pm.expect(instance[\"name\"]).to.be.a('string'); });","","        pm.test('Body includes value held on creationDate', function () {","            pm.expect(pm.response.text()).to.include(instance['creationDate']);","        });","        pm.test('Body includes value held on lastUpdate', function () {","            pm.expect(pm.response.text()).to.include(instance['lastUpdate']);","        });","        pm.test('Body includes value held on lifecycleStatus', function () {","            pm.expect(pm.response.text()).to.include(instance['lifecycleStatus']);","        });","        pm.test('Body includes value held on name', function () {","            pm.expect(pm.response.text()).to.include(instance['name']);","        });","        // Individualized tests","        pm.test('creationDate is ' + pm.globals.get(\"CREATIONDATEIN01\"), function () { pm.expect(instance['creationDate']) == pm.globals.get('CREATIONDATEIN01'); });","        pm.test('lastUpdate is ' + pm.globals.get(\"LASTUPDATEIN01\"), function () { pm.expect(instance['lastUpdate']) == pm.globals.get('LASTUPDATEIN01'); });","        pm.test('lifecycleStatus is ' + pm.globals.get(\"LIFECYCLESTATUSIN01\"), function () { pm.expect(instance['lifecycleStatus']) == pm.globals.get('LIFECYCLESTATUSIN01'); });","        pm.test('name is ' + pm.globals.get(\"NAMEIN01\"), function () { pm.expect(instance['name']) == pm.globals.get('NAMEIN01'); });","    }","","    );","}","else {","    var instance = pm.response.json();","    var requiredAttributes = ['creationDate', 'expression', 'lastUpdate', 'lifecycleStatus', 'name'];","","    pm.test('Instance has all mandatory attributes', function () { pm.expect(Object.keys(instance)).to.include.members(requiredAttributes) });","","","","    pm.test('Response has creationDate attribute', function () { pm.expect(instance[\"creationDate\"]).to.be.a('string'); });","    pm.test('Response has lastUpdate attribute', function () { pm.expect(instance[\"lastUpdate\"]).to.be.a('string'); });","    pm.test('Response has lifecycleStatus attribute', function () { pm.expect(instance[\"lifecycleStatus\"]).to.be.a('string'); });","    pm.test('Response has name attribute', function () { pm.expect(instance[\"name\"]).to.be.a('string'); });","","    pm.test('Body includes value held on creationDate', function () {","        pm.expect(pm.response.text()).to.include(instance['creationDate']);","    });","    pm.test('Body includes value held on lastUpdate', function () {","        pm.expect(pm.response.text()).to.include(instance['lastUpdate']);","    });","    pm.test('Body includes value held on lifecycleStatus', function () {","        pm.expect(pm.response.text()).to.include(instance['lifecycleStatus']);","    });","    pm.test('Body includes value held on name', function () {","        pm.expect(pm.response.text()).to.include(instance['name']);","    });","    // Individualized tests","    pm.test('creationDate is ' + pm.globals.get(\"CREATIONDATEIN01\"), function () { pm.expect(instance['creationDate']) == pm.globals.get('CREATIONDATEIN01'); });","    pm.test('lastUpdate is ' + pm.globals.get(\"LASTUPDATEIN01\"), function () { pm.expect(instance['lastUpdate']) == pm.globals.get('LASTUPDATEIN01'); });","    pm.test('lifecycleStatus is ' + pm.globals.get(\"LIFECYCLESTATUSIN01\"), function () { pm.expect(instance['lifecycleStatus']) == pm.globals.get('LIFECYCLESTATUSIN01'); });","    pm.test('name is ' + pm.globals.get(\"NAMEIN01\"), function () { pm.expect(instance['name']) == pm.globals.get('NAMEIN01'); });","}","","","","","",""],"type":"text/javascript"}}],"request":{"method":"GET","header":[{"key":"Accept","value":"application/json"},{"key":"Content-Type","value":"application/json"}],"url":{"raw":"{{Intent}}intent?name={{NAMEIN01}}","host":["{{Intent}}intent"],"query":[{"key":"name","value":"{{NAMEIN01}}"}]},"description":"This operation filter a Intent"},"response":[]}]},{"name":"E1","item":[{"name":"/Intent/404ID","event":[{"listen":"test","script":{"exec":["pm.test(\"Status code is 404\", function () {","    pm.response.to.have.status(404);","});","",""],"type":"text/javascript"}}],"request":{"method":"GET","header":[{"key":"Accept","value":"application/json"},{"key":"Content-Type","value":"application/json"}],"url":{"raw":"{{Intent}}Intent/55e6fa94-c36a-4cf0-ab70-e2c677f8489a","host":["{{Intent}}Intent"],"path":["55e6fa94-c36a-4cf0-ab70-e2c677f8489a"]},"description":"This operation search for one of the created Intent"},"response":[]}]}]}