{
  "testEnvironmentProvisioningExecution": {
      "testEnvironmentAllocationExecution": {
          "resourceManagerUrl": "https://myserver.com/resourceManager",
          "id": "641d123123-aadbcc1-40bc-90f7-6892a4f123123a",
          "href": "http://localhost:8708/tmf-api/testExecution/v4/testEnvironmentAllocationExecution/641d123123-aadbcc1-40bc-90f7-6892a4f123123a"
      },
      "id": "641d7aab-aadb-40bc-90f7-6892a4f6385c",
      "href": "http://localhost:8708/tmf-api/testExecution/v4/nonFunctionalTestExecution/641d7aab-aadb-40bc-90f7-6892a4f6385c"
  }
}