{"$schema": "http://json-schema.org/schema#", "type": "object", "properties": {"testEnvironmentProvisioningExecution": {"type": "object", "properties": {"testEnvironmentAllocationExecution": {"type": "object", "properties": {"resourceManagerUrl": {"type": "string"}, "id": {"type": "string"}, "href": {"type": "string"}}, "required": ["href", "id", "resourceManagerUrl"]}, "id": {"type": "string"}, "href": {"type": "string"}}, "required": ["href", "id", "testEnvironmentAllocationExecution"]}}, "required": ["testEnvironmentProvisioningExecution"]}
