{
  "testEnvironmentProvisioningExecution": {
      "testEnvironmentAllocationExecution": {
          "resourceManagerUrl": "https://myserver.com/resourceManager",
          "href": "http://localhost:8708/tmf-api/testExecution/v4/testEnvironmentAllocationExecution/b6723-19-4f46-8485-6b5b492222313",
          "id": "b6723-19-4f46-8485-6b5b492222313"
      },
      "href": "http://localhost:8708/tmf-api/testExecution/v4/testSuiteExecution/b6723bf4-19c8-4f46-8485-6b5b49288222",
      "id": "b6723bf4-19c8-4f46-8485-6b5b49288222"
  }
}