{
  "$schema": "http://json-schema.org/schema#",
  "type": "object",
  "properties": {
    "dataCorrelationId": {
      "type": "string"
    },
    "nonFunctionalTestModel": {
      "type": "object",
      "properties": {
        "id": {
          "type": "string"
        }
      },
      "required": [
        "id"
      ]
    },
    "testEnvironmentProvisioningExecution": {
      "type": "object",
      "properties": {
        "dataCorrelationId": {
          "type": "string"
        },
        "TestEnvironmentAllocationExecution": {
          "type": "object",
          "properties": {
            "testScenario": {
              "type": "object",
              "properties": {
                "id": {
                  "type": "string"
                }
              },
              "required": [
                "id"
              ]
            },
            "dataCorrelationId": {
              "type": "string"
            },
            "resourceManagerUrl": {
              "type": "string"
            }
          },
          "required": [
            "dataCorrelationId",
            "resourceManagerUrl",
            "testScenario"
          ]
        }
      },
      "required": [
        "TestEnvironmentAllocationExecution",
        "dataCorrelationId"
      ]
    }
  },
  "required": [
    "dataCorrelationId",
    "nonFunctionalTestModel",
    "testEnvironmentProvisioningExecution"
  ]
}
