{
  "testEnvironmentProvisioningExecution": {
      "testEnvironmentAllocationExecution":{
          "resourceManagerUrl": "https://myserver.com/resourceManager",
          "href": "http://localhost:8708/tmf-api/testExecution/v4/testEnvironmentAllocationExecution/4d4d123123-40d6-4ead-b0af-3542e6c1111",
          "id": "4d4d123123-40d6-4ead-b0af-3542e6c1111"
      },
      "href": "http://localhost:8708/tmf-api/testExecution/v4/testEnvironmentProvisioningExecution/4d4d6ff2-40d6-4ead-b0af-3542e6c9a8eb",
      "id": "4d4d6ff2-40d6-4ead-b0af-3542e6c9a8eb"
  }
}