{
    "id": "da32588a-3916-4d78-a546-7623e391f650",
    "name": "TMFENV-V4.0.0",
    "values": [
        {
            "key": "ServiceInventoryAPI",
            "value": "{{Service_Inventory}}/tmf-api/serviceInventory/v4",
            "enabled": true
        },
        {
            "key": "Resource_Inventory",
            "value": "http://tmf639-resourceinventory-v4.mybluemix.net/tmf-api/resourceInventoryManagement/v4/",
            "enabled": true
        },
        {
            "key": "Service_Ordering",
            "value": "https://api-service-ordering-v4-0-0.mybluemix.net",
            "enabled": true
        },
        {
            "key": "Service_Qualification",
            "value": "https://api-service-qualification-management-v4-0-0.mybluemix.net",
            "enabled": true
        },
        {
            "key": "Service_Test",
            "value": "https://api-service-test-management-v4-0-0.mybluemix.net",
            "enabled": true
        },
        {
            "key": "Usage_Consumption",
            "value": "https://api-usage-consumption-v4-0-0.mybluemix.net",
            "enabled": true
        },
        {
            "key": "Service_Activation",
            "value": "https://api-service-activation-and-configuration-v4-0-0.mybluemix.net",
            "enabled": true
        },
        {
            "key": "Service_Catalog",
            "value": "https://api-service-catalog-management-v4-0-0.mybluemix.net",
            "enabled": true
        },
        {
            "key": "Service_Problem",
            "value": "https://api-service-problem-management-v4-0-0.mybluemix.net",
            "enabled": true
        },
        {
            "key": "Service_Inventory",
            "value": "https://api-service-inventory-management-v4-0-0.mybluemix.net",
            "enabled": true
        },
        {
            "key": "ServiceCatalogAPI",
            "value": "{{Service_Catalog}}/tmf-api/serviceCatalogManagement/v4",
            "enabled": true
        },
        {
            "key": "id",
            "value": "eff330b1-2ae8-4b22-b554-aa94afb8acbe",
            "enabled": true
        },
        {
            "key": "offset",
            "value": "0",
            "enabled": true
        },
        {
            "key": "limit",
            "value": "5",
            "enabled": true
        },
        {
            "key": "localhost",
            "value": "http://127.0.0.1:8080",
            "enabled": true
        },
        {
            "key": "delay",
            "value": "0",
            "enabled": true
        }
    ],
    "_postman_variable_scope": "environment",
    "_postman_exported_at": "2020-07-07T14:17:10.805Z",
    "_postman_exported_using": "Postman/7.27.1"
}