{
    "$schema": "http://json-schema.org/schema#",
    "type": "object",
    "properties": {
        "nonFunctionalTestResultDefinition": {
            "type": "object"
        },
        "testExecution": {
            "type": "object",
            "properties": {
                "testEnvironmentProvisioningExecution": {
                    "type": "object",
                    "properties": {
                        "testEnvironmentAllocationExecution": {
                            "type": "object",
                            "properties": {
                                "resourceManagerUrl": {
                                    "type": "string"
                                }
                            },
                            "required": [
                                "resourceManagerUrl"
                            ]
                        }
                    },
                    "required": [
                        "testEnvironmentAllocationExecution"
                    ]
                }
            },
            "required": [
                "testEnvironmentProvisioningExecution"
            ]
        }
    },
    "required": [
        "nonFunctionalTestResultDefinition",
        "testExecution"
    ]
}