{"info":{"_postman_id":"386f9209-85c7-499e-9da6-83905a903519","name":"CTK-Resource_Function_Activation-4.0.0","schema":"https://schema.getpostman.com/json/collection/v2.1.0/collection.json"},"item":[{"name":"N1","item":[{"name":"/ResourceFunction","event":[{"listen":"test","script":{"exec":["var jsonData = pm.response.json();","","console.log(pm.response.code == 202)","if (pm.response.code == 202) {","    pm.globals.set(\"MONITOR_ID\", jsonData[\"id\"])","    postman.setNextRequest(\"/Monitor\")","}","else {","    if (Array.isArray(jsonData)) {","","        pm.test('Array not expected as response', function () { pm.expect.fail() });","","","    }","","    pm.test(\"Status code is 201\", function () {","        pm.response.to.have.status(201);","    });","","    var instance = pm.response.json();","    var requiredAttributes = ['href', 'id', 'lifecycleState', 'name'];","","    pm.test('Instance has all mandatory attributes', function () { pm.expect(Object.keys(instance)).to.include.members(requiredAttributes) });","","","","    pm.test('Response has href attribute', function () { pm.expect(instance[\"href\"]).to.be.a('string'); });","    pm.test('Response has id attribute', function () { pm.expect(instance[\"id\"]).to.be.a('string'); });","    pm.test('Response has lifecycleState attribute', function () { pm.expect(instance[\"lifecycleState\"]).to.be.a('string'); });","    pm.test('Response has name attribute', function () { pm.expect(instance[\"name\"]).to.be.a('string'); });","","    pm.globals.set('HREFRF01', instance['href']);","    pm.globals.set('IDRF01', instance['id']);","    pm.globals.set('LIFECYCLESTATERF01', instance['lifecycleState']);","    pm.globals.set('NAMERF01', instance['name']);","","    pm.test('Body includes value held on href', function () {","        pm.expect(pm.response.text()).to.include(instance['href']);","    });","    pm.test('Body includes value held on id', function () {","        pm.expect(pm.response.text()).to.include(instance['id']);","    });","    pm.test('Body includes value held on lifecycleState', function () {","        pm.expect(pm.response.text()).to.include(instance['lifecycleState']);","    });","    pm.test('Body includes value held on name', function () {","        pm.expect(pm.response.text()).to.include(instance['name']);","    });","}","",""],"type":"text/javascript"}},{"listen":"prerequest","script":{"exec":["pm.globals.set(\"MONITOR_RETURNED\", false)",""],"type":"text/javascript"}}],"request":{"method":"POST","header":[{"key":"Accept","value":"application/json"},{"key":"Content-Type","value":"application/json"},{"key":"run_async","value":"true"}],"body":{"mode":"raw","raw":"{\n    \"name\": \"Medium to Large Enterprise Firewall - Model 134985.3\",\n    \"lifecycleState\": \"lifecycleState\"\n}"},"url":{"raw":"{{ResourceFunctionActivation}}resourceFunction","host":["{{ResourceFunctionActivation}}resourceFunction"]},"description":"This operation creates a ResourceFunction"},"response":[]},{"name":"/ResourceFunctionGET","event":[{"listen":"test","script":{"exec":["pm.test(\"Status code is 200\", function () {","    pm.response.to.have.status(200);","});","  ","  ","  ","var jsonData = pm.response.json();","  ","if (Array.isArray(jsonData) && (jsonData.length > 0)) {","    jsonData.forEach(function (instance, index) {","        pm.globals.set('HREFRF01', instance['href']);","        pm.globals.set('IDRF01', instance['id']);","        pm.globals.set('LIFECYCLESTATERF01', instance['lifecycleState']);","        pm.globals.set('NAMERF01', instance['name']);","","        var requiredAttributes = ['href', 'id', 'lifecycleState', 'name'];","      ","        pm.test('Instance has all mandatory attributes', function () { pm.expect(Object.keys(instance)).to.include.members(requiredAttributes) });","      ","      ","      ","        pm.test('Response has href attribute', function() { pm.expect(instance[\"href\"]).to.be.a('string'); });","        pm.test('Response has id attribute', function() { pm.expect(instance[\"id\"]).to.be.a('string'); });","        pm.test('Response has lifecycleState attribute', function() { pm.expect(instance[\"lifecycleState\"]).to.be.a('string'); });","        pm.test('Response has name attribute', function() { pm.expect(instance[\"name\"]).to.be.a('string'); });","      ","        pm.test('Body includes value held on href', function () {","            pm.expect(pm.response.text()).to.include(instance['href']);","        });","        pm.test('Body includes value held on id', function () {","            pm.expect(pm.response.text()).to.include(instance['id']);","        });","        pm.test('Body includes value held on lifecycleState', function () {","            pm.expect(pm.response.text()).to.include(instance['lifecycleState']);","        });","        pm.test('Body includes value held on name', function () {","            pm.expect(pm.response.text()).to.include(instance['name']);","        });","        // Individualized tests","        if (instance.id == pm.globals.get(\"IDRF01\")) {","            pm.test('href is ' + pm.globals.get(\"HREFRF01\"), function() {pm.expect(instance['href']) == pm.globals.get('HREFRF01');});","            pm.test('id is ' + pm.globals.get(\"IDRF01\"), function() {pm.expect(instance['id']) == pm.globals.get('IDRF01');});","            pm.test('lifecycleState is ' + pm.globals.get(\"LIFECYCLESTATERF01\"), function() {pm.expect(instance['lifecycleState']) == pm.globals.get('LIFECYCLESTATERF01');});","            pm.test('name is ' + pm.globals.get(\"NAMERF01\"), function() {pm.expect(instance['name']) == pm.globals.get('NAMERF01');});","        }","    });","  }","  else {","    var instance = pm.response.json();","    var requiredAttributes = ['href', 'id', 'lifecycleState', 'name'];","      ","        pm.test('Instance has all mandatory attributes', function () { pm.expect(Object.keys(instance)).to.include.members(requiredAttributes) });","      ","      ","      ","        pm.test('Response has href attribute', function() { pm.expect(instance[\"href\"]).to.be.a('string'); });","        pm.test('Response has id attribute', function() { pm.expect(instance[\"id\"]).to.be.a('string'); });","        pm.test('Response has lifecycleState attribute', function() { pm.expect(instance[\"lifecycleState\"]).to.be.a('string'); });","        pm.test('Response has name attribute', function() { pm.expect(instance[\"name\"]).to.be.a('string'); });","      ","        pm.test('Body includes value held on href', function () {","            pm.expect(pm.response.text()).to.include(instance['href']);","        });","        pm.test('Body includes value held on id', function () {","            pm.expect(pm.response.text()).to.include(instance['id']);","        });","        pm.test('Body includes value held on lifecycleState', function () {","            pm.expect(pm.response.text()).to.include(instance['lifecycleState']);","        });","        pm.test('Body includes value held on name', function () {","            pm.expect(pm.response.text()).to.include(instance['name']);","        });","        // Individualized tests","        if (instance.id == pm.globals.get(\"IDRF01\")) {","            pm.test('href is ' + pm.globals.get(\"HREFRF01\"), function() {pm.expect(instance['href']) == pm.globals.get('HREFRF01');});","            pm.test('id is ' + pm.globals.get(\"IDRF01\"), function() {pm.expect(instance['id']) == pm.globals.get('IDRF01');});","            pm.test('lifecycleState is ' + pm.globals.get(\"LIFECYCLESTATERF01\"), function() {pm.expect(instance['lifecycleState']) == pm.globals.get('LIFECYCLESTATERF01');});","            pm.test('name is ' + pm.globals.get(\"NAMERF01\"), function() {pm.expect(instance['name']) == pm.globals.get('NAMERF01');});","        }","        if (instance.id == pm.globals.get(\"IDRF02\")) {","            pm.test('href is ' + pm.globals.get(\"HREFRF02\"), function() {pm.expect(instance['href']) == pm.globals.get('HREFRF02');});","            pm.test('id is ' + pm.globals.get(\"IDRF02\"), function() {pm.expect(instance['id']) == pm.globals.get('IDRF02');});","            pm.test('lifecycleState is ' + pm.globals.get(\"LIFECYCLESTATERF02\"), function() {pm.expect(instance['lifecycleState']) == pm.globals.get('LIFECYCLESTATERF02');});","            pm.test('name is ' + pm.globals.get(\"NAMERF02\"), function() {pm.expect(instance['name']) == pm.globals.get('NAMERF02');});","        }","   ","  }","  ","  "],"type":"text/javascript"}}],"request":{"method":"GET","header":[{"key":"Accept","value":"application/json"},{"key":"Content-Type","value":"application/json"},{"key":"run_async","value":"true"}],"url":{"raw":"{{ResourceFunctionActivation}}resourceFunction","host":["{{ResourceFunctionActivation}}resourceFunction"]},"description":"This operation search for the created ResourceFunction"},"response":[]},{"name":"/ResourceFunction/{{IDRF01}}","event":[{"listen":"test","script":{"exec":["pm.test(\"Status code is 200\", function () {","    pm.response.to.have.status(200);","});","","","","var jsonData = pm.response.json();","","if (Array.isArray(jsonData) && (jsonData.length > 0)) {","    jsonData.forEach(function (instance, index) {","","        var requiredAttributes = ['href', 'id', 'lifecycleState', 'name'];","","        pm.test('Instance has all mandatory attributes', function () { pm.expect(Object.keys(instance)).to.include.members(requiredAttributes) });","","","","        pm.test('Response has href attribute', function () { pm.expect(instance[\"href\"]).to.be.a('string'); });","        pm.test('Response has id attribute', function () { pm.expect(instance[\"id\"]).to.be.a('string'); });","        pm.test('Response has lifecycleState attribute', function () { pm.expect(instance[\"lifecycleState\"]).to.be.a('string'); });","        pm.test('Response has name attribute', function () { pm.expect(instance[\"name\"]).to.be.a('string'); });","","        pm.test('Body includes value held on href', function () {","            pm.expect(pm.response.text()).to.include(instance['href']);","        });","        pm.test('Body includes value held on id', function () {","            pm.expect(pm.response.text()).to.include(instance['id']);","        });","        pm.test('Body includes value held on lifecycleState', function () {","            pm.expect(pm.response.text()).to.include(instance['lifecycleState']);","        });","        pm.test('Body includes value held on name', function () {","            pm.expect(pm.response.text()).to.include(instance['name']);","        });","        // Individualized tests","        if (instance.id == pm.globals.get(\"IDRF01\")) {","            pm.test('href is ' + pm.globals.get(\"HREFRF01\"), function () { pm.expect(instance['href']) == pm.globals.get('HREFRF01'); });","            pm.test('id is ' + pm.globals.get(\"IDRF01\"), function () { pm.expect(instance['id']) == pm.globals.get('IDRF01'); });","            pm.test('lifecycleState is ' + pm.globals.get(\"LIFECYCLESTATERF01\"), function () { pm.expect(instance['lifecycleState']) == pm.globals.get('LIFECYCLESTATERF01'); });","            pm.test('name is ' + pm.globals.get(\"NAMERF01\"), function () { pm.expect(instance['name']) == pm.globals.get('NAMERF01'); });","        }","        if (instance.id == pm.globals.get(\"IDRF02\")) {","            pm.test('IDRF02 not expected on this test', function () {","                console.log(\"Non expected resource, may happen if there is a collision on attributes\")","            });","        }","","    });","}","else {","    var instance = pm.response.json();","    var requiredAttributes = ['href', 'id', 'lifecycleState', 'name'];","","    pm.test('Instance has all mandatory attributes', function () { pm.expect(Object.keys(instance)).to.include.members(requiredAttributes) });","","","","    pm.test('Response has href attribute', function () { pm.expect(instance[\"href\"]).to.be.a('string'); });","    pm.test('Response has id attribute', function () { pm.expect(instance[\"id\"]).to.be.a('string'); });","    pm.test('Response has lifecycleState attribute', function () { pm.expect(instance[\"lifecycleState\"]).to.be.a('string'); });","    pm.test('Response has name attribute', function () { pm.expect(instance[\"name\"]).to.be.a('string'); });","","    pm.test('Body includes value held on href', function () {","        pm.expect(pm.response.text()).to.include(instance['href']);","    });","    pm.test('Body includes value held on id', function () {","        pm.expect(pm.response.text()).to.include(instance['id']);","    });","    pm.test('Body includes value held on lifecycleState', function () {","        pm.expect(pm.response.text()).to.include(instance['lifecycleState']);","    });","    pm.test('Body includes value held on name', function () {","        pm.expect(pm.response.text()).to.include(instance['name']);","    });","    // Individualized tests","    if (instance.id == pm.globals.get(\"IDRF01\")) {","        pm.test('href is ' + pm.globals.get(\"HREFRF01\"), function () { pm.expect(instance['href']) == pm.globals.get('HREFRF01'); });","        pm.test('id is ' + pm.globals.get(\"IDRF01\"), function () { pm.expect(instance['id']) == pm.globals.get('IDRF01'); });","        pm.test('lifecycleState is ' + pm.globals.get(\"LIFECYCLESTATERF01\"), function () { pm.expect(instance['lifecycleState']) == pm.globals.get('LIFECYCLESTATERF01'); });","        pm.test('name is ' + pm.globals.get(\"NAMERF01\"), function () { pm.expect(instance['name']) == pm.globals.get('NAMERF01'); });","    }","    if (instance.id == pm.globals.get(\"IDRF02\")) {","        pm.test('IDRF02 not expected on this test', function () {","            console.log(\"Non expected resource, may happen if there is a collision on attributes\")","        });","    }","","    pm.globals.set('LIFECYCLESTATERF01', instance['lifecycleState']);","    pm.globals.set('NAMERF01', instance['name']);","}","",""],"type":"text/javascript"}}],"request":{"method":"GET","header":[{"key":"Accept","value":"application/json"},{"key":"Content-Type","value":"application/json"},{"key":"run_async","value":"true"}],"url":{"raw":"{{ResourceFunctionActivation}}resourceFunction/{{IDRF01}}","host":["{{ResourceFunctionActivation}}resourceFunction"],"path":["{{IDRF01}}"]},"description":"This operation search for one of the created ResourceFunction"},"response":[]}]},{"name":"N2","item":[{"name":"/ResourceFunction?fields=id","event":[{"listen":"test","script":{"exec":[""],"type":"text/javascript"}}],"request":{"method":"GET","header":[{"key":"Accept","value":"application/json"},{"key":"Content-Type","value":"application/json"},{"key":"run_async","value":"true"}],"url":{"raw":"{{ResourceFunctionActivation}}resourceFunction?fields=id","host":["{{ResourceFunctionActivation}}resourceFunction"],"query":[{"key":"fields","value":"id"}]},"description":"This operation filter a ResourceFunction"},"response":[]},{"name":"/ResourceFunction?id={{IDRF01}}","event":[{"listen":"test","script":{"exec":["pm.test(\"Status code is 200\", function () {","    pm.response.to.have.status(200);","});","  ","  ","  ","var jsonData = pm.response.json();","  ","if (Array.isArray(jsonData) && (jsonData.length > 0)) {","    jsonData.forEach(function (instance, index) {","      ","        var requiredAttributes = ['href', 'id', 'lifecycleState', 'name'];","      ","        pm.test('Instance has all mandatory attributes', function () { pm.expect(Object.keys(instance)).to.include.members(requiredAttributes) });","      ","      ","      ","        pm.test('Response has href attribute', function() { pm.expect(instance[\"href\"]).to.be.a('string'); });","        pm.test('Response has id attribute', function() { pm.expect(instance[\"id\"]).to.be.a('string'); });","        pm.test('Response has lifecycleState attribute', function() { pm.expect(instance[\"lifecycleState\"]).to.be.a('string'); });","        pm.test('Response has name attribute', function() { pm.expect(instance[\"name\"]).to.be.a('string'); });","      ","        pm.test('Body includes value held on href', function () {","            pm.expect(pm.response.text()).to.include(instance['href']);","        });","        pm.test('Body includes value held on id', function () {","            pm.expect(pm.response.text()).to.include(instance['id']);","        });","        pm.test('Body includes value held on lifecycleState', function () {","            pm.expect(pm.response.text()).to.include(instance['lifecycleState']);","        });","        pm.test('Body includes value held on name', function () {","            pm.expect(pm.response.text()).to.include(instance['name']);","        });","        // Individualized tests","        if (instance.id == pm.globals.get(\"IDRF01\")) {","            pm.test('href is ' + pm.globals.get(\"HREFRF01\"), function() {pm.expect(instance['href']) == pm.globals.get('HREFRF01');});","            pm.test('id is ' + pm.globals.get(\"IDRF01\"), function() {pm.expect(instance['id']) == pm.globals.get('IDRF01');});","            pm.test('lifecycleState is ' + pm.globals.get(\"LIFECYCLESTATERF01\"), function() {pm.expect(instance['lifecycleState']) == pm.globals.get('LIFECYCLESTATERF01');});","            pm.test('name is ' + pm.globals.get(\"NAMERF01\"), function() {pm.expect(instance['name']) == pm.globals.get('NAMERF01');});","        }","        if (instance.id == pm.globals.get(\"IDRF02\")) {","            pm.test('IDRF02 not expected on this test', function () {","                console.log(\"Non expected resource, may happen if there is a collision on attributes\")","            });","        }","          ","    });","  }","  else {","    var instance = pm.response.json();","    var requiredAttributes = ['href', 'id', 'lifecycleState', 'name'];","      ","        pm.test('Instance has all mandatory attributes', function () { pm.expect(Object.keys(instance)).to.include.members(requiredAttributes) });","      ","      ","      ","        pm.test('Response has href attribute', function() { pm.expect(instance[\"href\"]).to.be.a('string'); });","        pm.test('Response has id attribute', function() { pm.expect(instance[\"id\"]).to.be.a('string'); });","        pm.test('Response has lifecycleState attribute', function() { pm.expect(instance[\"lifecycleState\"]).to.be.a('string'); });","        pm.test('Response has name attribute', function() { pm.expect(instance[\"name\"]).to.be.a('string'); });","      ","        pm.test('Body includes value held on href', function () {","            pm.expect(pm.response.text()).to.include(instance['href']);","        });","        pm.test('Body includes value held on id', function () {","            pm.expect(pm.response.text()).to.include(instance['id']);","        });","        pm.test('Body includes value held on lifecycleState', function () {","            pm.expect(pm.response.text()).to.include(instance['lifecycleState']);","        });","        pm.test('Body includes value held on name', function () {","            pm.expect(pm.response.text()).to.include(instance['name']);","        });","        // Individualized tests","        if (instance.id == pm.globals.get(\"IDRF01\")) {","            pm.test('href is ' + pm.globals.get(\"HREFRF01\"), function() {pm.expect(instance['href']) == pm.globals.get('HREFRF01');});","            pm.test('id is ' + pm.globals.get(\"IDRF01\"), function() {pm.expect(instance['id']) == pm.globals.get('IDRF01');});","            pm.test('lifecycleState is ' + pm.globals.get(\"LIFECYCLESTATERF01\"), function() {pm.expect(instance['lifecycleState']) == pm.globals.get('LIFECYCLESTATERF01');});","            pm.test('name is ' + pm.globals.get(\"NAMERF01\"), function() {pm.expect(instance['name']) == pm.globals.get('NAMERF01');});","        }","        if (instance.id == pm.globals.get(\"IDRF02\")) {","            pm.test('IDRF02 not expected on this test', function () {","                console.log(\"Non expected resource, may happen if there is a collision on attributes\")","            });","        }","","        ","   ","}","  ","  "],"type":"text/javascript"}}],"request":{"method":"GET","header":[{"key":"Accept","value":"application/json"},{"key":"Content-Type","value":"application/json"},{"key":"run_async","value":"true"}],"url":{"raw":"{{ResourceFunctionActivation}}resourceFunction?id={{IDRF01}}","host":["{{ResourceFunctionActivation}}resourceFunction"],"query":[{"key":"id","value":"{{IDRF01}}"}]},"description":"This operation filter a ResourceFunction"},"response":[]},{"name":"/ResourceFunction?fields=lifecycleState","event":[{"listen":"test","script":{"exec":[""],"type":"text/javascript"}}],"request":{"method":"GET","header":[{"key":"Accept","value":"application/json"},{"key":"Content-Type","value":"application/json"},{"key":"run_async","value":"true"}],"url":{"raw":"{{ResourceFunctionActivation}}resourceFunction?fields=lifecycleState","host":["{{ResourceFunctionActivation}}resourceFunction"],"query":[{"key":"fields","value":"lifecycleState"}]},"description":"This operation filter a ResourceFunction"},"response":[]},{"name":"/ResourceFunction?lifecycleState={{LIFECYCLESTATERF01}}","event":[{"listen":"test","script":{"exec":["pm.test(\"Status code is 200\", function () {","    pm.response.to.have.status(200);","});","  ","  ","  ","var jsonData = pm.response.json();","  ","if (Array.isArray(jsonData) && (jsonData.length > 0)) {","    jsonData.forEach(function (instance, index) {","      ","        var requiredAttributes = ['href', 'id', 'lifecycleState', 'name'];","      ","        pm.test('Instance has all mandatory attributes', function () { pm.expect(Object.keys(instance)).to.include.members(requiredAttributes) });","      ","      ","      ","        pm.test('Response has href attribute', function() { pm.expect(instance[\"href\"]).to.be.a('string'); });","        pm.test('Response has id attribute', function() { pm.expect(instance[\"id\"]).to.be.a('string'); });","        pm.test('Response has lifecycleState attribute', function() { pm.expect(instance[\"lifecycleState\"]).to.be.a('string'); });","        pm.test('Response has name attribute', function() { pm.expect(instance[\"name\"]).to.be.a('string'); });","      ","        pm.test('Body includes value held on href', function () {","            pm.expect(pm.response.text()).to.include(instance['href']);","        });","        pm.test('Body includes value held on id', function () {","            pm.expect(pm.response.text()).to.include(instance['id']);","        });","        pm.test('Body includes value held on lifecycleState', function () {","            pm.expect(pm.response.text()).to.include(instance['lifecycleState']);","        });","        pm.test('Body includes value held on name', function () {","            pm.expect(pm.response.text()).to.include(instance['name']);","        });","        // Individualized tests","        if (instance.id == pm.globals.get(\"IDRF01\")) {","            pm.test('href is ' + pm.globals.get(\"HREFRF01\"), function() {pm.expect(instance['href']) == pm.globals.get('HREFRF01');});","            pm.test('id is ' + pm.globals.get(\"IDRF01\"), function() {pm.expect(instance['id']) == pm.globals.get('IDRF01');});","            pm.test('lifecycleState is ' + pm.globals.get(\"LIFECYCLESTATERF01\"), function() {pm.expect(instance['lifecycleState']) == pm.globals.get('LIFECYCLESTATERF01');});","            pm.test('name is ' + pm.globals.get(\"NAMERF01\"), function() {pm.expect(instance['name']) == pm.globals.get('NAMERF01');});","        }","        if (instance.id == pm.globals.get(\"IDRF02\")) {","            pm.test('IDRF02 not expected on this test', function () {","                console.log(\"Non expected resource, may happen if there is a collision on attributes\")","            });","        }","          ","    });","  }","  else {","    var instance = pm.response.json();","    var requiredAttributes = ['href', 'id', 'lifecycleState', 'name'];","      ","        pm.test('Instance has all mandatory attributes', function () { pm.expect(Object.keys(instance)).to.include.members(requiredAttributes) });","      ","      ","      ","        pm.test('Response has href attribute', function() { pm.expect(instance[\"href\"]).to.be.a('string'); });","        pm.test('Response has id attribute', function() { pm.expect(instance[\"id\"]).to.be.a('string'); });","        pm.test('Response has lifecycleState attribute', function() { pm.expect(instance[\"lifecycleState\"]).to.be.a('string'); });","        pm.test('Response has name attribute', function() { pm.expect(instance[\"name\"]).to.be.a('string'); });","      ","        pm.test('Body includes value held on href', function () {","            pm.expect(pm.response.text()).to.include(instance['href']);","        });","        pm.test('Body includes value held on id', function () {","            pm.expect(pm.response.text()).to.include(instance['id']);","        });","        pm.test('Body includes value held on lifecycleState', function () {","            pm.expect(pm.response.text()).to.include(instance['lifecycleState']);","        });","        pm.test('Body includes value held on name', function () {","            pm.expect(pm.response.text()).to.include(instance['name']);","        });","        // Individualized tests","        if (instance.id == pm.globals.get(\"IDRF01\")) {","            pm.test('href is ' + pm.globals.get(\"HREFRF01\"), function() {pm.expect(instance['href']) == pm.globals.get('HREFRF01');});","            pm.test('id is ' + pm.globals.get(\"IDRF01\"), function() {pm.expect(instance['id']) == pm.globals.get('IDRF01');});","            pm.test('lifecycleState is ' + pm.globals.get(\"LIFECYCLESTATERF01\"), function() {pm.expect(instance['lifecycleState']) == pm.globals.get('LIFECYCLESTATERF01');});","            pm.test('name is ' + pm.globals.get(\"NAMERF01\"), function() {pm.expect(instance['name']) == pm.globals.get('NAMERF01');});","        }","        if (instance.id == pm.globals.get(\"IDRF02\")) {","            pm.test('IDRF02 not expected on this test', function () {","                console.log(\"Non expected resource, may happen if there is a collision on attributes\")","            });","        }","","        ","   ","}","  ","  "],"type":"text/javascript"}}],"request":{"method":"GET","header":[{"key":"Accept","value":"application/json"},{"key":"Content-Type","value":"application/json"},{"key":"run_async","value":"true"}],"url":{"raw":"{{ResourceFunctionActivation}}resourceFunction?lifecycleState={{LIFECYCLESTATERF01}}","host":["{{ResourceFunctionActivation}}resourceFunction"],"query":[{"key":"lifecycleState","value":"{{LIFECYCLESTATERF01}}"}]},"description":"This operation filter a ResourceFunction"},"response":[]},{"name":"/ResourceFunction?fields=name","event":[{"listen":"test","script":{"exec":[""],"type":"text/javascript"}}],"request":{"method":"GET","header":[{"key":"Accept","value":"application/json"},{"key":"Content-Type","value":"application/json"},{"key":"run_async","value":"true"}],"url":{"raw":"{{ResourceFunctionActivation}}resourceFunction?fields=name","host":["{{ResourceFunctionActivation}}resourceFunction"],"query":[{"key":"fields","value":"name"}]},"description":"This operation filter a ResourceFunction"},"response":[]},{"name":"/ResourceFunction?name={{NAMERF01}}","event":[{"listen":"test","script":{"exec":["pm.test(\"Status code is 200\", function () {","    pm.response.to.have.status(200);","});","  ","  ","  ","var jsonData = pm.response.json();","  ","if (Array.isArray(jsonData) && (jsonData.length > 0)) {","    jsonData.forEach(function (instance, index) {","      ","        var requiredAttributes = ['href', 'id', 'lifecycleState', 'name'];","      ","        pm.test('Instance has all mandatory attributes', function () { pm.expect(Object.keys(instance)).to.include.members(requiredAttributes) });","      ","      ","      ","        pm.test('Response has href attribute', function() { pm.expect(instance[\"href\"]).to.be.a('string'); });","        pm.test('Response has id attribute', function() { pm.expect(instance[\"id\"]).to.be.a('string'); });","        pm.test('Response has lifecycleState attribute', function() { pm.expect(instance[\"lifecycleState\"]).to.be.a('string'); });","        pm.test('Response has name attribute', function() { pm.expect(instance[\"name\"]).to.be.a('string'); });","      ","        pm.test('Body includes value held on href', function () {","            pm.expect(pm.response.text()).to.include(instance['href']);","        });","        pm.test('Body includes value held on id', function () {","            pm.expect(pm.response.text()).to.include(instance['id']);","        });","        pm.test('Body includes value held on lifecycleState', function () {","            pm.expect(pm.response.text()).to.include(instance['lifecycleState']);","        });","        pm.test('Body includes value held on name', function () {","            pm.expect(pm.response.text()).to.include(instance['name']);","        });","        // Individualized tests","        if (instance.id == pm.globals.get(\"IDRF01\")) {","            pm.test('href is ' + pm.globals.get(\"HREFRF01\"), function() {pm.expect(instance['href']) == pm.globals.get('HREFRF01');});","            pm.test('id is ' + pm.globals.get(\"IDRF01\"), function() {pm.expect(instance['id']) == pm.globals.get('IDRF01');});","            pm.test('lifecycleState is ' + pm.globals.get(\"LIFECYCLESTATERF01\"), function() {pm.expect(instance['lifecycleState']) == pm.globals.get('LIFECYCLESTATERF01');});","            pm.test('name is ' + pm.globals.get(\"NAMERF01\"), function() {pm.expect(instance['name']) == pm.globals.get('NAMERF01');});","        }","        if (instance.id == pm.globals.get(\"IDRF02\")) {","            pm.test('IDRF02 not expected on this test', function () {","                console.log(\"Non expected resource, may happen if there is a collision on attributes\")","            });","        }","          ","    });","  }","  else {","    var instance = pm.response.json();","    var requiredAttributes = ['href', 'id', 'lifecycleState', 'name'];","      ","        pm.test('Instance has all mandatory attributes', function () { pm.expect(Object.keys(instance)).to.include.members(requiredAttributes) });","      ","      ","      ","        pm.test('Response has href attribute', function() { pm.expect(instance[\"href\"]).to.be.a('string'); });","        pm.test('Response has id attribute', function() { pm.expect(instance[\"id\"]).to.be.a('string'); });","        pm.test('Response has lifecycleState attribute', function() { pm.expect(instance[\"lifecycleState\"]).to.be.a('string'); });","        pm.test('Response has name attribute', function() { pm.expect(instance[\"name\"]).to.be.a('string'); });","      ","        pm.test('Body includes value held on href', function () {","            pm.expect(pm.response.text()).to.include(instance['href']);","        });","        pm.test('Body includes value held on id', function () {","            pm.expect(pm.response.text()).to.include(instance['id']);","        });","        pm.test('Body includes value held on lifecycleState', function () {","            pm.expect(pm.response.text()).to.include(instance['lifecycleState']);","        });","        pm.test('Body includes value held on name', function () {","            pm.expect(pm.response.text()).to.include(instance['name']);","        });","        // Individualized tests","        if (instance.id == pm.globals.get(\"IDRF01\")) {","            pm.test('href is ' + pm.globals.get(\"HREFRF01\"), function() {pm.expect(instance['href']) == pm.globals.get('HREFRF01');});","            pm.test('id is ' + pm.globals.get(\"IDRF01\"), function() {pm.expect(instance['id']) == pm.globals.get('IDRF01');});","            pm.test('lifecycleState is ' + pm.globals.get(\"LIFECYCLESTATERF01\"), function() {pm.expect(instance['lifecycleState']) == pm.globals.get('LIFECYCLESTATERF01');});","            pm.test('name is ' + pm.globals.get(\"NAMERF01\"), function() {pm.expect(instance['name']) == pm.globals.get('NAMERF01');});","        }","        if (instance.id == pm.globals.get(\"IDRF02\")) {","            pm.test('IDRF02 not expected on this test', function () {","                console.log(\"Non expected resource, may happen if there is a collision on attributes\")","            });","        }","","        ","   ","}","  ","  "],"type":"text/javascript"}}],"request":{"method":"GET","header":[{"key":"Accept","value":"application/json"},{"key":"Content-Type","value":"application/json"},{"key":"run_async","value":"true"}],"url":{"raw":"{{ResourceFunctionActivation}}resourceFunction?name={{NAMERF01}}","host":["{{ResourceFunctionActivation}}resourceFunction"],"query":[{"key":"name","value":"{{NAMERF01}}"}]},"description":"This operation filter a ResourceFunction"},"response":[]},{"name":"/ResourceFunction","event":[{"listen":"test","script":{"exec":["var jsonData = pm.response.json();","","if (pm.response.code == 202){","    pm.globals.set(\"MONITOR_ID\", jsonData[\"id\"])","    postman.setNextRequest(\"/Monitor\")","}","","if (Array.isArray(jsonData)) { ","  ","    pm.test('Array not expected as response', function (){pm.expect.fail()});","  ","","}","","pm.test(\"Status code is 200\", function () {","  pm.response.to.have.status(200);","});","","var instance = pm.response.json();","var requiredAttributes = ['href', 'id', 'lifecycleState', 'name'];","","pm.test('Instance has all mandatory attributes', function () { pm.expect(Object.keys(instance)).to.include.members(requiredAttributes) });","","","","pm.test('Response has href attribute', function() { pm.expect(instance[\"href\"]).to.be.a('string'); });","pm.test('Response has id attribute', function() { pm.expect(instance[\"id\"]).to.be.a('string'); });","pm.test('Response has lifecycleState attribute', function() { pm.expect(instance[\"lifecycleState\"]).to.be.a('string'); });","pm.test('Response has name attribute', function() { pm.expect(instance[\"name\"]).to.be.a('string'); });","","pm.globals.set('HREFRF01', instance['href']);","pm.globals.set('IDRF01', instance['id']);","pm.globals.set('LIFECYCLESTATERF01', instance['lifecycleState']);","pm.globals.set('NAMERF01', instance['name']);","","pm.test('Body includes value held on href', function () {","  pm.expect(pm.response.text()).to.include(instance['href']);","});","pm.test('Body includes value held on id', function () {","  pm.expect(pm.response.text()).to.include(instance['id']);","});","pm.test('Body includes value held on lifecycleState', function () {","  pm.expect(pm.response.text()).to.include(instance['lifecycleState']);","});","pm.test('Body includes value held on name', function () {","  pm.expect(pm.response.text()).to.include(instance['name']);","});",""],"type":"text/javascript"}}],"request":{"method":"PATCH","header":[{"key":"Accept","value":"application/json"},{"key":"Content-Type","value":"application/json"},{"key":"run_async","value":"true"}],"body":{"mode":"raw","raw":"{\n    \"name\": \"New Name\",\n    \"lifecycleState\": \"operating\"\n}"},"url":{"raw":"{{ResourceFunctionActivation}}resourceFunction/{{IDRF01}}","host":["{{ResourceFunctionActivation}}resourceFunction"],"path":["{{IDRF01}}"]},"description":"This operation creates a ResourceFunction"},"response":[]},{"name":"/ResourceFunction/{{IDRF01}}","event":[{"listen":"test","script":{"exec":["pm.test(\"Status code is 200\", function () {","    pm.response.to.have.status(200);","});","  ","  ","  ","var jsonData = pm.response.json();","  ","if (Array.isArray(jsonData) && (jsonData.length > 0)) {","    jsonData.forEach(function (instance, index) {","      ","        var requiredAttributes = ['href', 'id', 'lifecycleState', 'name'];","      ","        pm.test('Instance has all mandatory attributes', function () { pm.expect(Object.keys(instance)).to.include.members(requiredAttributes) });","      ","      ","      ","        pm.test('Response has href attribute', function() { pm.expect(instance[\"href\"]).to.be.a('string'); });","        pm.test('Response has id attribute', function() { pm.expect(instance[\"id\"]).to.be.a('string'); });","        pm.test('Response has lifecycleState attribute', function() { pm.expect(instance[\"lifecycleState\"]).to.be.a('string'); });","        pm.test('Response has name attribute', function() { pm.expect(instance[\"name\"]).to.be.a('string'); });","      ","        pm.test('Body includes value held on href', function () {","            pm.expect(pm.response.text()).to.include(instance['href']);","        });","        pm.test('Body includes value held on id', function () {","            pm.expect(pm.response.text()).to.include(instance['id']);","        });","        pm.test('Body includes value held on lifecycleState', function () {","            pm.expect(pm.response.text()).to.include(instance['lifecycleState']);","        });","        pm.test('Body includes value held on name', function () {","            pm.expect(pm.response.text()).to.include(instance['name']);","        });","        // Individualized tests","        if (instance.id == pm.globals.get(\"IDRF01\")) {","            pm.test('href is ' + pm.globals.get(\"HREFRF01\"), function() {pm.expect(instance['href']) == pm.globals.get('HREFRF01');});","            pm.test('id is ' + pm.globals.get(\"IDRF01\"), function() {pm.expect(instance['id']) == pm.globals.get('IDRF01');});","            pm.test('lifecycleState is ' + pm.globals.get(\"LIFECYCLESTATERF01\"), function() {pm.expect(instance['lifecycleState']) == pm.globals.get('LIFECYCLESTATERF01');});","            pm.test('name is ' + pm.globals.get(\"NAMERF01\"), function() {pm.expect(instance['name']) == pm.globals.get('NAMERF01');});","        }","        if (instance.id == pm.globals.get(\"IDRF02\")) {","            pm.test('IDRF02 not expected on this test', function () {","                console.log(\"Non expected resource, may happen if there is a collision on attributes\")","            });","        }","          ","    });","  }","  else {","    var instance = pm.response.json();","    var requiredAttributes = ['href', 'id', 'lifecycleState', 'name'];","      ","        pm.test('Instance has all mandatory attributes', function () { pm.expect(Object.keys(instance)).to.include.members(requiredAttributes) });","      ","      ","      ","        pm.test('Response has href attribute', function() { pm.expect(instance[\"href\"]).to.be.a('string'); });","        pm.test('Response has id attribute', function() { pm.expect(instance[\"id\"]).to.be.a('string'); });","        pm.test('Response has lifecycleState attribute', function() { pm.expect(instance[\"lifecycleState\"]).to.be.a('string'); });","        pm.test('Response has name attribute', function() { pm.expect(instance[\"name\"]).to.be.a('string'); });","      ","        pm.test('Body includes value held on href', function () {","            pm.expect(pm.response.text()).to.include(instance['href']);","        });","        pm.test('Body includes value held on id', function () {","            pm.expect(pm.response.text()).to.include(instance['id']);","        });","        pm.test('Body includes value held on lifecycleState', function () {","            pm.expect(pm.response.text()).to.include(instance['lifecycleState']);","        });","        pm.test('Body includes value held on name', function () {","            pm.expect(pm.response.text()).to.include(instance['name']);","        });","        // Individualized tests","        if (instance.id == pm.globals.get(\"IDRF01\")) {","            pm.test('href is ' + pm.globals.get(\"HREFRF01\"), function() {pm.expect(instance['href']) == pm.globals.get('HREFRF01');});","            pm.test('id is ' + pm.globals.get(\"IDRF01\"), function() {pm.expect(instance['id']) == pm.globals.get('IDRF01');});","            pm.test('lifecycleState is ' + pm.globals.get(\"LIFECYCLESTATERF01\"), function() {pm.expect(instance['lifecycleState']) == pm.globals.get('LIFECYCLESTATERF01');});","            pm.test('name is ' + pm.globals.get(\"NAMERF01\"), function() {pm.expect(instance['name']) == pm.globals.get('NAMERF01');});","        }","        if (instance.id == pm.globals.get(\"IDRF02\")) {","            pm.test('IDRF02 not expected on this test', function () {","                console.log(\"Non expected resource, may happen if there is a collision on attributes\")","            });","        }","","        ","   ","}","  ","  "],"type":"text/javascript"}}],"request":{"method":"GET","header":[{"key":"Accept","value":"application/json"},{"key":"Content-Type","value":"application/json"},{"key":"run_async","value":"true"}],"url":{"raw":"{{ResourceFunctionActivation}}resourceFunction/{{IDRF01}}","host":["{{ResourceFunctionActivation}}resourceFunction"],"path":["{{IDRF01}}"]},"description":"This operation search for one of the created ResourceFunction"},"response":[]}]},{"name":"E1","item":[{"name":"/ResourceFunction/404ID","event":[{"listen":"test","script":{"exec":["pm.test(\"Status code is 404\", function () {","    pm.response.to.have.status(404);","});","","if (pm.globals.get(\"MONITOR_ID\") == undefined) {","    postman.setNextRequest(null)","}","","if (pm.globals.get(\"MONITOR_RETURNED\")) {","    postman.setNextRequest(null)","}"],"type":"text/javascript"}}],"request":{"method":"GET","header":[{"key":"Accept","value":"application/json"},{"key":"Content-Type","value":"application/json"},{"key":"run_async","value":"true"}],"url":{"raw":"{{ResourceFunctionActivation}}ResourceFunction/99030586-b5b8-4553-9b68-33d5b3b7b914","host":["{{ResourceFunctionActivation}}ResourceFunction"],"path":["99030586-b5b8-4553-9b68-33d5b3b7b914"]},"description":"This operation search for one of the created ResourceFunction"},"response":[]}]},{"name":"N1","item":[{"name":"/Monitor","event":[{"listen":"test","script":{"exec":["","","var instance = pm.response.json();","","if (Array.isArray(instance)) {","","    pm.test('Array not expected as response', function () { pm.expect.fail() });","    postman.setNextRequest(\"null\");","","}","else {","    if (pm.response.code == 200) {","        if (instance['state'] == \"Completed\") {","            pm.globals.set('monitor_tries', 0)","            var requiredAttributes = ['href', 'id', 'state'];","","            pm.test('Instance has all mandatory attributes', function () { pm.expect(Object.keys(instance)).to.include.members(requiredAttributes) });","            pm.test('Response has href attribute', function () { pm.expect(instance[\"href\"]).to.be.a('string'); });","            pm.test('Response has id attribute', function () { pm.expect(instance[\"id\"]).to.be.a('string'); });","            pm.test('Response has state attribute', function () { pm.expect(instance[\"state\"]).to.be.a('string'); });","            let resourceId = instance[\"sourceHref\"].split(\"/\").pop()","            pm.globals.set(\"IDRF01\", resourceId)","","            pm.globals.set(\"MONITOR_RETURNED\", true)","            if (pm.globals.get(\"MONITOR_RETURNED\")) {","                postman.setNextRequest(\"/ResourceFunctionGET\")","","            }","        }","        else {","            postman.setNextRequest(\"/Monitor\");","            setTimeout(function () { }, [5000]);","            if (pm.globals.get('monitor_tries')) {","                if (pm.globals.get('monitor_tries') <= 36) {","                    pm.globals.set(\"monitor_tries\", pm.globals.get('monitor_tries') + 1);","                }","                else {","                    pm.test('Monitor did not resolve after 3 minutes, aborting test', function () { pm.expect.fail() });","                    postman.setNextRequest(null);","                }","","","            }","            else {","                pm.globals.set('monitor_tries', 1)","            }","        }","    }","","}","","","",""],"type":"text/javascript"}}],"request":{"method":"GET","header":[{"key":"Accept","value":"application/json"},{"key":"Content-Type","value":"application/json"},{"key":"run_async","value":"true"}],"url":{"raw":"{{ResourceFunctionActivation}}Monitor/{{MONITOR_ID}}","host":["{{ResourceFunctionActivation}}Monitor"],"path":["{{MONITOR_ID}}"]},"description":"This operation retrieves a Monitor"},"response":[]}]},{"name":"E1","item":[{"name":"/Monitor/404ID","event":[{"listen":"test","script":{"exec":["pm.test(\"Status code is 404\", function () {","    pm.response.to.have.status(404);","});",""],"type":"text/javascript"}}],"request":{"method":"GET","header":[{"key":"Accept","value":"application/json"},{"key":"Content-Type","value":"application/json"},{"key":"run_async","value":"true"}],"url":{"raw":"{{ResourceFunctionActivation}}Monitor/bda56902-c907-481b-805d-82e9678a4172","host":["{{ResourceFunctionActivation}}Monitor"],"path":["bda56902-c907-481b-805d-82e9678a4172"]},"description":"This operation search for one of the created Monitor"},"response":[]}]}]}