{
    "$schema": "http://json-schema.org/draft-07/schema",
    "$id": "http://example.com/example.json",
    "type": "object",
    "title": "Service",
    "description": "",
    "default": {},
    "examples": [
        {
            "state": "active",
            "serviceSpecification": {
                "id": "1212",
                "@referredType": "ServiceSpecification"
            }
        }
    ],
    "required": [
        "state",
        "serviceSpecification"
    ],
    "additionalProperties": true,
    "properties": {
        "state": {
            "$id": "#/properties/state",
            "type": "string",
            "title": "The state schema",
            "description": "An explanation about the purpose of this instance.",
            "default": "",
            "examples": [
                "active"
            ]
        },
        "serviceSpecification": {
            "$id": "#/properties/serviceSpecification",
            "type": "object",
            "title": "The serviceSpecification schema",
            "description": "An explanation about the purpose of this instance.",
            "default": {},
            "examples": [
                {
                    "id": "1212",
                    "@referredType": "ServiceSpecification"
                }
            ],
            "required": [
                "id",
                "@referredType"
            ],
            "additionalProperties": true,
            "properties": {
                "id": {
                    "$id": "#/properties/serviceSpecification/properties/id",
                    "type": "string",
                    "title": "The id schema",
                    "description": "An explanation about the purpose of this instance.",
                    "default": "",
                    "examples": [
                        "1212"
                    ]
                },
                "@referredType": {
                    "$id": "#/properties/serviceSpecification/properties/@referredType",
                    "type": "string",
                    "title": "The @referredType schema",
                    "description": "An explanation about the purpose of this instance.",
                    "default": "",
                    "examples": [
                        "ServiceSpecification"
                    ]
                }
            }
        }
    }
}