{
    "$schema": "http://json-schema.org/schema#",
    "type": "object",
    "properties": {
        "serviceOrderItem": {
            "type": "array",
            "items": {
                "type": "object",
                "properties": {
                    "id": {
                        "type": "string"
                    },
                    "action": {
                        "type": "string"
                    },
                    "@type": {
                        "type": "string"
                    },
                    "service": {
                        "anyOf": [{
                            "type": "object",
                            "properties": {
                                "serviceSpecification": {
                                    "type": "object",
                                    "properties": {
                                        "id": {
                                            "type": "string"
                                        }
                                    },
                                    "required": ["id"]
                                },
                                "state": {
                                    "type": "string"
                                },
                                "serviceType": {
                                    "type": "string"
                                }
                            }
                        }, {
                            "type": "object",
                            "properties": {
                                "id": {
                                    "type": "string"
                                },
                                "state": {
                                    "type": "string"
                                },
                                "serviceType": {
                                    "type": "string"
                                }
                            }
                        }]
                    }
                },
                "required": ["action", "id", "service"]
            }
        }
    },
    "required": ["serviceOrderItem"]
}
