{
    "$schema": "http://json-schema.org/schema#",
    "type": "object",
    "properties": {
        "category": {
            "type": "string"
        },
        "description": {
            "type": "string"
        },
        "originatorParty": {
            "type": "object",
            "properties": {
                "id": {
                    "type": "string"
                },
                "@referredType": {
                    "type": "string"
                }
            },
            "required": [
                "@referredType",
                "id"
            ]
        },
        "priority": {
            "type": "integer"
        },
        "reason": {
            "type": "string"
        }
    },
    "required": [
        "category",
        "description",
        "originatorParty",
        "priority",
        "reason"
    ]
}