{
	"info": {
		"_postman_id": "f57746c2-eee3-449c-b94c-8d450fbc569f",
		"name": "CTK-Document-4.0.0 Copy",
		"schema": "https://schema.getpostman.com/json/collection/v2.1.0/collection.json",
		"_exporter_id": "7503975",
		"_collection_link": "https://cloudy-meadow-674386.postman.co/workspace/v4.0.0CTKs~c3a3165b-0479-4ccd-bebb-f737fd593b7f/collection/7503975-f57746c2-eee3-449c-b94c-8d450fbc569f?action=share&creator=7503975&source=collection_link"
	},
	"item": [
		{
			"name": "N1",
			"item": [
				{
					"name": "/Document",
					"event": [
						{
							"listen": "test",
							"script": {
								"exec": [
									"var jsonData = pm.response.json();",
									"",
									"if (Array.isArray(jsonData)) { ",
									"  ",
									"    pm.test('Array not expected as response', function (){pm.expect.fail()});",
									"  ",
									"",
									"}",
									"",
									"pm.test(\"Status code is 201\", function () {",
									"  pm.response.to.have.status(201);",
									"});",
									"",
									"var instance = pm.response.json();",
									"var requiredAttributes = ['href', 'id', 'name'];",
									"",
									"pm.test('Instance has all mandatory attributes', function () { pm.expect(Object.keys(instance)).to.include.members(requiredAttributes) });",
									"",
									"",
									"",
									"pm.test('Response has href attribute', function() { pm.expect(instance[\"href\"]).to.be.a('string'); });",
									"pm.test('Response has id attribute', function() { pm.expect(instance[\"id\"]).to.be.a('string'); });",
									"pm.test('Response has name attribute', function() { pm.expect(instance[\"name\"]).to.be.a('string'); });",
									"",
									"pm.globals.set('HREFDO01', instance['href']);",
									"pm.globals.set('IDDO01', instance['id']);",
									"pm.globals.set('NAMEDO01', instance['name']);",
									"",
									"pm.test('Body includes value held on href', function () {",
									"  pm.expect(pm.response.text()).to.include(instance['href']);",
									"});",
									"pm.test('Body includes value held on id', function () {",
									"  pm.expect(pm.response.text()).to.include(instance['id']);",
									"});",
									"pm.test('Body includes value held on name', function () {",
									"  pm.expect(pm.response.text()).to.include(instance['name']);",
									"});",
									""
								],
								"type": "text/javascript"
							}
						}
					],
					"request": {
						"method": "POST",
						"header": [
							{
								"key": "Accept",
								"value": "application/json"
							},
							{
								"key": "Content-Type",
								"value": "application/json"
							}
						],
						"body": {
							"mode": "raw",
							"raw": "{\n  \"name\": \"Designing Web APIs: Building APIs That Developers Love\"\n}"
						},
						"url": {
							"raw": "{{Document}}document",
							"host": [
								"{{Document}}document"
							]
						},
						"description": "This operation creates a Document"
					},
					"response": []
				},
				{
					"name": "/Document",
					"event": [
						{
							"listen": "test",
							"script": {
								"exec": [
									"pm.test(\"Status code is 200\", function () {",
									"    pm.response.to.have.status(200);",
									"});",
									"  ",
									"  ",
									"  ",
									"var jsonData = pm.response.json();",
									"  ",
									"if (Array.isArray(jsonData) && (jsonData.length > 0)) {",
									"    jsonData.forEach(function (instance, index) {",
									"      ",
									"        var requiredAttributes = ['href', 'id', 'name'];",
									"      ",
									"        pm.test('Instance has all mandatory attributes', function () { pm.expect(Object.keys(instance)).to.include.members(requiredAttributes) });",
									"      ",
									"      ",
									"      ",
									"        pm.test('Response has href attribute', function() { pm.expect(instance[\"href\"]).to.be.a('string'); });",
									"        pm.test('Response has id attribute', function() { pm.expect(instance[\"id\"]).to.be.a('string'); });",
									"        pm.test('Response has name attribute', function() { pm.expect(instance[\"name\"]).to.be.a('string'); });",
									"      ",
									"        pm.test('Body includes value held on href', function () {",
									"            pm.expect(pm.response.text()).to.include(instance['href']);",
									"        });",
									"        pm.test('Body includes value held on id', function () {",
									"            pm.expect(pm.response.text()).to.include(instance['id']);",
									"        });",
									"        pm.test('Body includes value held on name', function () {",
									"            pm.expect(pm.response.text()).to.include(instance['name']);",
									"        });",
									"        // Individualized tests",
									"        if (instance.id == pm.globals.get(\"IDDO01\")) {",
									"            pm.test('href is ' + pm.globals.get(\"HREFDO01\"), function() {pm.expect(instance['href']) == pm.globals.get('HREFDO01');});",
									"            pm.test('id is ' + pm.globals.get(\"IDDO01\"), function() {pm.expect(instance['id']) == pm.globals.get('IDDO01');});",
									"            pm.test('name is ' + pm.globals.get(\"NAMEDO01\"), function() {pm.expect(instance['name']) == pm.globals.get('NAMEDO01');});",
									"        }",
									"        if (instance.id == pm.globals.get(\"IDDO02\")) {",
									"            pm.test('href is ' + pm.globals.get(\"HREFDO02\"), function() {pm.expect(instance['href']) == pm.globals.get('HREFDO02');});",
									"            pm.test('id is ' + pm.globals.get(\"IDDO02\"), function() {pm.expect(instance['id']) == pm.globals.get('IDDO02');});",
									"            pm.test('name is ' + pm.globals.get(\"NAMEDO02\"), function() {pm.expect(instance['name']) == pm.globals.get('NAMEDO02');});",
									"        }  ",
									"    });",
									"  }",
									"  else {",
									"    var instance = pm.response.json();",
									"    var requiredAttributes = ['href', 'id', 'name'];",
									"      ",
									"        pm.test('Instance has all mandatory attributes', function () { pm.expect(Object.keys(instance)).to.include.members(requiredAttributes) });",
									"      ",
									"      ",
									"      ",
									"        pm.test('Response has href attribute', function() { pm.expect(instance[\"href\"]).to.be.a('string'); });",
									"        pm.test('Response has id attribute', function() { pm.expect(instance[\"id\"]).to.be.a('string'); });",
									"        pm.test('Response has name attribute', function() { pm.expect(instance[\"name\"]).to.be.a('string'); });",
									"      ",
									"        pm.test('Body includes value held on href', function () {",
									"            pm.expect(pm.response.text()).to.include(instance['href']);",
									"        });",
									"        pm.test('Body includes value held on id', function () {",
									"            pm.expect(pm.response.text()).to.include(instance['id']);",
									"        });",
									"        pm.test('Body includes value held on name', function () {",
									"            pm.expect(pm.response.text()).to.include(instance['name']);",
									"        });",
									"        // Individualized tests",
									"        if (instance.id == pm.globals.get(\"IDDO01\")) {",
									"            pm.test('href is ' + pm.globals.get(\"HREFDO01\"), function() {pm.expect(instance['href']) == pm.globals.get('HREFDO01');});",
									"            pm.test('id is ' + pm.globals.get(\"IDDO01\"), function() {pm.expect(instance['id']) == pm.globals.get('IDDO01');});",
									"            pm.test('name is ' + pm.globals.get(\"NAMEDO01\"), function() {pm.expect(instance['name']) == pm.globals.get('NAMEDO01');});",
									"        }",
									"        if (instance.id == pm.globals.get(\"IDDO02\")) {",
									"            pm.test('href is ' + pm.globals.get(\"HREFDO02\"), function() {pm.expect(instance['href']) == pm.globals.get('HREFDO02');});",
									"            pm.test('id is ' + pm.globals.get(\"IDDO02\"), function() {pm.expect(instance['id']) == pm.globals.get('IDDO02');});",
									"            pm.test('name is ' + pm.globals.get(\"NAMEDO02\"), function() {pm.expect(instance['name']) == pm.globals.get('NAMEDO02');});",
									"        }",
									"   ",
									"  }",
									"  ",
									"  "
								],
								"type": "text/javascript"
							}
						}
					],
					"request": {
						"method": "GET",
						"header": [
							{
								"key": "Accept",
								"value": "application/json"
							},
							{
								"key": "Content-Type",
								"value": "application/json"
							}
						],
						"url": {
							"raw": "{{Document}}document",
							"host": [
								"{{Document}}document"
							]
						},
						"description": "This operation search for the created Document"
					},
					"response": []
				},
				{
					"name": "/Document/{{IDDO01}}",
					"event": [
						{
							"listen": "test",
							"script": {
								"exec": [
									"pm.test(\"Status code is 200\", function () {",
									"    pm.response.to.have.status(200);",
									"});",
									"  ",
									"  ",
									"  ",
									"var jsonData = pm.response.json();",
									"  ",
									"if (Array.isArray(jsonData) && (jsonData.length > 0)) {",
									"    jsonData.forEach(function (instance, index) {",
									"      ",
									"        var requiredAttributes = ['href', 'id', 'name'];",
									"      ",
									"        pm.test('Instance has all mandatory attributes', function () { pm.expect(Object.keys(instance)).to.include.members(requiredAttributes) });",
									"      ",
									"      ",
									"      ",
									"        pm.test('Response has href attribute', function() { pm.expect(instance[\"href\"]).to.be.a('string'); });",
									"        pm.test('Response has id attribute', function() { pm.expect(instance[\"id\"]).to.be.a('string'); });",
									"        pm.test('Response has name attribute', function() { pm.expect(instance[\"name\"]).to.be.a('string'); });",
									"      ",
									"        pm.test('Body includes value held on href', function () {",
									"            pm.expect(pm.response.text()).to.include(instance['href']);",
									"        });",
									"        pm.test('Body includes value held on id', function () {",
									"            pm.expect(pm.response.text()).to.include(instance['id']);",
									"        });",
									"        pm.test('Body includes value held on name', function () {",
									"            pm.expect(pm.response.text()).to.include(instance['name']);",
									"        });",
									"        // Individualized tests",
									"        if (instance.id == pm.globals.get(\"IDDO01\")) {",
									"            pm.test('href is ' + pm.globals.get(\"HREFDO01\"), function() {pm.expect(instance['href']) == pm.globals.get('HREFDO01');});",
									"            pm.test('id is ' + pm.globals.get(\"IDDO01\"), function() {pm.expect(instance['id']) == pm.globals.get('IDDO01');});",
									"            pm.test('name is ' + pm.globals.get(\"NAMEDO01\"), function() {pm.expect(instance['name']) == pm.globals.get('NAMEDO01');});",
									"        }",
									"        if (instance.id == pm.globals.get(\"IDDO02\")) {",
									"            pm.test('IDDO02 not expected on this test', function () {",
									"                console.log(\"Non expected resource, may happen if there is a collision on attributes\")",
									"            });",
									"        }",
									"          ",
									"    });",
									"  }",
									"  else {",
									"    var instance = pm.response.json();",
									"    var requiredAttributes = ['href', 'id', 'name'];",
									"      ",
									"        pm.test('Instance has all mandatory attributes', function () { pm.expect(Object.keys(instance)).to.include.members(requiredAttributes) });",
									"      ",
									"      ",
									"      ",
									"        pm.test('Response has href attribute', function() { pm.expect(instance[\"href\"]).to.be.a('string'); });",
									"        pm.test('Response has id attribute', function() { pm.expect(instance[\"id\"]).to.be.a('string'); });",
									"        pm.test('Response has name attribute', function() { pm.expect(instance[\"name\"]).to.be.a('string'); });",
									"      ",
									"        pm.test('Body includes value held on href', function () {",
									"            pm.expect(pm.response.text()).to.include(instance['href']);",
									"        });",
									"        pm.test('Body includes value held on id', function () {",
									"            pm.expect(pm.response.text()).to.include(instance['id']);",
									"        });",
									"        pm.test('Body includes value held on name', function () {",
									"            pm.expect(pm.response.text()).to.include(instance['name']);",
									"        });",
									"        // Individualized tests",
									"        if (instance.id == pm.globals.get(\"IDDO01\")) {",
									"            pm.test('href is ' + pm.globals.get(\"HREFDO01\"), function() {pm.expect(instance['href']) == pm.globals.get('HREFDO01');});",
									"            pm.test('id is ' + pm.globals.get(\"IDDO01\"), function() {pm.expect(instance['id']) == pm.globals.get('IDDO01');});",
									"            pm.test('name is ' + pm.globals.get(\"NAMEDO01\"), function() {pm.expect(instance['name']) == pm.globals.get('NAMEDO01');});",
									"        }",
									"        if (instance.id == pm.globals.get(\"IDDO02\")) {",
									"            pm.test('IDDO02 not expected on this test', function () {",
									"                console.log(\"Non expected resource, may happen if there is a collision on attributes\")",
									"            });",
									"        }",
									"",
									"        ",
									"   ",
									"}",
									"  ",
									"  "
								],
								"type": "text/javascript"
							}
						}
					],
					"request": {
						"method": "GET",
						"header": [
							{
								"key": "Accept",
								"value": "application/json"
							},
							{
								"key": "Content-Type",
								"value": "application/json"
							}
						],
						"url": {
							"raw": "{{Document}}document/{{IDDO01}}",
							"host": [
								"{{Document}}document"
							],
							"path": [
								"{{IDDO01}}"
							]
						},
						"description": "This operation search for one of the created Document"
					},
					"response": []
				}
			]
		},
		{
			"name": "N2",
			"item": [
				{
					"name": "/Document?fields=id",
					"event": [
						{
							"listen": "test",
							"script": {
								"exec": [
									""
								],
								"type": "text/javascript"
							}
						}
					],
					"request": {
						"method": "GET",
						"header": [
							{
								"key": "Accept",
								"value": "application/json"
							},
							{
								"key": "Content-Type",
								"value": "application/json"
							}
						],
						"url": {
							"raw": "{{Document}}document?fields=id",
							"host": [
								"{{Document}}document"
							],
							"query": [
								{
									"key": "fields",
									"value": "id"
								}
							]
						},
						"description": "This operation filter a Document"
					},
					"response": []
				},
				{
					"name": "/Document?id={{IDDO01}}",
					"event": [
						{
							"listen": "test",
							"script": {
								"exec": [
									"pm.test(\"Status code is 200\", function () {",
									"    pm.response.to.have.status(200);",
									"});",
									"  ",
									"  ",
									"  ",
									"var jsonData = pm.response.json();",
									"  ",
									"if (Array.isArray(jsonData) && (jsonData.length > 0)) {",
									"    jsonData.forEach(function (instance, index) {",
									"      ",
									"        var requiredAttributes = ['href', 'id', 'name'];",
									"      ",
									"        pm.test('Instance has all mandatory attributes', function () { pm.expect(Object.keys(instance)).to.include.members(requiredAttributes) });",
									"      ",
									"      ",
									"      ",
									"        pm.test('Response has href attribute', function() { pm.expect(instance[\"href\"]).to.be.a('string'); });",
									"        pm.test('Response has id attribute', function() { pm.expect(instance[\"id\"]).to.be.a('string'); });",
									"        pm.test('Response has name attribute', function() { pm.expect(instance[\"name\"]).to.be.a('string'); });",
									"      ",
									"        pm.test('Body includes value held on href', function () {",
									"            pm.expect(pm.response.text()).to.include(instance['href']);",
									"        });",
									"        pm.test('Body includes value held on id', function () {",
									"            pm.expect(pm.response.text()).to.include(instance['id']);",
									"        });",
									"        pm.test('Body includes value held on name', function () {",
									"            pm.expect(pm.response.text()).to.include(instance['name']);",
									"        });",
									"        // Individualized tests",
									"        if (instance.id == pm.globals.get(\"IDDO01\")) {",
									"            pm.test('href is ' + pm.globals.get(\"HREFDO01\"), function() {pm.expect(instance['href']) == pm.globals.get('HREFDO01');});",
									"            pm.test('id is ' + pm.globals.get(\"IDDO01\"), function() {pm.expect(instance['id']) == pm.globals.get('IDDO01');});",
									"            pm.test('name is ' + pm.globals.get(\"NAMEDO01\"), function() {pm.expect(instance['name']) == pm.globals.get('NAMEDO01');});",
									"        }",
									"        if (instance.id == pm.globals.get(\"IDDO02\")) {",
									"            pm.test('IDDO02 not expected on this test', function () {",
									"                console.log(\"Non expected resource, may happen if there is a collision on attributes\")",
									"            });",
									"        }",
									"          ",
									"    });",
									"  }",
									"  else {",
									"    var instance = pm.response.json();",
									"    var requiredAttributes = ['href', 'id', 'name'];",
									"      ",
									"        pm.test('Instance has all mandatory attributes', function () { pm.expect(Object.keys(instance)).to.include.members(requiredAttributes) });",
									"      ",
									"      ",
									"      ",
									"        pm.test('Response has href attribute', function() { pm.expect(instance[\"href\"]).to.be.a('string'); });",
									"        pm.test('Response has id attribute', function() { pm.expect(instance[\"id\"]).to.be.a('string'); });",
									"        pm.test('Response has name attribute', function() { pm.expect(instance[\"name\"]).to.be.a('string'); });",
									"      ",
									"        pm.test('Body includes value held on href', function () {",
									"            pm.expect(pm.response.text()).to.include(instance['href']);",
									"        });",
									"        pm.test('Body includes value held on id', function () {",
									"            pm.expect(pm.response.text()).to.include(instance['id']);",
									"        });",
									"        pm.test('Body includes value held on name', function () {",
									"            pm.expect(pm.response.text()).to.include(instance['name']);",
									"        });",
									"        // Individualized tests",
									"        if (instance.id == pm.globals.get(\"IDDO01\")) {",
									"            pm.test('href is ' + pm.globals.get(\"HREFDO01\"), function() {pm.expect(instance['href']) == pm.globals.get('HREFDO01');});",
									"            pm.test('id is ' + pm.globals.get(\"IDDO01\"), function() {pm.expect(instance['id']) == pm.globals.get('IDDO01');});",
									"            pm.test('name is ' + pm.globals.get(\"NAMEDO01\"), function() {pm.expect(instance['name']) == pm.globals.get('NAMEDO01');});",
									"        }",
									"        if (instance.id == pm.globals.get(\"IDDO02\")) {",
									"            pm.test('IDDO02 not expected on this test', function () {",
									"                console.log(\"Non expected resource, may happen if there is a collision on attributes\")",
									"            });",
									"        }",
									"",
									"        ",
									"   ",
									"}",
									"  ",
									"  "
								],
								"type": "text/javascript"
							}
						}
					],
					"request": {
						"method": "GET",
						"header": [
							{
								"key": "Accept",
								"value": "application/json"
							},
							{
								"key": "Content-Type",
								"value": "application/json"
							}
						],
						"url": {
							"raw": "{{Document}}document?id={{IDDO01}}",
							"host": [
								"{{Document}}document"
							],
							"query": [
								{
									"key": "id",
									"value": "{{IDDO01}}"
								}
							]
						},
						"description": "This operation filter a Document"
					},
					"response": []
				},
				{
					"name": "/Document?fields=name",
					"event": [
						{
							"listen": "test",
							"script": {
								"exec": [
									""
								],
								"type": "text/javascript"
							}
						}
					],
					"request": {
						"method": "GET",
						"header": [
							{
								"key": "Accept",
								"value": "application/json"
							},
							{
								"key": "Content-Type",
								"value": "application/json"
							}
						],
						"url": {
							"raw": "{{Document}}document?fields=name",
							"host": [
								"{{Document}}document"
							],
							"query": [
								{
									"key": "fields",
									"value": "name"
								}
							]
						},
						"description": "This operation filter a Document"
					},
					"response": []
				},
				{
					"name": "/Document?name={{NAMEDO01}}",
					"event": [
						{
							"listen": "test",
							"script": {
								"exec": [
									"pm.test(\"Status code is 200\", function () {",
									"    pm.response.to.have.status(200);",
									"});",
									"  ",
									"  ",
									"  ",
									"var jsonData = pm.response.json();",
									"  ",
									"if (Array.isArray(jsonData) && (jsonData.length > 0)) {",
									"    jsonData.forEach(function (instance, index) {",
									"      ",
									"        var requiredAttributes = ['href', 'id', 'name'];",
									"      ",
									"        pm.test('Instance has all mandatory attributes', function () { pm.expect(Object.keys(instance)).to.include.members(requiredAttributes) });",
									"      ",
									"      ",
									"      ",
									"        pm.test('Response has href attribute', function() { pm.expect(instance[\"href\"]).to.be.a('string'); });",
									"        pm.test('Response has id attribute', function() { pm.expect(instance[\"id\"]).to.be.a('string'); });",
									"        pm.test('Response has name attribute', function() { pm.expect(instance[\"name\"]).to.be.a('string'); });",
									"      ",
									"        pm.test('Body includes value held on href', function () {",
									"            pm.expect(pm.response.text()).to.include(instance['href']);",
									"        });",
									"        pm.test('Body includes value held on id', function () {",
									"            pm.expect(pm.response.text()).to.include(instance['id']);",
									"        });",
									"        pm.test('Body includes value held on name', function () {",
									"            pm.expect(pm.response.text()).to.include(instance['name']);",
									"        });",
									"        // Individualized tests",
									"        if (instance.id == pm.globals.get(\"IDDO01\")) {",
									"            pm.test('href is ' + pm.globals.get(\"HREFDO01\"), function() {pm.expect(instance['href']) == pm.globals.get('HREFDO01');});",
									"            pm.test('id is ' + pm.globals.get(\"IDDO01\"), function() {pm.expect(instance['id']) == pm.globals.get('IDDO01');});",
									"            pm.test('name is ' + pm.globals.get(\"NAMEDO01\"), function() {pm.expect(instance['name']) == pm.globals.get('NAMEDO01');});",
									"        }",
									"        if (instance.id == pm.globals.get(\"IDDO02\")) {",
									"            pm.test('IDDO02 not expected on this test', function () {",
									"                console.log(\"Non expected resource, may happen if there is a collision on attributes\")",
									"            });",
									"        }",
									"          ",
									"    });",
									"  }",
									"  else {",
									"    var instance = pm.response.json();",
									"    var requiredAttributes = ['href', 'id', 'name'];",
									"      ",
									"        pm.test('Instance has all mandatory attributes', function () { pm.expect(Object.keys(instance)).to.include.members(requiredAttributes) });",
									"      ",
									"      ",
									"      ",
									"        pm.test('Response has href attribute', function() { pm.expect(instance[\"href\"]).to.be.a('string'); });",
									"        pm.test('Response has id attribute', function() { pm.expect(instance[\"id\"]).to.be.a('string'); });",
									"        pm.test('Response has name attribute', function() { pm.expect(instance[\"name\"]).to.be.a('string'); });",
									"      ",
									"        pm.test('Body includes value held on href', function () {",
									"            pm.expect(pm.response.text()).to.include(instance['href']);",
									"        });",
									"        pm.test('Body includes value held on id', function () {",
									"            pm.expect(pm.response.text()).to.include(instance['id']);",
									"        });",
									"        pm.test('Body includes value held on name', function () {",
									"            pm.expect(pm.response.text()).to.include(instance['name']);",
									"        });",
									"        // Individualized tests",
									"        if (instance.id == pm.globals.get(\"IDDO01\")) {",
									"            pm.test('href is ' + pm.globals.get(\"HREFDO01\"), function() {pm.expect(instance['href']) == pm.globals.get('HREFDO01');});",
									"            pm.test('id is ' + pm.globals.get(\"IDDO01\"), function() {pm.expect(instance['id']) == pm.globals.get('IDDO01');});",
									"            pm.test('name is ' + pm.globals.get(\"NAMEDO01\"), function() {pm.expect(instance['name']) == pm.globals.get('NAMEDO01');});",
									"        }",
									"        if (instance.id == pm.globals.get(\"IDDO02\")) {",
									"            pm.test('IDDO02 not expected on this test', function () {",
									"                console.log(\"Non expected resource, may happen if there is a collision on attributes\")",
									"            });",
									"        }",
									"",
									"        ",
									"   ",
									"}",
									"  ",
									"  "
								],
								"type": "text/javascript"
							}
						}
					],
					"request": {
						"method": "GET",
						"header": [
							{
								"key": "Accept",
								"value": "application/json"
							},
							{
								"key": "Content-Type",
								"value": "application/json"
							}
						],
						"url": {
							"raw": "{{Document}}document?name={{NAMEDO01}}",
							"host": [
								"{{Document}}document"
							],
							"query": [
								{
									"key": "name",
									"value": "{{NAMEDO01}}"
								}
							]
						},
						"description": "This operation filter a Document"
					},
					"response": []
				}
			]
		},
		{
			"name": "E1",
			"item": [
				{
					"name": "/Document/404ID",
					"event": [
						{
							"listen": "test",
							"script": {
								"exec": [
									"pm.test(\"Status code is 404\", function () {",
									"    pm.response.to.have.status(404);",
									"});",
									"",
									""
								],
								"type": "text/javascript"
							}
						}
					],
					"request": {
						"method": "GET",
						"header": [
							{
								"key": "Accept",
								"value": "application/json"
							},
							{
								"key": "Content-Type",
								"value": "application/json"
							}
						],
						"url": {
							"raw": "{{Document}}document/5777f99e-5469-4c70-94f4-fa1c9bb3a60c",
							"host": [
								"{{Document}}document"
							],
							"path": [
								"5777f99e-5469-4c70-94f4-fa1c9bb3a60c"
							]
						},
						"description": "This operation search for one of the created Document"
					},
					"response": []
				}
			]
		}
	]
}